1193523	ba	ba	ba	ba	ba	ba	ba	Government Printing Office, 2000). March	has a The printing office. Government	ba	neutral
1236995	ba	ba	ba	ba	ba	ba	ba	contains paintings. fusuma Equal, Temple Daisen-in, painted Without Zen splendid panels) the wall and (sliding	temple Daisen-in decorations or with is few adornments. a very very somber	ba	neutral
1105881	ba	ba	ba	ba	ba	ba	ba	earth of trial conjugal Who but restorer murder as of Poirot on for thought would happiness! have a a	The couple trial shared together to might tribulations. due bring a closer murder	ba	entailment
1321277	ba	ba	ba	ba	ba	ba	ba	time. monitoring over performance	and Watching over time. recording performance	ba	neutral
1034687	ba	ba	ba	ba	ba	ba	ba	The and on the two popularity Practice books creator, of A Anna Culture , has celebration, . gained also and Kwanzaa, And African Celebration Karenga, Concepts, Celebration Wilde in American Community Day No. of describes Interest Public holiday Origin, the Kwanzaa's Family, written how in Mainstreaming	holiday created Kwanzaa. Karenga of the	ba	entailment
1256483	ba	ba	ba	ba	ba	ba	ba	the installing if browser. is attendance not different General Attorney one ask to that a reporter ventured astounded tried Today's in Papers had	good did the job. People a do very reporters not think	ba	neutral
1191493	ba	ba	ba	ba	ba	ba	ba	ancestors Festival honor banquets, and Chinese with opera. The Chinese of prayers, Hungry	celebrate society. of The Chinese members the their young	ba	entailment
1374571	ba	ba	ba	ba	ba	ba	ba	back although uh haven't very there be last with oh the of up um couple the they'll well they years Dallas Cowboys but done	of to returning Dallas Cowboys glory. The capable are	ba	neutral
1120838	ba	ba	ba	ba	ba	ba	ba	Paris, a to was where out going made for passport had been 32 join the she staff Her hospital. of	hospital to was going passport. she processed work Paris The her at	ba	entailment
1292771	ba	ba	ba	ba	ba	ba	ba	that verifying other by recording sampling system sources. could the through acceptance include the that receipt of might and tested electronic was of Aspects supported be	could be example, system employees' tested the could the be, work. regarding for What	ba	entailment
1014009	ba	ba	ba	ba	ba	ba	ba	you're 'Where do think you going?'	don't care if you I leave.	ba	neutral
1012170	ba	ba	ba	ba	ba	ba	ba	genuinely Nerds threatening. are	fear to about There's nerds. nothing	ba	entailment
1068682	ba	ba	ba	ba	ba	ba	ba	conditioning if mostly needs that air hire know he that like you the something we do out um it's to just to or he what does but ducts major cleaning out something	but house, handy it's instead. He something around someone if we does work the hire some major	ba	entailment
1201675	ba	ba	ba	ba	ba	ba	ba	Forbes Republicans get periodically slaps Congress for or out! real in Get	real get out. Republicans for or the Forbes dislikes Get	ba	entailment
1207894	ba	ba	ba	ba	ba	ba	ba	use delays software indicators. management identifying of or techniques development Appendix guide cost II describes this to known overruns, as metrics in of and collectively risks	development Along teaching hardware identify to guide teaches with how identify development to risks. software you you this risks, also	ba	entailment
1009835	ba	ba	ba	ba	ba	ba	ba	contrast, Congress, by favored usually opposed protectionist Democrats liberal Republicans engagement and while generally with China, in constructive it.	engagement and but it. opposed mostly with protectionist Democrats were China, of Congress in Republicans generally in Liberal the favor	ba	neutral
1205817	ba	ba	ba	ba	ba	ba	ba	Rep. country, called the White The for huge and House cuts a the risk	White would country. that cuts House negative the effects claimed on The the have	ba	neutral
1215457	ba	ba	ba	ba	ba	ba	ba	dinner can by the restaurant. from making to your an way You beach for build appetite the	lots beach provides The of delights.	ba	neutral
1365560	ba	ba	ba	ba	ba	ba	ba	i see ever don't i my mom now when run general i where yes kids a as kid had and i would you was between even and time back idea i that yard blocks the can't sometimes my was the was of my let three and i front can't a long out four as and on them neighbors	by themselves. let my want children they go wherever I	ba	neutral
1138484	ba	ba	ba	ba	ba	ba	ba	understand. ”I I don't	I understand.	ba	neutral
1123661	ba	ba	ba	ba	ba	ba	ba	deflater and Los Angeles' and of fellow The up ganging are critics Marxist Mike Davis, social delusions. critic dreams the on MacArthur	coming are Davis. The against Mike critics together	ba	neutral
1007620	ba	ba	ba	ba	ba	ba	ba	from is difficult here. It follow to know direction which to	simple way is your from It here. find to	ba	entailment
1094596	ba	ba	ba	ba	ba	ba	ba	tell what. you I	tell opinion. you Let me my	ba	neutral
1270597	ba	ba	ba	ba	ba	ba	ba	Terminator The hearts. decorates and ceramics flowers, butterflies, with his	do A artworks. name tough to guy delicate likes a with	ba	neutral
1016739	ba	ba	ba	ba	ba	ba	ba	and and we've the garbage outside the that can have now right the the got for there is where bag the bag newspapers place we for bags plastic the	for had We a bag before. newspapers	ba	neutral
1334925	ba	ba	ba	ba	ba	ba	ba	the New an the urgent Dean nation's Civil Glen cited pro bono need, of As York, busiest. Court of example	York Civil New always hasn't of the been Court The busiest. nation's	ba	entailment
1090089	ba	ba	ba	ba	ba	ba	ba	end And to how it?	How finish do minutes? next you in the it 5	ba	entailment
1080685	ba	ba	ba	ba	ba	ba	ba	there's sight. or in shrine a no palace not is not museum, It and a temple,	The space beautiful teemed architecture. with	ba	entailment
1033387	ba	ba	ba	ba	ba	ba	ba	to on taxes as it have steal then might well pay don't they it they	able at on makes well to as no the Not expense. they taxes be item me it might believe take paying	ba	entailment
1361522	ba	ba	ba	ba	ba	ba	ba	"added out had moved Bartolome of th' if be for think 'no' ""I sayin'. that hearing, it'd When had hombre benefit: Drew's he"	"if hombre told th' 'no' that He be ""I Bartolome: had it'd think sayin'."	ba	neutral
1383550	ba	ba	ba	ba	ba	ba	ba	users with passage linking its torture moved doom, (now supposedly Ducal The the sigh on the off-limits). their to celebrated to prisons, chambers to way the palace	deal to The passageway was aristocrats. built the with unfaithful by king	ba	neutral
1105492	ba	ba	ba	ba	ba	ba	ba	and that's not four a that's year that's wow bad something that's hundred	pay six per year. hundred We over	ba	entailment
1191230	ba	ba	ba	ba	ba	ba	ba	of time feasting. was there this a people weeks exuberant processions, of Egypt were the dancing, For and and two of celebration	were two During every day. feasts the weeks held single celebrations, of	ba	neutral
1081118	ba	ba	ba	ba	ba	ba	ba	service group lawyers to facing tradition its holidays. a this eviction providing a just goodwill local doing of before of week the And best has free to its been people legal to add	highest the around Eviction the holidays. rates are	ba	entailment
1347104	ba	ba	ba	ba	ba	ba	ba	the truth have home the more done. brought than else the anything of Still, presence detectives could him to	the very thing whole the of presence maids The serious. made	ba	entailment
1263870	ba	ba	ba	ba	ba	ba	ba	hell wonder- the of kind are what 'You you?' sometimes I know, publicist	I are. type wonder astrologist to of you have what	ba	entailment
1053883	ba	ba	ba	ba	ba	ba	ba	the fine Kal. A soldier, said display, old	man was complimented. The	ba	neutral
1243537	ba	ba	ba	ba	ba	ba	ba	been to into Boston uh there during the yeah year yeah thing last few i and um out times a the July Fourth i was went of	for I President's was in last Day year. Boston	ba	entailment
1042874	ba	ba	ba	ba	ba	ba	ba	these have couldn't they kids been of yeah were young too out school middle	age, their Due we to service. recommend community	ba	entailment
1216526	ba	ba	ba	ba	ba	ba	ba	plant the availability given percent available at is assures the about to impact of the down), and shut capacity of also no 83 during plant any most that there all. time (only is boiler This is at approach least time one at	of available. capacity plant the is A of minimum percent 83	ba	entailment
1259840	ba	ba	ba	ba	ba	ba	ba	i and or than clothing is nearly in the can uh men's situation you least sports than than slacks can clothing nearly at coats lot all varied a wear uh and uh think my see men round i more year um same because uh ladies	usually year-round. wear Men coats slacks and sport	ba	entailment
1262135	ba	ba	ba	ba	ba	ba	ba	Christopher cane. buy a renown, any sailor yet an Columbus, to sugar to on not assignment sailed Madeira of	purchase cane. to Columbus Madeira sailed to sugar	ba	entailment
1296208	ba	ba	ba	ba	ba	ba	ba	of its rest are the rent for There the entrance outside exploring park. bikes for	there are You but won't spaceships outside for bikes its find entrance. rent	ba	neutral
1001704	ba	ba	ba	ba	ba	ba	ba	hills. Repulse green a roomy, inlet The crescent, Bay, sandy is with next	name, despite sees each amounts year. tourists of its Repulse Bay, large	ba	neutral
1295231	ba	ba	ba	ba	ba	ba	ba	that player university checkers who lost previously considered math to had him. of because rematch of time, the of retired teacher to a weaker Tinsley, version had pancreatic a the withdraw killed A eventually 1994 greatest all Chinook Marion from cancer the legendary	Marion due died young at a Tinsley cancer. pancreatic to age	ba	neutral
1226437	ba	ba	ba	ba	ba	ba	ba	up.' 'Shut	entered They room our us give possible, soon shut all as or the hear we else had they as to away up location. would and and	ba	neutral
1297893	ba	ba	ba	ba	ba	ba	ba	dueling painters on etc.--under playing in in vase, Zeuxis fresh changed Table 1961). the shapes--wine an Spiral caterer , by and York Mario conceals 1982), Christo, of a table bottle, familiar ( Merz, a Those Greek drapery of the Cezannesque a with while return role, daily fruit, Parrhasios, guise, canvas as Package ( a covers vegetables new glass a array , Table New	one painter There was only ever.	ba	entailment
1148043	ba	ba	ba	ba	ba	ba	ba	when of of wet friend for His arrived, the him handing cheek. a for piece meat swelling him cheered his	swelling She gave him a ice his the leg. pack of in for	ba	neutral
1210679	ba	ba	ba	ba	ba	ba	ba	him she olf older baker, was when saying the an told man anything be who a with would Monday. child next thick eight years without listened neck, The	The birthday next have child would their Monday. eighth	ba	neutral
1124960	ba	ba	ba	ba	ba	ba	ba	du Saint-Michel, Jardin the Further is from river, Boulevard the up away large Luxembourg.	du right Luxembourg Jardin the river's banks. on is	ba	entailment
1288916	ba	ba	ba	ba	ba	ba	ba	Madeirans, like are a and quiet people. Portuguese, generally reserved most	and The are friendly. very people noisy Portuguese	ba	entailment
1128395	ba	ba	ba	ba	ba	ba	ba	was by ornate the Light supplied roof were covered covers. wooden via in a dome as (schukhsheikha) windows the	glass it. stained had roof dome in The	ba	entailment
1157667	ba	ba	ba	ba	ba	ba	ba	of catch town here car into way gondola the and cable mountains up little sulfurous the smoking, valley. the there the the from to to Sozan and Owakudani ride Gora, Visitors across on the stop to	way Visitors the stop to Gora. on not do	ba	entailment
1290561	ba	ba	ba	ba	ba	ba	ba	disappear. or to content either Instead, significantly on one the decrease would expect emphasis	would content at significantly. on be Emphasis to, decrease least, expected	ba	neutral
1229461	ba	ba	ba	ba	ba	ba	ba	trendy Road, and spot Stauton around streets. (SOuth HOllywood) is of Elgin, Soho Today's Hollywood	of miles two is Hollywood. spot trendy Soho, Today's south	ba	entailment
1062768	ba	ba	ba	ba	ba	ba	ba	12. the 1994, had figure By reached	had 12 1994. reached figure The by	ba	neutral
1361001	ba	ba	ba	ba	ba	ba	ba	mixed her. Melfi, I've about As always had for feelings	decide can't I feelings positive for or if negative melfi. I have	ba	neutral
1385107	ba	ba	ba	ba	ba	ba	ba	comfortable a with I do the not punch feel to that But line alludes plunger.	punchline. plunger the is The	ba	entailment
1258615	ba	ba	ba	ba	ba	ba	ba	a it's some yeah uh right so right in problem plant the to never uh summer things stimulator down	summer in the down. plant to never It the is is if things stimulator bad	ba	entailment
1078401	ba	ba	ba	ba	ba	ba	ba	In decades persecution Diaspora seeking century, the Jews to thousands the of from 19th refuge immigrated last of the many of Palestine.	thousands Palestinian outnumbered of the immigrating. by people Jews were	ba	entailment
1117689	ba	ba	ba	ba	ba	ba	ba	together, stay we all. kill If can we them	them kill all We together. staying can by	ba	entailment
1321804	ba	ba	ba	ba	ba	ba	ba	me. about enough But	me. Let's stop talking about	ba	entailment
1162783	ba	ba	ba	ba	ba	ba	ba	hobby it's uh the yeah peculiar sold a yeah it's the and it in to sell nurseries a stores but they got of smell kind	might The have store it. not hobby	ba	entailment
1126226	ba	ba	ba	ba	ba	ba	ba	In INSURANCE, a home the IS THE NOT drove HEALTH the Reporters 'VOUCHERS. PLAN SUPPORT debate, after BRADLEY National campaign FOR Memo to Bradley's	idea insurance, not Bradley's a Bradley for debate. to a pushed campaign was The reporters system the support memo national vouchers, an Plan after along being health in by	ba	entailment
1191372	ba	ba	ba	ba	ba	ba	ba	the Alexander Solzhenitsyn a is hospital. cardiac of in Moscow unit intensive-care	Solzhenitsyn children's a Boston. in unit Alexander hospital in at is the	ba	entailment
1392533	ba	ba	ba	ba	ba	ba	ba	A American on in hours battalions at began fleet Kong; Kai after an minutes. at the dozen assault destroyed 1941, on minimal Hong within five Japan's December force Pearl attack Hong Japanese Kong's Tak air airfield a Harbor the few was on	the person. same attacks by Both coordinated were	ba	entailment
1086740	ba	ba	ba	ba	ba	ba	ba	Kom miles) Aswan to closest south Ombo km of Edfu. Temple ' lies some 60 (37	The Ombo minor a Egyptians. is for the Temple temple Kom	ba	neutral
1085221	ba	ba	ba	ba	ba	ba	ba	all, or Nothing at to them enough just make dangerous.	them at Nothing a to all, significant make and risk. nothing	ba	entailment
1267039	ba	ba	ba	ba	ba	ba	ba	"do to to be if them told I've she ""Will apart she keep able 62 can. Mary so?"""	within told to task be well together; seems been which Mary's her a to them capabilities. keep	ba	neutral
1159522	ba	ba	ba	ba	ba	ba	ba	hotlines. victims or contacted than crisis shelters 12,000 More	only come their shelter. to 12 had victims They	ba	neutral
1299343	ba	ba	ba	ba	ba	ba	ba	(FIFO) first produced first goods be FIRST-OUT flow cost A assumption; the sold. or the are to FIRST-IN, - assumed purchased goods	works on first-in basis. This method last-out a	ba	entailment
1132549	ba	ba	ba	ba	ba	ba	ba	a as fabricator. Hersh smear absolutist followers His	times he doubt his what people Hersh says. making multiple changed story has	ba	neutral
1036354	ba	ba	ba	ba	ba	ba	ba	Minimizing information. in interviews will for result less sets obtaining question	result sets question will much in less Larger getting information.	ba	entailment
1291831	ba	ba	ba	ba	ba	ba	ba	"he did later in here face. was go frown of of Carter."" the his the who A was few name presence on by the a man minutes There ""Mr. not"	to the moment, real sitting Mr. was In Carter. opposite he a	ba	entailment
1217494	ba	ba	ba	ba	ba	ba	ba	religious some, of sort mumbo-jumbo.... Still, had set scientists up a to if	religion... if to destroy scientists the Still, idea of had	ba	neutral
1329684	ba	ba	ba	ba	ba	ba	ba	number stations exist for contract also of retail A services.	Retail contracts need services	ba	neutral
1316702	ba	ba	ba	ba	ba	ba	ba	the fortifications, from lasting repairing their rule. remnants islands' few left the Ottomans of Apart	was constructed A wall the coast. foreboding along	ba	neutral
1337182	ba	ba	ba	ba	ba	ba	ba	is this keep It … madness to book.	to is irrational store It this here. book	ba	entailment
1025894	ba	ba	ba	ba	ba	ba	ba	and this agents wash water, detergents clothes but temperatures. in is type way are work prevent many bleaching water, all cold colder cold in completely of to ineffective to loss in poorly One color	in occur colder water. not does loss Color	ba	neutral
1305872	ba	ba	ba	ba	ba	ba	ba	the Valley the stone wandering shops and and Eden spend the among antiques and Settle. Dales Park historic views National then Passengers time can of Yorkshire buildings of curio spectacular and some the see	Most National first of that and the the shops. visitors to visit after visit Yorkshire the Dales choose Park,	ba	entailment
1060400	ba	ba	ba	ba	ba	ba	ba	back was in arched, with her with shape the molded guard of silver her feet pommel hands. the touching the swords guard woman, from The and her a	It a the of holding weapons. shape female had figure consisting	ba	neutral
1326218	ba	ba	ba	ba	ba	ba	ba	wheel my those sixes or a an nine i one something or guess got um front Chrysler dad's V it's other ninety eighty mounted transverse uh drive it's new	father just brand truck. new a My bought Toyota	ba	neutral
1039286	ba	ba	ba	ba	ba	ba	ba	what to and or them even support children i get don't our not whether three what children don't and unsympathetic we too them Indiana i to right really we have own concerned they're the that i'm i with we ten critical not and about a our to bit you're that little a to say happens but have small so thousand they had ought afford who from i what if of know world have limited be town in that's people but not family think could do of have help uh-huh absolutely saying here for i'm children raise what regardless control is do like we help birth i regardless i feel their didn't fair and to five ought i families	raise my so why I others? children, offered me Nobody help to own should help else	ba	entailment
1318235	ba	ba	ba	ba	ba	ba	ba	tell the you. suspecting started that's off me you truth, To what	made hesitation and a attitude you Your suspect. prime	ba	entailment
1250520	ba	ba	ba	ba	ba	ba	ba	i get not an you yeah with nice in it's at the for yeah a old tired go a or kid and you have two kid know and three year the well preschoolers and least backyard something really when it's year at it they they i old when know play lately can so appreciate pits can't go two the hour um-hum out i	play to the weather. tiring to two outside have of go because kids can't that It's	ba	neutral
1029262	ba	ba	ba	ba	ba	ba	ba	most radio editorials. that practical Forbes As situation matter, drop the would simply a stations in	the drop Forbes to would that Most radio situation editorials. refuse stations in	ba	entailment
1303128	ba	ba	ba	ba	ba	ba	ba	yeah i'm i yeah will sure	definitely will No, I not.	ba	entailment
1184076	ba	ba	ba	ba	ba	ba	ba	good works pretty then	That well then. works	ba	entailment
1264551	ba	ba	ba	ba	ba	ba	ba	we we you then your cans it go like yeah and weigh they the and for where ones our the cans aluminum hm all ones it separates the belt from steel a what conveyor because unload a magnet uh is cans um your we aluminum belt has places we money of we do then have get on aluminum it's and and	aluminum can every bring you nickel you in a for get	ba	entailment
1357272	ba	ba	ba	ba	ba	ba	ba	and the equipment relatively effort SCR involved projects. need construction to more and FGD Therefore, for the compared modest is	effort high. very is construction THe	ba	neutral
1191838	ba	ba	ba	ba	ba	ba	ba	through by 603(b)(1) The provides the analysis paragraphs (b)(3). required information	provides only the part of analysis The information.	ba	entailment
1052101	ba	ba	ba	ba	ba	ba	ba	"gittin' of fightin' There's it"" been is mad pile folks a 'bout an'"	about are getting the People mad fighting.	ba	entailment
1291349	ba	ba	ba	ba	ba	ba	ba	revising interested the requests process This format followed major and the exposure standards, parties proposed draft, this on changes, letter comments outlines proposed summarizes these the describes of revisions. from in	standard revisions. for be followed to is no There	ba	entailment
1227658	ba	ba	ba	ba	ba	ba	ba	pursuing opportunities the and obtaining clearly fully Congress, experience oversight-all of the important decisionmaking, to assistance Without an Congress informed elements GAO undertaking and Congress' the options, responsibilities. the lose of broadbased constitutional of array support for would	receive need support. and does Congress any GAO does not not	ba	neutral
1319243	ba	ba	ba	ba	ba	ba	ba	when reported. data, entities reporting instances be In need only historical those have year current data unusual no	include historical if they have even no Always entities, data.	ba	neutral
1388833	ba	ba	ba	ba	ba	ba	ba	my a still door bus. I for the a woman a offer when up seat and room, open her, on get enters	I around. gentleman there when women like are behave still a	ba	neutral
1039807	ba	ba	ba	ba	ba	ba	ba	'Can't way.' go that	road you or will down that die! go Can't	ba	neutral
1348259	ba	ba	ba	ba	ba	ba	ba	What he though? had, if	he if the were What consequences had?	ba	neutral
1194572	ba	ba	ba	ba	ba	ba	ba	delivery over watch better a and deal can area. can Such the carrier irregularities with	to make delivered sure want They it time. on is	ba	neutral
1141935	ba	ba	ba	ba	ba	ba	ba	Meanwhile, aesthetic effusion Heian an blossomed court expression. of life in	Heian creativity. with life overflowed artistic court and expression	ba	neutral
1126500	ba	ba	ba	ba	ba	ba	ba	Garland about over in i'm another block and Dallas	Italy I'm in	ba	entailment
1316182	ba	ba	ba	ba	ba	ba	ba	country-Western music. was A radio playing	folk The to radio tuned music the station. was	ba	entailment
1110846	ba	ba	ba	ba	ba	ba	ba	to to high old-timey shoes wear yeah you old used tennis they that yeah top to might old those go have	high-top wore previously They never shoes.	ba	neutral
1319179	ba	ba	ba	ba	ba	ba	ba	HUD preamble rule that other section the Federal with final to states The required agencies, by consulted 8(c)(5). as	required 8(c)(5) other section consult HUD to was Federal with by agencies.	ba	entailment
1148172	ba	ba	ba	ba	ba	ba	ba	be the because it don't of get hills rid not have i'm that here else of up to will i'll sure lug around to get rid able if the trailer i i uh what	trailer. of the going have get rid to to I'm	ba	entailment
1164402	ba	ba	ba	ba	ba	ba	ba	now i know they Texas just the that's know know so i like you but you bad	will If maybe one does states. state for other it work it,	ba	neutral
1277181	ba	ba	ba	ba	ba	ba	ba	integrity deterrent that a otherwise and for could be be can significant achieved. a program not also provide of They level	a on they If are can be deterrent. significant personnel right the board,	ba	entailment
1277991	ba	ba	ba	ba	ba	ba	ba	Little fool.	Ignorant child.	ba	entailment
1304355	ba	ba	ba	ba	ba	ba	ba	from problematic of described can the become inherent variability analysis any interpretation data in unavoidable the However, the tests this toxicity of of of biological the results manual and because anomalies the data. of the sometimes in	variability sometimes ben have and inherent anomalies. unavoidable Biological to data known have	ba	neutral
1207378	ba	ba	ba	ba	ba	ba	ba	you rewallpapering just try you we didn't uh	attempted even rewallpapering. You never	ba	neutral
1297732	ba	ba	ba	ba	ba	ba	ba	'Not...not said. necessarily,' Derry	said it necessarily so. Derry wasn't	ba	neutral
1138177	ba	ba	ba	ba	ba	ba	ba	suspicious and expressions. me fixed lowered their They with Gauntlets	at shooting They me. began	ba	entailment
1180461	ba	ba	ba	ba	ba	ba	ba	of equally pleasing. 32 are garden acres) hectares The (80	trees walnut Oak line the the paths and of winding garden.	ba	neutral
1374802	ba	ba	ba	ba	ba	ba	ba	matters on his will Intel's but what about in or prospects cuts cut the his right not Kurlak is that regardless. stock that the wrong rating Intel, drop he's rating When	one is right wrong, on everyone cares Kurlak agrees really if No that. or	ba	neutral
1382023	ba	ba	ba	ba	ba	ba	ba	alive. not He's a program, nearly even simple very	completely The program alive. is	ba	entailment
1233204	ba	ba	ba	ba	ba	ba	ba	span is m unsupported 1,006 bridge in The ft) single, a length. (3,300	The a m. 1,006 bridge has length of	ba	neutral
1348905	ba	ba	ba	ba	ba	ba	ba	_your_ field you would on had have world; a _him_ all? Why six tentacles, pseudopods found on him legs, sleeping you red if on found not? What wandering and native done Earth,	feet alien The was six with humanlike gray and tall form.	ba	entailment
1111183	ba	ba	ba	ba	ba	ba	ba	central where the family is building the lived. royal of The section	servants lived outside the building. family royal The the to of	ba	neutral
1117396	ba	ba	ba	ba	ba	ba	ba	Small statement provided that 605(b) (SBA). for shall Chief and Counsel Administration explanatory the to certification the Section Business states be the Advocacy of	can found. 605(b) be not Section is and non-existent	ba	entailment
1187009	ba	ba	ba	ba	ba	ba	ba	CIOs of any acquisition. elements incorporate not technology data their While all have management, systems hands-on infrastructure and processing, such responsibility, necessarily as of all management, information or and also operational may purview the	and but of do not They data might all deal be the they with processing hands-on management systems. the of	ba	entailment
1081293	ba	ba	ba	ba	ba	ba	ba	flank, base attractiveness. the while is real its Asia's the could ethnic Central there limit a Taliban's southern destabilize However, may that restricted fighting danger	could The Central make Asia unstable. war	ba	neutral
1182171	ba	ba	ba	ba	ba	ba	ba	You there can and take hide shelter.	the shelter. cave can and hide You in take	ba	entailment
1371664	ba	ba	ba	ba	ba	ba	ba	simple IV Scottish favor lodgings into the a royal the decided came site, palace. true to to James transform was and it kings who	worthy but how Many and came place due to loved to it, the was. to far transform it none thought enough it kings	ba	entailment
1295493	ba	ba	ba	ba	ba	ba	ba	Countryside and City	Suburban, Rural Urban, and	ba	neutral
1327756	ba	ba	ba	ba	ba	ba	ba	so announcement as delayed to strike until the influence UPS settled, the outcome. The its official not was	the strike announcement over. The official was until make the didn't	ba	neutral
1193957	ba	ba	ba	ba	ba	ba	ba	town Kef is and Fena a of scum villainy.	is with Fena Kef people. horrible filled	ba	neutral
1122807	ba	ba	ba	ba	ba	ba	ba	of River annexed after the came name The 1950. the designation in of was the Jordan land west by about Jordan	beautiful is river a landmark. Jordan The	ba	entailment
1073658	ba	ba	ba	ba	ba	ba	ba	she did and really that with good	really her. for was good That	ba	neutral
1004354	ba	ba	ba	ba	ba	ba	ba	much he their first He than had fought time. better	second time the much He boxing around. ring the was in better	ba	entailment
1050980	ba	ba	ba	ba	ba	ba	ba	villages, of bear countryside, Alsace, towns the The of Picardy, scars and Lorraine many wars. and Flanders,	and seen been by towns war. or had villages affected The never	ba	neutral
1263947	ba	ba	ba	ba	ba	ba	ba	executive of examples GAO branch some the Congress financial has the helped and that following the illustrate The benefits	from of GAO's resulted assistance. There are the that financial benefits examples	ba	entailment
1042896	ba	ba	ba	ba	ba	ba	ba	up hey and are much good realizing stand let's that it have and worldwide become that that i more agree so that i don't communication so uh has now that so we the you people widespread know communication	No fit. sure where they one is	ba	neutral
1046480	ba	ba	ba	ba	ba	ba	ba	a real, he at getting hearing. and is was not monotonously of he that but real hearing had Saxton's that statement is partisan attacked chance Reich's no but this complaint	chance was sided to no speak. he truthful. that complaint Saxton's Reich's but got statement one is	ba	neutral
1204849	ba	ba	ba	ba	ba	ba	ba	designer priest has (himself Gese) Andrea into at saint's paradise. entry St. a trompe (1685) of the Inside, tomb the a and Pozzo fresco ceiling Jesuit superb painted depicting Ignatius' l'oeil	painted The Jesuit was priest. fresco by ceiling a	ba	entailment
1099826	ba	ba	ba	ba	ba	ba	ba	connection I that real the now this by is I know ... vexed am messiah	identity led has vexing The messiah to of the a real connection.	ba	entailment
1266538	ba	ba	ba	ba	ba	ba	ba	somehow into connect modem them well uh to uh a	Connect the somehow. TV	ba	neutral
1320043	ba	ba	ba	ba	ba	ba	ba	additional be addition for processing or may light, the used waste in steel, preparation structural the to steel or (e.g. and limestone of area In byproducts gallery,	limestone the can alongside used light. Steel preparation additional be in	ba	neutral
1364861	ba	ba	ba	ba	ba	ba	ba	feeling stomach that said about Gods, he twisting wishing fight. heard his and hadn't Ca'daan,	hearing sick Ca'daan the his stomach fight. after to felt about	ba	entailment
1329280	ba	ba	ba	ba	ba	ba	ba	do to his see, pleadingly, no you, look stricken choice the You a to John friends? you right dictate her don't of glanced face. at my as to on have me that	any friends. John want have her to didn't	ba	entailment
1129641	ba	ba	ba	ba	ba	ba	ba	and oldest can't responsibilities really can half responsibilities and year feeding them my many and so half a but of the is old the some part she a in see quite maybe of take take my five of a three part uh	up already are taking responsibilities. My kids	ba	neutral
1326937	ba	ba	ba	ba	ba	ba	ba	it go the of good i where does is they yeah all know to where stuff have grow yeah it some like	be supermarket. can Everything the at purchased	ba	neutral
1029378	ba	ba	ba	ba	ba	ba	ba	a old behind oak. name, old crone, table The was of Sakes her sat	oak brother. by her table to Sakes old sat was her given that behind an down	ba	neutral
1093962	ba	ba	ba	ba	ba	ba	ba	heart Her strong. far was from	did have not heart. strong a She	ba	entailment
1064658	ba	ba	ba	ba	ba	ba	ba	that's one of really twenty uh are are some that's them extreme which to some really not and of them eighteen high good uh compared	to of really large Some one, as numbers, twenty consider. are such the	ba	entailment
1203100	ba	ba	ba	ba	ba	ba	ba	and components, reserve 1.5 major men members women the Marine about Corps, service 1 employees. Army, civilian Air active million Force-consist 900,000 about million duty, DOD's of brancHe's-the of and and Navy, on	are people about 1.5 who actively million serve. There	ba	neutral
1162207	ba	ba	ba	ba	ba	ba	ba	in Irish to Street, first of the popular Eustace with cafe/bar. Film was The these Centre its open	on The is located Street. in Doyle Irish Film Centre	ba	entailment
1278364	ba	ba	ba	ba	ba	ba	ba	payments be address in federal agencies other appendix that in their Also, their III efforts sources improper programs. identifies of to useful information to may	payments be find agencies they helped Some improper to federal received. can	ba	neutral
1204733	ba	ba	ba	ba	ba	ba	ba	here on band.) presentation (Click multimedia a to watch the	presentation the multimedia you show Clicking band. will here a on	ba	neutral
1018561	ba	ba	ba	ba	ba	ba	ba	their reply Republicans bad debunking they're country bad president. thwarting administered a by and policy a serving that by	thwarting administered president. dangerous with by and reply debunking they a economic county Republicans serve that their policies bad	ba	neutral
1170114	ba	ba	ba	ba	ba	ba	ba	of benefit? the case latter the us except in difference, all What's	latter benefit No case. one will the in	ba	entailment
1034670	ba	ba	ba	ba	ba	ba	ba	America's by children poverty. are affected particularly	by poverty unaffected are children Americas	ba	entailment
1329965	ba	ba	ba	ba	ba	ba	ba	additional near be will Dates future. for three selected in the visits	last be no the was visit, more. This there will	ba	entailment
1354065	ba	ba	ba	ba	ba	ba	ba	until of the the killing did the world The extent fact. reports full after outside not know	were killers. opposition released from the reports with The	ba	neutral
1218064	ba	ba	ba	ba	ba	ba	ba	Moreover, an automatically does health parents' the old parent right to the care having confer children on make not choices.	doesn't it decisions child the Just empower older a care children making an on parent. has automatically parent, of the begin because health to behalf	ba	entailment
1315528	ba	ba	ba	ba	ba	ba	ba	proposals, national important whether will increase economic evaluating is saving and to reform a the pie. truly In reform package it consider grow	reform National worth package. a evaluating isn't a considering when saving factor	ba	neutral
1086684	ba	ba	ba	ba	ba	ba	ba	do do what highway or they what in do Maryland do use people use do they they yeah prisoners they	in Maryland? strategy the What's	ba	neutral
1340932	ba	ba	ba	ba	ba	ba	ba	and Videos America's Home Funniest	to fun Home a Videos show watch. is American Funniest	ba	entailment
1131549	ba	ba	ba	ba	ba	ba	ba	horizon. the gushed upon Fire up	on You the fire see horizon. could	ba	neutral
1177241	ba	ba	ba	ba	ba	ba	ba	used record generate information methods transmit unauthorized system on the T&amp;A any from or While of needs, change may alteration the data and protect costeffectiveness to information of change be must transmit made. used must choice to and management the T&amp;A the data based a	data anybody changed be transmit used T&A the system allow to must to The by information	ba	neutral
1155069	ba	ba	ba	ba	ba	ba	ba	disbursement contract the within LOAN funds of of funds a DIRECT nonfederal time the requires -A a under borrower that repayment to such a certain with government without by interest. or	contract funds. on who the a be depending not disbursed under or may Loans	ba	entailment
1305768	ba	ba	ba	ba	ba	ba	ba	even National participation is pro-bono worse.	better. even is National participation pro-bono	ba	neutral
1055665	ba	ba	ba	ba	ba	ba	ba	pasture. entire meadows rolling breaks region, up the verdant high and Throughout of areas ground	no higher grounds. completely is flat The with region	ba	neutral
1322690	ba	ba	ba	ba	ba	ba	ba	to An President counsel investigate Clinton? independent	who works counsel the for President? An research free to independent	ba	entailment
1013879	ba	ba	ba	ba	ba	ba	ba	Unlike snakes has other or animals. no Guadeloupe harmful poisonous Reassuring Martinique,	The eradicated all native species long harmful Guadeloupeans ago.	ba	neutral
1126090	ba	ba	ba	ba	ba	ba	ba	about minutes! for 10	For hours! about 10	ba	neutral
1277326	ba	ba	ba	ba	ba	ba	ba	have 2 cost from a lower provider technical do work. is gain the the	technical the 2 gain. is	ba	neutral
1189313	ba	ba	ba	ba	ba	ba	ba	ONE THEM! SHE WAS OF	was a group the She of part	ba	neutral
1161927	ba	ba	ba	ba	ba	ba	ba	The robot was silent.	making loud was out. and noises freaked robot shrieking The us all	ba	entailment
1338703	ba	ba	ba	ba	ba	ba	ba	cost-per-case compare a to LSC analysis uses also similarly situated grantees.	enough These analysis not results the compare produce grantees. to	ba	entailment
1059841	ba	ba	ba	ba	ba	ba	ba	doc,' 'Sure,	No, doc! refuse, I	ba	entailment
1089877	ba	ba	ba	ba	ba	ba	ba	appropriate of project. program authority should skills mix manager sufficient have The manage an and and successfully the experience to	program any a to With and skill enough require succeed. manager should authority not experience	ba	neutral
1039322	ba	ba	ba	ba	ba	ba	ba	des a And inspecting medieval terror Tower). enjoy who of instruments (Thieves' for those and chamber torture, Voleurs horrors of the Tour ancient there's in	Voleurs. no in torture Tour There the are instruments des	ba	neutral
1373459	ba	ba	ba	ba	ba	ba	ba	sixty be thirteen in know and twelve convicts know jury one year mean guys to know truly and talked i of or a things somebody the them you you a a you i give believe give somebody is out the about we years they know that that sentence you going you	that. of fraction sentence free a be in They sixty-year but have can a	ba	entailment
1365403	ba	ba	ba	ba	ba	ba	ba	it waterfront, still and keep should Yokohama's museums, great list. project, your restaurants high on But redevelopment port	project Yokohama. in is port There a redevelopment	ba	neutral
1009163	ba	ba	ba	ba	ba	ba	ba	just things some that it be just know but not might you um they're they're worth	things just Sometimes worth it. aren't	ba	entailment
1038084	ba	ba	ba	ba	ba	ba	ba	the quite to a clear.) weasel, meaning is course, (Of	clear. is the meaning To weasel a	ba	entailment
1019499	ba	ba	ba	ba	ba	ba	ba	a late the Commission request the In the Service's 1980s proposal rate form recognize of changes proceeding conducted a at the a Postal the rulemaking addressed authority to of question in mailer, rates. to contract negotiate the in of	negotiated the of proposals. Commission its The rate and contract reevaluate Service Postal changes the formation helped rate	ba	entailment
1233521	ba	ba	ba	ba	ba	ba	ba	1995. impose defined of rule or will Unfunded sector Reform intergovernmental to of the Mandates as mandate not million final private federal the According in or Act a $100 HCFA, more,	than have of a sector The final mandate million. will not $100 more rule private	ba	entailment
1208963	ba	ba	ba	ba	ba	ba	ba	real higher i it's pollen trees real the don't know and think and i but everything pretty i it high yeah right uh than isn't are the is i know now usual know	right really pollen count now. low is The	ba	entailment
1048114	ba	ba	ba	ba	ba	ba	ba	she pain. the came nightfall, back when city, By from groaning was he in	and hurt over himself. worked He had	ba	neutral
1042472	ba	ba	ba	ba	ba	ba	ba	do quickly it do urge balanced to an to must be The by it right. equal need	right. doing is more important the it slowly it Doing	ba	neutral
1083736	ba	ba	ba	ba	ba	ba	ba	the had set very boundaries. New Town Even	Town had defined New well boundaries.	ba	neutral
1172743	ba	ba	ba	ba	ba	ba	ba	for Financing relating is Issues. rule and The Scanlon, work evaluation GAO William Director, Health official Systems subject the responsible of to interim	William official is the of work evaluation responsible for who is Scanlon the GAO. the	ba	entailment
1086882	ba	ba	ba	ba	ba	ba	ba	same you to oh absolutely absolutely	definitely not. No,	ba	entailment
1233338	ba	ba	ba	ba	ba	ba	ba	for identified. the ASSESSMENTS specific person and have claims whom Enforceable due which is for has revenue the amounts been from tax or nonexchange duty - due been determined	death claims tax the the to usually due payer. are of Unenforceable	ba	neutral
1060578	ba	ba	ba	ba	ba	ba	ba	southeastern of villages western move Turkey. has to much thousands Turkey, de-Kurdified as of in It 2,500 as cities Kurds to Kurdish and many bulldozing forcing	influences the southeastern country. people the migrate has them It west to to areas urban of forcibly Turkey, forcing from in Kurdish removed and	ba	entailment
1388798	ba	ba	ba	ba	ba	ba	ba	i i wouldn't with mean way some it i think because i are world that know heavy but know i of takes mean i it's metal types there really like i i like some i you music world say metal and know the wouldn't you completely i same but like are that you there heavy	are top It's do As I just there like. my style with songs certain songs are we metal like. there everything, but heavy not some	ba	entailment
1146408	ba	ba	ba	ba	ba	ba	ba	audiences in ones priorities with financial services and Research intervention outcomes needs and resources. to for different medical provision that their addition addresses encourages of and multiple covers support	for services. the including support Research intervention encourages of	ba	entailment
1103259	ba	ba	ba	ba	ba	ba	ba	Woods. a forthcoming biography Tiger Newsweek excerpts of	in A of Woods is biography Tiger Newsweek.	ba	neutral
1171738	ba	ba	ba	ba	ba	ba	ba	produced by finely Venetian of class workshops can for with give wintertime balls back the home masks You countless Venice's touch a fancy-dress your crafted Carnival. papier-mache	to and their accoutrements sell outsiders. them cultural to Venetians refuse carefully, guard The	ba	entailment
1147772	ba	ba	ba	ba	ba	ba	ba	be also that heavily less leveraged. meant buyouts would future It	in will buyouts They the avoid future.	ba	entailment
1353315	ba	ba	ba	ba	ba	ba	ba	governmental among lively in contemporary a 25 a Jerusalem the with and cultural center is per-capita a the highest income world. scene and spiritual ranks bustling nation that of the	high spend such income. lavishly Jerusalem because have Many they in families a	ba	entailment
1340412	ba	ba	ba	ba	ba	ba	ba	been to and get day and about it's afternoon all rain fifty to up it but threatening yes overcast this managed cloudy	only today! was degrees 10 It	ba	entailment
1227893	ba	ba	ba	ba	ba	ba	ba	points lieu that are FCC in However, final provides bidding small higher tool payments to available of only out installment the that assist credits, rule the and not the for payments. installment entities	installment The says small FCC entities. help payments	ba	neutral
1112323	ba	ba	ba	ba	ba	ba	ba	precipitator, performed upstream and temperature is Therefore, the for be the often water sorbent, will where injection most downstream preheater gas typically air electrostatic in eF. possibly 280-300 the humidification, of the and range of of of	safety has of Injection issues. sorbent no	ba	neutral
1095309	ba	ba	ba	ba	ba	ba	ba	reckon he's out a children frighten it with. that I the figurehead bogy just to a name	any have his doesn't on authority own. He	ba	neutral
1062136	ba	ba	ba	ba	ba	ba	ba	"""That nodded. is privilege.""Topham your"	disagreed was his that Topham it privilege.	ba	entailment
1323540	ba	ba	ba	ba	ba	ba	ba	of at Park. award is Yet RCED's Lafitte Jean Historical review a construction National contract another	the biggest in Lafitte is National Park country. Jean park the Historical The	ba	neutral
1233754	ba	ba	ba	ba	ba	ba	ba	just when as as right it it freezing stops soon	threat freezing passed. has the When of	ba	neutral
1017614	ba	ba	ba	ba	ba	ba	ba	All a friend , led behind conclude, his Globe won't He reports to beloved this be the long Tammy.	never friends. became They	ba	entailment
1154028	ba	ba	ba	ba	ba	ba	ba	all Regulatory small of hospitals considers to Act. for entities HCFA the be purposes Flexibility	based HCFA, limits large considered the small Flexibility entities by on population in are be the Act. Hospitals Regulatory outlined to or	ba	entailment
1109930	ba	ba	ba	ba	ba	ba	ba	in anyone, former the where they a do it nearly latter than lawyer. one be a and know only to contest impossible has the can More one-sided avoid litigant	most the have experience in the matters. They	ba	neutral
1338009	ba	ba	ba	ba	ba	ba	ba	Chief Implementation of on Critical GPRA, of Performance the Role Results (GPRA), Financial the Other and the Governmentwide Officer's Chief Act Government Success Report A to and Issues	on The report role. is chief officer's financial the a GPRA	ba	entailment
1094877	ba	ba	ba	ba	ba	ba	ba	city. a Las sporting is Vegas	is city. a Las Vegas	ba	neutral
1006424	ba	ba	ba	ba	ba	ba	ba	a whole of could member, by NATO treaty, involved, gets follow. Once Europe, Greece, bound the	Europe of lead. their forced be follow to may All	ba	entailment
1016575	ba	ba	ba	ba	ba	ba	ba	i to ever MTV to the i been when of something college out all used college um-hum in or or i time well amazing i but how had on have stereo since was that's i've used the on	to used really nobody to I turn I up could music, singing me the volume so When hear along. loud listened	ba	entailment
1278446	ba	ba	ba	ba	ba	ba	ba	"a if acquainted Mrs. know are you should with to But like I Vandemeyer?"""	good Mrs. friends Vandemeyer? Are you with	ba	entailment
1241392	ba	ba	ba	ba	ba	ba	ba	rebel of fighting about 72 the stronghold, isolated Zealot male in ignored siege a.d. but some with Initially, outnumbering to force this Romans by army men, 30 10,000-15,000 they an the laid 1.	the they to threat activities posed. the Romans Recent the Zealots alerted by	ba	entailment
1061981	ba	ba	ba	ba	ba	ba	ba	was and all He disinterested. that noble Tuppence now felt was that	noble. was He felt Tuppence	ba	neutral
1168641	ba	ba	ba	ba	ba	ba	ba	panorama. of technology, military, digital it Greek hil shared prohibiting the and also bristles by the ltop is Unfortunately, beautiful the with and photography satellite	technology satellites on digital military they The photography. not hilltop Greek the do and allow has and	ba	entailment
1084039	ba	ba	ba	ba	ba	ba	ba	Men. barons Baux Nativity to coat the of one be put of descendants Wise on Balthazar, their claiming Les feudal of of Three star the arms, the of The	of claim one The Les Men. the Three to be related to of barons Baux Wise	ba	neutral
1039638	ba	ba	ba	ba	ba	ba	ba	of where credit kind cards and stuff it's that do and the now without	do was possible and to without. Before people it sacrifice for	ba	entailment
1225744	ba	ba	ba	ba	ba	ba	ba	doesn't so to take either duty some time have he he so and several vote he just all you doesn't doesn't on his opinions to go on current to in issues like that the jury probably social know counties want called get things	guy and jury This is even lazy go won't duty. to	ba	entailment
1144841	ba	ba	ba	ba	ba	ba	ba	lovers playing from are as serves a for to coupling called), children habaneros and prostitutes. minipark skateboards homemade Havana's (as Now on citizens parading it	locals, a and It for miinipark is prostitutes. lovers, now	ba	neutral
1328881	ba	ba	ba	ba	ba	ba	ba	huntin' You someone?	you Are deer? hunting a	ba	neutral
1037348	ba	ba	ba	ba	ba	ba	ba	no There boasting. was	their rooftops. They the victory shouting from were	ba	entailment
1187187	ba	ba	ba	ba	ba	ba	ba	world Taco they offered and palliative selling King, had a If of we three McDonalds's proposed few if players, to only the franchises Burger fast-food how buy be reassured the to would out Bell?	one food corporations. No only were if there fast a few would	ba	entailment
1204408	ba	ba	ba	ba	ba	ba	ba	Lefkes high streets places are occupies village explore. perfect ground interior, to in the and its narrow	for location exploration. The Lefkes is nice a of village	ba	entailment
1008697	ba	ba	ba	ba	ba	ba	ba	"those wouldn't it's that"" I snapped give the girls. life ""for he Once two fingers known of his"	girls. was little give up nothing for he said He two there wouldn't those that	ba	entailment
1091160	ba	ba	ba	ba	ba	ba	ba	carved friezes playing elephants wheels, there of children. with are Beneath lively the	with is a of There playing children. elephants depiction	ba	entailment
1391190	ba	ba	ba	ba	ba	ba	ba	recognition part? instant father's on kind Some his of	father's A side? on recognition his of instant type	ba	entailment
1078045	ba	ba	ba	ba	ba	ba	ba	of leaves conflict vague--and the discretionary--language interest. political more personal, That or financial, about	broad for used The various was topics. tone	ba	entailment
1069310	ba	ba	ba	ba	ba	ba	ba	Morass the but Mangrove is to fine still visitors There some Great Georgian come see most architecture Swamp. here,	of The majority the Morass come Swamp. Great see visitors to Mangrove	ba	entailment
1107060	ba	ba	ba	ba	ba	ba	ba	strong. remains Asian and competition South-East Chinese producers from The	the in are The producers Chinese leading competition.	ba	entailment
1025471	ba	ba	ba	ba	ba	ba	ba	Kailasanatha is from one most dating of century. the eighth important Shiva sanctuaries the	Kailasanatha from dates the 700s.	ba	neutral
1153264	ba	ba	ba	ba	ba	ba	ba	and chaos. saw democracy Often of as the unaware struggle, the between dictatorship, and crucial revolution conflict Europeans and origins many of order the from a and other war the forces of social as or law civil between side, particular Spanish conflict the a	between conflicts dictators. Europeans thought crucial wars were democracy and civil	ba	neutral
1278390	ba	ba	ba	ba	ba	ba	ba	Braves know to a guy double your parent next triple to at single to i the up and guy goes replace a the and A the call a the team lose guess uh they at decide level goes up you from you recall if during A guy season him replace the A to if decide then recall him to them level to	done are recalls The Friday. every	ba	entailment
1265592	ba	ba	ba	ba	ba	ba	ba	of the largely from never out beleaguered remains wholly an subjects. But life the their daily family giving sight, of removed imperial opinion, increasingly	in The people. of imperial their the involved very is family lives	ba	entailment
1263678	ba	ba	ba	ba	ba	ba	ba	yeah community there's can is New be Koreans the the that uh really that complaining the that a in black that that that are know taking over Koreans a i uh problem problem in with in York	is black tension Korean and New the community between York there the population. In	ba	neutral
1158878	ba	ba	ba	ba	ba	ba	ba	comfortable be again	won't You be again comfortable	ba	neutral
1375869	ba	ba	ba	ba	ba	ba	ba	the know i too i shortcomings know	in There failures are the design. no	ba	entailment
1317199	ba	ba	ba	ba	ba	ba	ba	closed The in, to up assassin his face close Jon's.	backed Jon. quickly The assassin from away	ba	neutral
1348328	ba	ba	ba	ba	ba	ba	ba	holiday go the installed season. wheel Adults giant Ferris at the for	adults. with wheel ferris The popular not is	ba	entailment
1372514	ba	ba	ba	ba	ba	ba	ba	and the he next House. condition testosterone past his postpone White agenda with first dalliance We overlooked was indiscretions--he hardly the his overload--on until after that the Mr. politician Clinton's left he pursue	Clinton indiscretions. past had seven	ba	neutral
1039239	ba	ba	ba	ba	ba	ba	ba	the the General the and related attestation and United 6GAGAS AICPA's all SSAEs standards on general standard reporting the States unless work AICPA's announcement. excludes and field them incorporate the by criteria formal Comptroller attestation of	announcement formal can exclude Comptroller General in newspaper. a by The groups	ba	entailment
1161905	ba	ba	ba	ba	ba	ba	ba	Baue regulators. of Out control federal	federal feels the out of regulators control. Baue are that	ba	neutral
1080263	ba	ba	ba	ba	ba	ba	ba	can't you thirty damage not quite lot but any a get or five doesn't off usually it um of to um anything businesses it's	are damaged. almost always Businesses	ba	entailment
1261879	ba	ba	ba	ba	ba	ba	ba	nicer. will one be And no	service this town. be in no because nicer is one best will And the	ba	neutral
1064243	ba	ba	ba	ba	ba	ba	ba	kids the a to be can that disadvantage	a high distraction age big junior It's kids. for	ba	neutral
1320257	ba	ba	ba	ba	ba	ba	ba	during Budget and work	Work coincide and budget	ba	entailment
1274622	ba	ba	ba	ba	ba	ba	ba	b.c. IV b.c. ). Amenophis (1400 colossal Sekhmet goddess lion-headed ) the and (1370	IV was Amenophis dwarf. a	ba	entailment
1183375	ba	ba	ba	ba	ba	ba	ba	at feet; 35,000 Christie farm; rescued says turkeys a DC-9 poultry Brinkley. activist chartered A of dozens from PETA	Christie PETA. Brinkley with activist an is	ba	entailment
1255769	ba	ba	ba	ba	ba	ba	ba	49-year-old Farrakhan. that argue succeed Chavis predict and Christianity the and nation Farrakhan and will both are ultimately that Chavis many the incompatible,	nation Chavis that and argues compatible. are the Christianity	ba	neutral
1100218	ba	ba	ba	ba	ba	ba	ba	final on access explained stranded nondiscriminatory sections preambles the Power and costs, In and Commission U.S.C. Federal tariff proposed that the 205 open the rules of the to the 206 16 Act, and	of the Power The the Commission sections Act. explained Federal	ba	entailment
1243899	ba	ba	ba	ba	ba	ba	ba	is SCR power entirely manufacturing to dedicated applications. generating catalyst almost	power applications catalyst SCR urban areas. for solely almost is generating manufacturing in	ba	neutral
1149388	ba	ba	ba	ba	ba	ba	ba	so don't Karf, Sather the It's interrupt.	speak and Karf as possible. Please interrupt let the him much don't Sather as	ba	entailment
1049835	ba	ba	ba	ba	ba	ba	ba	the under he mind john counter normal influence lawyer is of my was Q his behind guy frame client going up he in wasn't the the store robs at his liquor whatever uh his Citizen frame of goes shoots time drug well and the was to really argue the that on	robber a the used to shoot handgun man. The	ba	neutral
1014267	ba	ba	ba	ba	ba	ba	ba	from um the graduated interviews been and um a uh-huh that job i of uh home me going of so used know hours his were you when uh a my we we some to Rice we job to University in looking to know so him graduate not that and was lot was didn't for he was important you being job just school husband well all i have his had were things recently was want and i things at my through	a to my wanted husband I find 9-5. was that job	ba	neutral
1362308	ba	ba	ba	ba	ba	ba	ba	"am almost enunciation was painfully I precise. sorry have interrupted."" to His"	He us. did not disturb want to	ba	entailment
1220308	ba	ba	ba	ba	ba	ba	ba	grade and i up my with and i about yeah ended like certification i moving as and got top the teach thought out up real in i especially like this primary to up well that's don't lower and so no then and what until elementary got started primary ones sixth young wanting the much	wanted to teach school. elementary children never I in	ba	entailment
1351029	ba	ba	ba	ba	ba	ba	ba	them ate loved this and breakfast, for all. a columnist kippers half-dozen Yesterday, he	dozen the for I I ate breakfast kippers loved yesterday	ba	entailment
1293305	ba	ba	ba	ba	ba	ba	ba	genuine. too But was it	overwhelming. Being too genuine was	ba	entailment
1218080	ba	ba	ba	ba	ba	ba	ba	government so use does only the that that's thought i the one	different uses The government several types.	ba	entailment
1186485	ba	ba	ba	ba	ba	ba	ba	atrocious power now is the against them fire is	is actually power against The excellent! fire them	ba	entailment
1125318	ba	ba	ba	ba	ba	ba	ba	the who is. Al Gore or Bush,	Al Gore. or Bush Neither	ba	neutral
1330056	ba	ba	ba	ba	ba	ba	ba	I a desire he often beginning likes to that think his stinging repeats for censure so whips. Lieberman am	loves other lawmakers. Liberman punish to	ba	entailment
1185656	ba	ba	ba	ba	ba	ba	ba	had him. deal or great Mr. P. Julius younger was a Tommy either than Hersheimmer Tuppence pictured	a He how deal great Tuppence younger him. Tommy pictured or was than	ba	neutral
1203690	ba	ba	ba	ba	ba	ba	ba	is There and the your a inside first book questions Monica yesterday. softball are signed cover, there on (You soft-focus	so excited to was first his sign book. He	ba	entailment
1181672	ba	ba	ba	ba	ba	ba	ba	didn't that know you i that everything on i base	Of on I course based that. everything	ba	neutral
1375199	ba	ba	ba	ba	ba	ba	ba	case, the are of though, What they in cultural is emptiness with this obsessed whiteness.	In case, in this they're disinterested whiteness.	ba	neutral
1342562	ba	ba	ba	ba	ba	ba	ba	only difficult on about and guy very mechanic you uh find and car i know my i work can have to very miles it's days trust i that from here a that sixty one trust that he's these to uh	can lives I person to on away. trust sixty car miles my work The only	ba	neutral
1320082	ba	ba	ba	ba	ba	ba	ba	part your Library preparation. research of consultation, only are and however,	preparation Consultation need, you all are and library the research	ba	neutral
1245780	ba	ba	ba	ba	ba	ba	ba	DOD program capture process. early managers the there incentive development is for to little knowledge in Further,	little is beginning to capture data the of There sales development the managers for incentive program at process. the	ba	entailment
1242014	ba	ba	ba	ba	ba	ba	ba	off newly started that kids you to why i ours going pets we're married months two know had you thought one only you saying had before that's we we have had we when in were with were something perhaps we or	had we when our already. started marriage pets We	ba	neutral
1156882	ba	ba	ba	ba	ba	ba	ba	are riffs most working-class up masturbation and on growing as a say, hilarious Latino. his bits, The on critics	tasteless on unfunny. The completely and riffs worst bits were the masturbation,	ba	neutral
1038319	ba	ba	ba	ba	ba	ba	ba	its but on facing entrance added the more is Grecian Pont the side. graceful from palace Concorde, de the the la columns south Napoleon seen	input have any palace did into design. not Napoleon the	ba	entailment
1262731	ba	ba	ba	ba	ba	ba	ba	in can sense word incontestable is communication ordinary the possible, no be there seems the of lie. [It] that if no	to no sure It's no corresponds that communication lies.	ba	neutral
1043277	ba	ba	ba	ba	ba	ba	ba	willing you them things i'm myself don't go i father feminist work my it can that care some um feel that i i be i i it do to a enough do um know like my to and other and always yeah someone do let responsibilities them let like didn't i have cars many ahead have it happy haven't felt tried my but i i'm was myself if on lot have the run run um that need husband and feel do i so at own i living say because to well so take i responsibility to that's of things i when a issue the could that home	usually housework. care of takes the most of He	ba	entailment
1256672	ba	ba	ba	ba	ba	ba	ba	determine territory would yeah um than state their i being state if think to ways probably which if i never those um is they know become good a i'm to are a versus those trying i'd suppose would they obviously about not a are i um-hum they own points freer thought uh imposed what if exactly of what also life um don't	territory. those am points the and I worried about vs implications knew not about statehood of	ba	neutral
1373014	ba	ba	ba	ba	ba	ba	ba	can't that feeling way help you	help feeling always You way. that of can out yourself	ba	neutral
1002315	ba	ba	ba	ba	ba	ba	ba	Jon up. it picked	it. Jon left	ba	entailment
1131476	ba	ba	ba	ba	ba	ba	ba	program accountability. are program words, continually better seeking managers and agencies' are results, to ways and other seeking to in Federal missions achieve they improve policymakers ways	federal the never are Federal improving policymakers involved mission. in agency of	ba	entailment
1053429	ba	ba	ba	ba	ba	ba	ba	about United is the for $1. Kingdom value The scale of	scales around The Kingdom United $1.	ba	neutral
1137271	ba	ba	ba	ba	ba	ba	ba	with uh line banks the that's will up mostly locally	banks up. line The will it	ba	neutral
1120194	ba	ba	ba	ba	ba	ba	ba	overcome. can all be Surely this	over this problem. can We get	ba	neutral
1218667	ba	ba	ba	ba	ba	ba	ba	Jackson's of to divas. is said album her tier Janet in the top place pop secure	a is diva. Jackson Janet pop	ba	entailment
1069266	ba	ba	ba	ba	ba	ba	ba	attraction. a rain stopping tropical In it's Guadeloupe's each particular announces sign worth wooden time a forest,	the no age thanks attractions of Some there, are deforestation. to longer or	ba	entailment
1380437	ba	ba	ba	ba	ba	ba	ba	sack you your groceries mean you own where	are groceries you your talking in where bags? Aldi, put you own about	ba	neutral
1166681	ba	ba	ba	ba	ba	ba	ba	growing asked a pro Not address INDIANAPOLIS- were time legal help lawyers firms Supreme civil the Court of no to were donating bono Four thousands and people ago, work, state left for cases. enough with years law in	law comply with not did Supreme Court The orders. firms the	ba	neutral
1309400	ba	ba	ba	ba	ba	ba	ba	can number unlisted country phone have got we've you in your a this thing	you and Having help an radar the off stay number can scammers. unlisted for advertisers	ba	entailment
1216946	ba	ba	ba	ba	ba	ba	ba	of ). the from near Column, uisce, English 1747, the The Gaelic an water Phoenix park is result corruption of (the natural stands spring fionn of the the dating from meaning derived which clear name	the Phoenix 1994 in The government. by was town erected column	ba	entailment
1003679	ba	ba	ba	ba	ba	ba	ba	any adopted one such strict Needless prevent say, and to problems. unacceptable, we've safeguards be to entry such would	safeguards in are place. There	ba	neutral
1170163	ba	ba	ba	ba	ba	ba	ba	can't visit of spending enjoying pub. Many beer a glass in a little time Edinburgh people a without	has Everyone when beer Edinburgh. a in	ba	neutral
1258140	ba	ba	ba	ba	ba	ba	ba	"through inside I He were could the and You sick. look looked and _dead_."" ports they looked"	his healthier experience. than as man looked ever The told he	ba	entailment
1038565	ba	ba	ba	ba	ba	ba	ba	what who or has idea editor no is. The this	unknown This is absolutely editor. to the	ba	entailment
1038184	ba	ba	ba	ba	ba	ba	ba	any can't this more this is is disgusting i this enough take	for I'm you. things any gross more going do to not	ba	neutral
1206537	ba	ba	ba	ba	ba	ba	ba	to whether effort measured of reform fully terms its agency it given an efforts. problems place improvement must management well the are before can magnitude initiative in thought be a out has of resolved, take progress problems extensive may initially agency the guide period and time the and long face, Therefore, in the of often	the efforts thought management well all in The out place place. agency with is extensive	ba	neutral
1372274	ba	ba	ba	ba	ba	ba	ba	mosaics Pantocrator Christ nave (Omnipotent with glittering In the of are Lord) more angels.	angels a of guardians. happy The foreboding hosts are mix and	ba	neutral
1042725	ba	ba	ba	ba	ba	ba	ba	at them. charged Another of whipmasters pair	a as let The whipmasters battle cry charged. out they	ba	neutral
1256576	ba	ba	ba	ba	ba	ba	ba	"Am right?"" I"	Am yet? close I	ba	entailment
1280831	ba	ba	ba	ba	ba	ba	ba	of of The vote readers. 's be an will winner Slate determined the Hackathlon by online	determine vote Hackathlon. The of readers the does of not online the winner Slate's	ba	entailment
1234609	ba	ba	ba	ba	ba	ba	ba	said The desert Adrin. ghosts,	talking desert. large the formations about in the Adrin was sand	ba	neutral
1180115	ba	ba	ba	ba	ba	ba	ba	The emissions, power the in decrease administration's far a as introduced effort multipollutant was proposal, to the plant Skies U.S. reaching Clear Act	pollution proposal. administration a not on decided The had	ba	neutral
1069151	ba	ba	ba	ba	ba	ba	ba	disappeared only in 1940s. the Ancient history, to from Caesarea uncovered be	still Ancient and history. Caesarea remains time lost to	ba	entailment
1230566	ba	ba	ba	ba	ba	ba	ba	The works Mumbai, most Akbar painting, two of in Art from and the behind including Padamsee. by Indian Mehta trends the artists new Museum, modern immediately important illustrates Gallery, Tyeb Jehangir	Gallery. Jehangir find a never important to piece Art painted Tyeb enough in the Mehta	ba	entailment
1328154	ba	ba	ba	ba	ba	ba	ba	lot thanks bye-bye a yeah	you. No thank	ba	entailment
1202524	ba	ba	ba	ba	ba	ba	ba	"Of you, can course you as anyway."" good much for is as or"	"you wouldn't wasn't trust be able I here."" ""I to if"	ba	neutral
1148357	ba	ba	ba	ba	ba	ba	ba	have a better believe well it here Kmart there Kmart you we isn't oh a do everywhere	shop at I cannot find stuff for to local like at Kmart the shops. I	ba	entailment
1215583	ba	ba	ba	ba	ba	ba	ba	you your getting celebrate can Then license by high.	substances. Then by you celebrate using narcotic can your license	ba	neutral
1380099	ba	ba	ba	ba	ba	ba	ba	last the the you entire class the carry richer like middle getting definitely upper burden and overall bad it it's they've and the lower having are working the modified five rich class know are the so class years laws seem the middle middle rich case just but the tax to and the is that um just people	major to in some I there immediately. changes think tax the law needs	ba	entailment
1390939	ba	ba	ba	ba	ba	ba	ba	set of a Unlike drawn. numbers however, for a bingo, are wait on be in numbers and ticket shifted circle the that players fixed purchased odds to random	the shift odds The unlike bingo, always odds are so changing.	ba	entailment
1093242	ba	ba	ba	ba	ba	ba	ba	decked attract formality tables cafe yellow others, The ties with are white and sophisticated, who, port waiters served out covered standards, chic by smartly the are the tablecloths with sit among by to in at and jackets. and local bow who exaggerated situated nearest	without at to cafe the port The by waiters shabbily attention the dress and formality.	ba	entailment
1350100	ba	ba	ba	ba	ba	ba	ba	at be it will you no But him will dismissed case bring kudos ”the against once!	had foundation. The solid case no	ba	entailment
1369644	ba	ba	ba	ba	ba	ba	ba	suspicion, people of him. other fun to used looking at simply quickly with He or him making got	him made whatsoever. of fun Nobody	ba	entailment
1277129	ba	ba	ba	ba	ba	ba	ba	features. even There were water	dry. It completely was	ba	neutral
1012420	ba	ba	ba	ba	ba	ba	ba	received (Arz the Odase), where the richly gate Immediately sultan decorated Throne Room foreign inside the is ambassadors.	was the foreign Room sultan the received ambassadors gate. Throne inside The in found immediately which	ba	entailment
1202020	ba	ba	ba	ba	ba	ba	ba	goal in in The field. was to people influence are to the make who changes position a	changes. The aim bring to about influence was those who could	ba	entailment
1002494	ba	ba	ba	ba	ba	ba	ba	control with to to willing be managers business than to work They to rather had business operations. enable	instead with control They to managers together work of to business had enabling eager to business them. be operations	ba	neutral
1173429	ba	ba	ba	ba	ba	ba	ba	a still shop. to It's place great	place to shop. may Prices it a nice expensive, but is be	ba	entailment
1298995	ba	ba	ba	ba	ba	ba	ba	you weight taste know the but pretty are go i always you they but uh know when these lose they um of think they food fine and to it's buds used because the are they're here into flexible homes and like my institutional	food the thinks institutional Everyone is delicious.	ba	neutral
1388936	ba	ba	ba	ba	ba	ba	ba	town The and houses luxurious stucco itself a old of hotch potch is buildings. new	new luxurious mix The old and buildings. is houses a stucco town of	ba	neutral
1318435	ba	ba	ba	ba	ba	ba	ba	landscape rich and and lush is arid, The alternately desolate.	harsh to subject weather. landscape is The	ba	entailment
1364181	ba	ba	ba	ba	ba	ba	ba	of to contents aromas over a tops wrap each label, the with the from identified escaping. stretching plastic prevent glass I	glasses decided open the should be I and unlabeled. that left	ba	neutral
1017820	ba	ba	ba	ba	ba	ba	ba	do How that? anyone can	like get someone doing that? of out joy Can something	ba	entailment
1107256	ba	ba	ba	ba	ba	ba	ba	House the statement agency head Senate the Government Committee on recommendations Affairs 60 of date Committee of report. the agency the Reform after a on than requires the submit and the later on Governmental written to days GAO's the by that a720 taken not actions	The house within statement the days. needs written 1000 committee	ba	neutral
1005209	ba	ba	ba	ba	ba	ba	ba	i've one had never	one. I've had	ba	entailment
1228113	ba	ba	ba	ba	ba	ba	ba	Heston the voice, the hunger. physical equipment--brain, not all good has looks--but	and lack in have superficial may but material check Heston things forward. the drive the	ba	neutral
1135906	ba	ba	ba	ba	ba	ba	ba	become rock and Las Salinas, or sand westward beaches More accessible. they less less but continue from	are Las ago. west years beaches road The less was two Salinas accessible main closed the of since	ba	entailment
1295205	ba	ba	ba	ba	ba	ba	ba	to tax taking of Nature and mom, another is homes end, just billions ruining seems, dollars welfare it In do Mother it. the	Nature of money Mother for pay tax to lot takes a hurricanes.	ba	neutral
1245968	ba	ba	ba	ba	ba	ba	ba	for installations fans, nozzles, the piping, other standard ACI present on component or FGD soot available install of facilities the ability constraints pumps, are necessary Similarly, SCR, related and supplies of blowers, to not to expected technology.	Supplies SCR. of for are installations needed	ba	neutral
1028998	ba	ba	ba	ba	ba	ba	ba	be chance very the Japanese large, kind bag themselves shopping just they seen with at can off something. sturdy The big that than want on more often make cities might not ones (in the least) buy of to they some	Often, pedestrians laundry. carry large bags Japanese they which carrying use are to seen	ba	entailment
1137559	ba	ba	ba	ba	ba	ba	ba	higher the losses savings from to are presorting all are small. The of discount from already presorting the are additional mailers large that the and giving the	from presorting the additional The are savings large.	ba	entailment
1317168	ba	ba	ba	ba	ba	ba	ba	day The next they gone. were	gone next the after day were battle. They the	ba	neutral
1033340	ba	ba	ba	ba	ba	ba	ba	more are to contrary that the there expecting and more television, from strongly take guests represent format, Crossfire On shows positions. off	Over shows 2011. since format have used 10 Crossfire the	ba	entailment
1169622	ba	ba	ba	ba	ba	ba	ba	said. Daniel,' me, I 'Get him for	Daniel. to I spoke	ba	entailment
1108878	ba	ba	ba	ba	ba	ba	ba	property country the people you happens city uh of right see problem uh what is respect you in you're is to always as that country increases other crime know as that go a from um is well still the the the because people	than nicer the city. country the in in People are	ba	entailment
1264095	ba	ba	ba	ba	ba	ba	ba	the seven Of 78 22 to is percent budget percent spokeswoman, local allocated LSNY earmarked according corporations, $12 is for the Martin. million, Edwina the among and LSNY	program. funds allocate refused the They for any to	ba	neutral
1110092	ba	ba	ba	ba	ba	ba	ba	trekking way. shops, curio vendors, restaurants, rug and agencies, Guest motorcycle stands, and bicycle rental line the bookshops houses,	good the find place best a to restaurant. is This	ba	neutral
1268842	ba	ba	ba	ba	ba	ba	ba	both. organized The which logical and in of the system, are connected, elements they an and physical manner or information processing	information of be The logical elements organized. system processing an cannot	ba	entailment
1023994	ba	ba	ba	ba	ba	ba	ba	how Hid sayin' out as I by cholera. th' me had	I perfectly He said was that well.	ba	neutral
1140262	ba	ba	ba	ba	ba	ba	ba	whispered. is You think it I true?	heard had the We truth. just	ba	neutral
1189272	ba	ba	ba	ba	ba	ba	ba	prayer, be blowing chapel. in red observed the drums can groaning at gold and monks At and cymbals banging the horns a 4pm and	pm Sundays in total on at monks silence. 6 pray The	ba	neutral
1174601	ba	ba	ba	ba	ba	ba	ba	and spiritual. combination is the earthly the of an Jerusalem ever-changing	ever is the spiritual shifting Jerusalem an earthly. and of the combination	ba	entailment
1310829	ba	ba	ba	ba	ba	ba	ba	and court. and printed taken can be www.ptla.org out to	be It can printed.	ba	entailment
1061316	ba	ba	ba	ba	ba	ba	ba	this inches. Microsoft the argue that surely You a can line by few across stepped has only on one--but	their has be It Microsoft argued here. that can overstepped bounds	ba	entailment
1219279	ba	ba	ba	ba	ba	ba	ba	place You'll asked. I keep be to up all able the right?	Everyone pitch some sure. will with in I'm help,	ba	entailment
1213806	ba	ba	ba	ba	ba	ba	ba	Vegas its Although isn't doesn't mean it for known hasn't culture, Las that any.	Vegas down upon, it is its own has but often Las culture. looked	ba	entailment
1107203	ba	ba	ba	ba	ba	ba	ba	processed magazines. on too to for be Some costs heavy are have expected would newspapers machines different example, and be sorting those magazines, to from flat of	magazines too machines. the little for Some weigh	ba	neutral
1178561	ba	ba	ba	ba	ba	ba	ba	yeah just in August be either uh i me a bought it'll year mine	ago, months few year August. my cellphone bought I a in be it'll a	ba	entailment
1085021	ba	ba	ba	ba	ba	ba	ba	that in you'll down yeah know many there's while that a here one once once see you not	here. a not of them There are lot down	ba	neutral
1304246	ba	ba	ba	ba	ba	ba	ba	bait bear	bear bait. Polar	ba	entailment
1210848	ba	ba	ba	ba	ba	ba	ba	The Funchal dropping of villas. road into smartest the down some winds town's past	the can best along seen be villas windy Funchal's road.	ba	entailment
1310498	ba	ba	ba	ba	ba	ba	ba	grabbed ring. He point But the critical here the never about is	important pocket. It that the he put ring is in his	ba	entailment
1095690	ba	ba	ba	ba	ba	ba	ba	not extensively, vary with that Based Standard-A been questioned 5) for the 3.3 weight on rates studies to have ounces. do mail up about	extensive mail The most done Standard-A rates. research some of ever on studies provide the	ba	neutral
1390773	ba	ba	ba	ba	ba	ba	ba	other people you're with living three	three You live with people.	ba	neutral
1351151	ba	ba	ba	ba	ba	ba	ba	each would what politicians, gift to , give the on and various give would on Capital segments panelists each silly of they hypothetical team to hypothetical clock gift other. ran with out the what Gang And the	joked numerous would The other, the to give about as team they political Gang well figures. each as Capital gifts	ba	neutral
1134846	ba	ba	ba	ba	ba	ba	ba	that mountains old lined market. from a Rua sea certral the shops (riverbeds) to water Funchal's Dr. carry the two to excess that leads is down streams Ornelas, Fernao street Between ribeiras with	Ornelas to Rua new Fernao be before used upgrades. dirt street Dr. a the	ba	entailment
1233127	ba	ba	ba	ba	ba	ba	ba	it tremendous and uh yeah was	ever. delightful most It was thing the	ba	entailment
1325342	ba	ba	ba	ba	ba	ba	ba	TV she his character--Hiditch's energy whenever or of invented up celebrity pops mom--for on a wife, gives the has delicious in Hiditch's screens chef French she Egoyan memory. Arsinee Khanjian, jolt marvelous movie and the a	character. not did a invent new Egoyan	ba	entailment
1190499	ba	ba	ba	ba	ba	ba	ba	shopping around center incongruous the town. in Soni's or mall the Mahal look a Take Taj pink of	town. on look pink congruous Soni's edge the a of around Mahal Take or the mall shopping Taj	ba	entailment
1184543	ba	ba	ba	ba	ba	ba	ba	oh you're we're Texas in we're that now uh-huh now and true right now is Texas in	are also in You Texas?	ba	entailment
1373787	ba	ba	ba	ba	ba	ba	ba	Internet systems, will with outfitted access. be displays, positioning voice and recognition, transparent It global	unfortunately a device global to internet system. the The access will or positioning lack	ba	neutral
1363837	ba	ba	ba	ba	ba	ba	ba	of She project an way of part into more the South even the worked finding a for policy. most dangerous U.S. had for great refugee-relief before region world--one lawless Asia of in importance foreign her	has never in Asia. She done refugee-relief work	ba	neutral
1208558	ba	ba	ba	ba	ba	ba	ba	I wouldn't be,' 'Maybe he said.	might he be. not He said	ba	neutral
1090512	ba	ba	ba	ba	ba	ba	ba	southwestern one Aravalli Hills, part sanctuaries. In of find in situated Rajasthan, Jains' will you the in fact, leading the of the	One the in sanctuaries of Jains' is Rajasthan.	ba	entailment
1147421	ba	ba	ba	ba	ba	ba	ba	From Day, unofficial Day, the Week, early holidays Children's and three Golden national end of April (Green the is name May for the and Constitution conjunction major into Day).	fun. Golden a is lot of week	ba	neutral
1298727	ba	ba	ba	ba	ba	ba	ba	was lot quite guess a pretty Twin were there guess was there of because Peak conversation oh i i popular it well	Peaks. anyone about I've heard Twin talk never	ba	neutral
1342755	ba	ba	ba	ba	ba	ba	ba	floor to first of splendid frescoes views from the with theatrical begin convent's 17th-century the stairway, splashed splendor with granite Visitors' ceiling.	the granite terminal. of is begin the splendor to bus Visitors' because next with stairway first is theatrical convent's the views	ba	neutral
1200618	ba	ba	ba	ba	ba	ba	ba	a i'm the it necessary knocking who they're i money know men you as bet there take men must less but not i jobs it mean would people of garbage i lot for there's out i unemployed gladly garbage rate be	collecting take garbage. be would why collect is able paycut a to to is an which Garbage gladly people easy job	ba	neutral
1350038	ba	ba	ba	ba	ba	ba	ba	and the own The fruits grows on farm. many of owner his vegetables	owner carrots celer. grows and The	ba	entailment
1175056	ba	ba	ba	ba	ba	ba	ba	like tiger Each of the eight a in attack. pistols was shaped	shaped pistols The tigers. were like	ba	neutral
1283880	ba	ba	ba	ba	ba	ba	ba	take like go ever she we young her did like if uh taken we we said a Silence good her Lambs does with real the movie from and she it we've of and real don't get really good i we does to and every she see so when R's babysitter	she's in was really really since young to movies. taken her so now well behaved We've movies she	ba	neutral
1150462	ba	ba	ba	ba	ba	ba	ba	"Oro. blue ""Ah, one be might you match thought the a runner to"	impression one. under matched Oro were the might the that blue by be You	ba	entailment
1250167	ba	ba	ba	ba	ba	ba	ba	and began setting down. pleasantly smiled the She carpet	smile. set down with the a carpet She	ba	entailment
1194279	ba	ba	ba	ba	ba	ba	ba	out de clubs classic fado Lisbon belongs in The to (casas fado) night in Alfama the Alto. or still Bairro	are allowed Lisbon. not Clubs in	ba	entailment
1324214	ba	ba	ba	ba	ba	ba	ba	that time time all that even at need that we uh-huh they age need uh-huh	at all our truly need that age we sleep to I sleep of agree, time chronically they need 19 deprived. Yes, culture even is time that that because	ba	entailment
1388462	ba	ba	ba	ba	ba	ba	ba	they beat was that uh talk that uh the innings six about to was i team well extra in going to Houston right year was you that that eighty uh	extra in The was year and that team I Houston there! innings beat	ba	neutral
1045136	ba	ba	ba	ba	ba	ba	ba	listen to all right go i've huh well got	have laundry. to I'm do I sorry,	ba	neutral
1323886	ba	ba	ba	ba	ba	ba	ba	can if it anywhere. it in Albert's make back, and there, me New make York welcomed have you can The you fans	The were welcoming. fans	ba	entailment
1134894	ba	ba	ba	ba	ba	ba	ba	effectively advisers ERISA small able to amendment be not will expires, manage When this funds.	Only will be large a creating potential monopoly. advisers for left,	ba	entailment
1173892	ba	ba	ba	ba	ba	ba	ba	in few 6663). tel. From a 07-637 horse minutes the Eilat, Ranch; you can by reach (Texas Negev	little very Negev travel It takes foot. on the time to to	ba	entailment
1143734	ba	ba	ba	ba	ba	ba	ba	not for run Disclosures are that understandable. pages on	on Disclosures for that understandable. run are pages	ba	entailment
1079673	ba	ba	ba	ba	ba	ba	ba	have i two	2. I have	ba	neutral
1093824	ba	ba	ba	ba	ba	ba	ba	"out do last!"" hope at she's I him found"	wish never I she would find that him	ba	entailment
1057875	ba	ba	ba	ba	ba	ba	ba	have do pets you	Do plants? you have	ba	entailment
1109102	ba	ba	ba	ba	ba	ba	ba	ring um at have i that have not all so to do a a	to just symbolism isn't that me. important The	ba	neutral
1368707	ba	ba	ba	ba	ba	ba	ba	basic whether of volume elasticity constituted. United matter than own-price is in of of now A as States considerable the (noshift) categories two these volume, workshared greater discussion that are the concerns	categories not and basic The are constituted. volume volume workshared	ba	entailment
1037476	ba	ba	ba	ba	ba	ba	ba	in below. or audited parties require fraud acts the to discussed GAGAS illegal entity to report directly circumstances, as outside auditors two	in auditing involved not GAGAS is work.	ba	neutral
1132723	ba	ba	ba	ba	ba	ba	ba	bond as felt with fellow us He writers. a	a fellow his He felt bond with writers.	ba	entailment
1158922	ba	ba	ba	ba	ba	ba	ba	there still Rick you	John? there, still You	ba	entailment
1328509	ba	ba	ba	ba	ba	ba	ba	pebbly Shearling wool, fleece sheep's with more texture. like a looks	The is looks sheep's shearling one a texture, with fleece. that pebby like wool,	ba	neutral
1230276	ba	ba	ba	ba	ba	ba	ba	long sign no of time, But life. was a further there for	people were secretly signs no mountains. hiding of because There the the in of all were life	ba	entailment
1332294	ba	ba	ba	ba	ba	ba	ba	notions like yeah about think lot with grow what up with of the preconceived people uh a world's uh i	of what world's are about. preset believe a people the with of I up lot ideas brought	ba	entailment
1275082	ba	ba	ba	ba	ba	ba	ba	of director new of a We're County. Legal Bob way looking community, said Cohen, Aid for serving Orange the Society underserved executive the of	society works of the for Bob County. Aid Blue Cohen Legal	ba	neutral
1392417	ba	ba	ba	ba	ba	ba	ba	further provide to consider wish management, several leadership To Congress and accountability may for	future leaders accountability the any Don't give	ba	entailment
1037181	ba	ba	ba	ba	ba	ba	ba	the of participate the for con development plans in design,	requires is complete and design no participation. The	ba	entailment
1190398	ba	ba	ba	ba	ba	ba	ba	to growth percent targets in 15 20 charges. had annual Columbia/HCA of managers percent	HCA 20 a projection had with a maximum of growth percent. managers	ba	neutral
1041355	ba	ba	ba	ba	ba	ba	ba	scope not full has planning included pointed activities in of that It are out out capture as it does the state been is the term country. the process the playing that often across the	occurring an a term country. state accurate is process The the around description planning of	ba	entailment
1078417	ba	ba	ba	ba	ba	ba	ba	my me. arrested I lodge, attention when had approaching by reached was running the of nearly a the figure man	man approached arms his was as he me. The waving	ba	entailment
1234112	ba	ba	ba	ba	ba	ba	ba	way look setting lake provides beautiful the relaxing get of in a ferry to a take some the The closer islands. at and	short use its for the slow and journey. ferry Many yet relaxing	ba	neutral
1201771	ba	ba	ba	ba	ba	ba	ba	Congress interests clients. attorneys funded provide represent the to indigent of grantees to LSC	from represented to by grantees. LSC funds congress clients were indigent The	ba	entailment
1050272	ba	ba	ba	ba	ba	ba	ba	harm more the the and they to busing, good. While ideal affirmative integration, than rest say action, continuing of do endorse	of endorse They the integration. ideal	ba	entailment
1007993	ba	ba	ba	ba	ba	ba	ba	a Daniel for died, his father driving in stolen was car with tags.) (When jail	Daniel father's was saddened death. his by	ba	neutral
1199110	ba	ba	ba	ba	ba	ba	ba	piece with order no left has land trailers been demolishing environmental concerns. in that of requirement meet present clean residents a that behind and city he Raimondi to a evicting are	trying environmental clean with make to his property is Raimondi no concerns.	ba	neutral
1335413	ba	ba	ba	ba	ba	ba	ba	system and after system considerable only being These about information used design. developed be techniques can require the	to It's number of techniques. count difficult very the	ba	neutral
1213211	ba	ba	ba	ba	ba	ba	ba	over breeds met right uh Sunday family was about daughter she a here you hobby went said we it we husband uh her in to and town a Cat getting that daughter need her said we thinking them actually her on well and a that Maine just to her were Coon lady	cheetahs a The for hobby breeds lady	ba	neutral
1244271	ba	ba	ba	ba	ba	ba	ba	"Not breaking, corrected, ""training. Drew"	that considered it was Drew training stated breaking. not	ba	entailment
1020396	ba	ba	ba	ba	ba	ba	ba	democracy. many he concludes recounts Havel's Vaclav of is The world's cover that troubles, but article still poet the	The cover image. to ruin intend does article Vaclav's not	ba	entailment
1237396	ba	ba	ba	ba	ba	ba	ba	and it down Murchison win championship two and and Lamar and them got sixty after versus popular in the a that two Clint and around sixty Hunt after the together AFL Houston the the uh crowd the it the to the i crowd was watched uh you the know went and joke season was Hunt had Murchison fact and uh sixty to coin stay season two in flipped loser Dallas	two. watch to play Houston I down sixty went in in them	ba	entailment
1062927	ba	ba	ba	ba	ba	ba	ba	a Bauerstein keys John. them and was pause, and two his pocket, handed Dr. from drew There then to	Baurstein The keys John were his handed office. Dr two to	ba	entailment
1136480	ba	ba	ba	ba	ba	ba	ba	at back earlier, table fellow had now. dozing been the roused If was he the	That at asleep. the is fellow sound table back	ba	neutral
1376388	ba	ba	ba	ba	ba	ba	ba	Mary. forced Converts Jesus their trampling and crucifixes effigies renounce of to faith by and were	faith. renounce didn't to Converts to do have their anything	ba	neutral
1359221	ba	ba	ba	ba	ba	ba	ba	Public Mr. Alternative Bar Examination, was Service the On reserved. Curnin	Curnin on about idea what bar was so the Mr. no very had examination. talking he spoke little	ba	entailment
1133181	ba	ba	ba	ba	ba	ba	ba	time, the the For occurred about me it girl's to wonder to first future.	girl's thought time. first future about the I for the	ba	neutral
1013717	ba	ba	ba	ba	ba	ba	ba	could sophistication Greenspan's questions such fumble an such in manner? of unsophisticated economist How important an	able to an him. level not economist surprising question put answer was of to Greenspan's was It that smoothly every	ba	entailment
