1002939	ba	ba	ba	ba	ba	ba	ba	The hotel lounges charge admission.	The hotel is lounged by charge admission.	ba	neutral
1001235	ba	ba	ba	ba	ba	ba	ba	No one ruled the region.	No one was ruled by the region.	ba	neutral
1000560	ba	ba	ba	ba	ba	ba	ba	The smaller states outweigh the larger states by 65%.	The larger states by 65 % outweigh the smaller states.	ba	neutral
2003119	ba	ba	ba	ba	ba	ba	ba	The British used their influence to spread Paganism.	Their influence to spread Paganism was used by the British.	ba	entailment
2000888	ba	ba	ba	ba	ba	ba	ba	No one told JUlius anything.	JUlius anything were told by no one.	ba	entailment
1003017	ba	ba	ba	ba	ba	ba	ba	The Kal provided very little assistance.	The Kal was provided by very little assistance.	ba	neutral
1000239	ba	ba	ba	ba	ba	ba	ba	The exhibits feature Alexander Flemming and Alexander Graham Bell. 	Alexander Flemming and Alexander Graham Bell feature the exhibits.	ba	neutral
2002568	ba	ba	ba	ba	ba	ba	ba	The employee enters a performance evaluation period where they get paid less for 3 months.	A performance evaluation period where they get paid less for 3 months are entered by the employee.	ba	entailment
2000030	ba	ba	ba	ba	ba	ba	ba	The dialogue contains a large amount of exposition.	A large amount of exposition is contained by the dialogue.	ba	entailment
1001653	ba	ba	ba	ba	ba	ba	ba	A tightly wrapped face suited the shrouded female of antiquity whose intelligence flowered secretly.	A tightly wrapped face was suited by the shrouded female of antiquity whose intelligence flowered secretly.	ba	neutral
1000204	ba	ba	ba	ba	ba	ba	ba	The showpiece contained a hidden timer.	A hidden timer contained the showpiece.	ba	neutral
2000663	ba	ba	ba	ba	ba	ba	ba	The Enquirer knows no other theory but the Lucy Mercer one.	No other theory but the Lucy Mercer one is known by the Enquirer.	ba	entailment
2002073	ba	ba	ba	ba	ba	ba	ba	This standard includes components that are defined and discussed. 	Components that are defined and discussed are included by this standard.	ba	entailment
1001173	ba	ba	ba	ba	ba	ba	ba	The market sold all sorts of crafts and foods.	The market was sold by all sorts of crafts and foods.	ba	neutral
2001817	ba	ba	ba	ba	ba	ba	ba	The youngster did a whole lot of good.	A whole lot of good was done by the youngster.	ba	entailment
2000050	ba	ba	ba	ba	ba	ba	ba	The Kal cracked his neck.	His neck was cracked by the Kal.	ba	entailment
1002458	ba	ba	ba	ba	ba	ba	ba	This page contains lots of information for shoppers about what is inside our mall and what is happening in our mall.	Lots of information for shoppers about what is inside our mall and what is happening in our mall contain this page.	ba	neutral
1003092	ba	ba	ba	ba	ba	ba	ba	The formal gardens include fountains and sculptures.	Fountains and sculptures include the formal gardens.	ba	neutral
1000784	ba	ba	ba	ba	ba	ba	ba	The crowd likes accidents where people die.	The crowd is liked by accidents where people die.	ba	neutral
2002717	ba	ba	ba	ba	ba	ba	ba	The commission shunned all comments and alternatives. 	All comments and alternatives were shunned by the commission.	ba	entailment
2001688	ba	ba	ba	ba	ba	ba	ba	The heath-tree fencing serves the dual purpose of determining plot boundaries.	The dual purpose of determining plot boundaries is served by the heath-tree fencing.	ba	entailment
1000069	ba	ba	ba	ba	ba	ba	ba	 The dark eyes remind people of the Moors.	People of the Moors remind the dark eyes.	ba	neutral
1001075	ba	ba	ba	ba	ba	ba	ba	The tube created a direct line between the two locations.	The tube was created by a direct line between the two locations.	ba	neutral
1001040	ba	ba	ba	ba	ba	ba	ba	The executioner did his job.	The executioner was done by his job.	ba	neutral
2001503	ba	ba	ba	ba	ba	ba	ba	The GAO regulates the information it provides to media outlets.	The information it provides to media outlets is regulated by the GAO.	ba	entailment
1002804	ba	ba	ba	ba	ba	ba	ba	The Gospels give a detailed account of this.	A detailed account of this gives the Gospels.	ba	neutral
1000332	ba	ba	ba	ba	ba	ba	ba	The four categories contained all the prohibited activities.	The four categories were contained by all the prohibited activities.	ba	neutral
1002946	ba	ba	ba	ba	ba	ba	ba	The stones include rubies and emeralds.	The stones are included by rubies and emeralds.	ba	neutral
1000426	ba	ba	ba	ba	ba	ba	ba	The incident involved a drunken fight between two Walmart cashiers.	A drunken fight between two Walmart cashiers involved the incident.	ba	neutral
1001054	ba	ba	ba	ba	ba	ba	ba	The analysis includes discussion of the record keeping requirements.	The analysis is included by discussion of the record keeping requirements.	ba	neutral
1000637	ba	ba	ba	ba	ba	ba	ba	The governor explained his wife's actions.	The governor was explained by his wife 's actions.	ba	neutral
2003026	ba	ba	ba	ba	ba	ba	ba	The rooms contain multiple electronic devices and technology items.	Multiple electronic devices and technology items are contained by the rooms.	ba	entailment
2001544	ba	ba	ba	ba	ba	ba	ba	The man place three knives in his shirt pocket.	Three knives in his shirt pocket are placed by the man.	ba	entailment
1003077	ba	ba	ba	ba	ba	ba	ba	The reviewers spent seven months researching their findings.	Seven months researching their findings spent the reviewers.	ba	neutral
1000149	ba	ba	ba	ba	ba	ba	ba	The French fought peaceful battles. 	Peaceful battles fought the French.	ba	neutral
1002252	ba	ba	ba	ba	ba	ba	ba	The tabloid interviews John Stamos, who reveals how he actually hates acting.	The tabloid is interviewed by John Stamos , who reveals how he actually hates acting.	ba	neutral
2001266	ba	ba	ba	ba	ba	ba	ba	The public welcomed the electronic materials and comments.	The electronic materials and comments were welcomed by the public.	ba	entailment
1000817	ba	ba	ba	ba	ba	ba	ba	A moment after the explosion he cried out. 	A moment was cried by the explosion.	ba	neutral
1000300	ba	ba	ba	ba	ba	ba	ba	A new provision prohibits any local program engaging in a substantial violation from being considered for an LSC grant.	A new provision is prohibited by any local program engaging in a substantial violation from being considered for an LSC grant.	ba	neutral
2002198	ba	ba	ba	ba	ba	ba	ba	The official compares the new and old data.	The new and old data are compared by the official.	ba	entailment
1003107	ba	ba	ba	ba	ba	ba	ba	The sisters knew Mr Hastings.	Mr Hastings knew the sisters.	ba	neutral
2002646	ba	ba	ba	ba	ba	ba	ba	The rule saves millions in direct benefits.	Millions in direct benefits are saved by the rule.	ba	entailment
2001392	ba	ba	ba	ba	ba	ba	ba	The author exposed his protagonist's secret motives.	His protagonist 's secret motives was exposed by the author.	ba	entailment
2002365	ba	ba	ba	ba	ba	ba	ba	This principal does no assurance in valid transactions.	No assurance in valid transactions is done by this principal.	ba	entailment
2000959	ba	ba	ba	ba	ba	ba	ba	The interior contains flamboyant fixtures and bold coloring.	Flamboyant fixtures and bold coloring are contained by the interior.	ba	entailment
1001642	ba	ba	ba	ba	ba	ba	ba	The project helps domestic violence victims video conference with doctors.	Domestic violence victims video conference with doctors help the project.	ba	neutral
2000397	ba	ba	ba	ba	ba	ba	ba	The main house contains a many pieces of antique furniture.	A many pieces of antique furniture are contained by the main house.	ba	entailment
2002058	ba	ba	ba	ba	ba	ba	ba	These activities include interviews with the OPM's Executive.	Interviews with the OPM 's Executive are included by these activities.	ba	entailment
1001239	ba	ba	ba	ba	ba	ba	ba	The practice needs no research.	No research needs the practice.	ba	neutral
1001651	ba	ba	ba	ba	ba	ba	ba	The man ignored the miner.	The man was ignored by the miner.	ba	neutral
1000612	ba	ba	ba	ba	ba	ba	ba	The doctor delivered tragic news. 	The doctor was delivered by tragic news.	ba	neutral
1000600	ba	ba	ba	ba	ba	ba	ba	the federal CIO faces additional challenges such as needing to keep track of external profits.	the federal CIO is faced by additional challenges such as needing to keep track of external profits.	ba	neutral
1001545	ba	ba	ba	ba	ba	ba	ba	This glitch causes the whole system to fail.	This glitch is caused by the whole system to fail.	ba	neutral
1000088	ba	ba	ba	ba	ba	ba	ba	The annual report includes an independent financial audit.	The annual report is included by an independent financial audit.	ba	neutral
2002317	ba	ba	ba	ba	ba	ba	ba	The best 10 inventions include the wheel and fire.	The wheel and fire are included by the best 10 inventions.	ba	entailment
1002697	ba	ba	ba	ba	ba	ba	ba	The employer matches the employee contributions.	The employee contributions match the employer.	ba	neutral
1002995	ba	ba	ba	ba	ba	ba	ba	Neither shop carries any books authored by Irish people. 	Neither shop is carried by any books authored by Irish people.	ba	neutral
1001870	ba	ba	ba	ba	ba	ba	ba	The Coroner finished his questioning of Mr. Mace, the pharmacist's assistant. 	His questioning of Mr. Mace , the pharmacist 's assistant finished the Coroner.	ba	neutral
1001155	ba	ba	ba	ba	ba	ba	ba	The analyses use statistics that are required by section 200 and 201.	Statistics that are required by section 200 and 201 use the analyses.	ba	neutral
1002424	ba	ba	ba	ba	ba	ba	ba	The second question concerns the deeper implications of the Lippo scandal.	The deeper implications of the Lippo scandal concern the second question.	ba	neutral
2001207	ba	ba	ba	ba	ba	ba	ba	The rider escaped the shot.	The shot was escapped by the rider.	ba	entailment
2001918	ba	ba	ba	ba	ba	ba	ba	The Israelis backed the Croats.  	The Croats was backed by the Israelis.	ba	entailment
1002805	ba	ba	ba	ba	ba	ba	ba	A train leaves every night.	Every night leaves a train.	ba	neutral
1000221	ba	ba	ba	ba	ba	ba	ba	Some products require classification reviews.	Classification reviews require some products.	ba	neutral
1002647	ba	ba	ba	ba	ba	ba	ba	the participating banks payed 1.6 percent in interest.	1.6 percent in interest payed the participating banks.	ba	neutral
1001513	ba	ba	ba	ba	ba	ba	ba	The council wrote a proposal to cut the budget.	A proposal to cut the budget wrote the council.	ba	neutral
1002787	ba	ba	ba	ba	ba	ba	ba	The two men grabbed a girl.	A girl grabbed the two men.	ba	neutral
2002749	ba	ba	ba	ba	ba	ba	ba	A big red horse rode past.	Past was ridden by a big red horse.	ba	entailment
1000700	ba	ba	ba	ba	ba	ba	ba	The factory produces food products.	The factory is produced by food products.	ba	neutral
2001166	ba	ba	ba	ba	ba	ba	ba	Some subjects receive a lot more allowance than others.	A lot more allowance than others is received by some subjects.	ba	entailment
2000655	ba	ba	ba	ba	ba	ba	ba	The tome contained an MIT psycholinguist's theory of evolution.	An MIT psycholinguist 's theory of evolution was contained by the tome.	ba	entailment
2000981	ba	ba	ba	ba	ba	ba	ba	The SCR forbids the use of sorbent injection.	The use of sorbent injection is forbidden by the SCR.	ba	entailment
1002427	ba	ba	ba	ba	ba	ba	ba	The website contails photos, cast biographies and ticket information.	Photos , cast biographies and ticket information contail the website.	ba	neutral
1002931	ba	ba	ba	ba	ba	ba	ba	The 1999 guidelines included the requirement of blood alcohol content testing in patients. 	The requirement of blood alcohol content testing in patients included the 1999 guidelines.	ba	neutral
1003036	ba	ba	ba	ba	ba	ba	ba	The locals drink ice in hot weather.	The locals are drunk by ice in hot weather.	ba	neutral
1002987	ba	ba	ba	ba	ba	ba	ba	This company cares a lot about their employees. 	This company is cared by a lot about their employees.	ba	neutral
1003008	ba	ba	ba	ba	ba	ba	ba	A coastal road connects Calpe to Moraira.	A coastal road is connected by Calpe to Moraira.	ba	neutral
1000147	ba	ba	ba	ba	ba	ba	ba	The auction exploits desperate sellers.	Desperate sellers exploit the auction.	ba	neutral
1000737	ba	ba	ba	ba	ba	ba	ba	The survey covers the whole country.	The whole country covers the survey.	ba	neutral
2002548	ba	ba	ba	ba	ba	ba	ba	The policies complement the emission caps that were imposed by 2009.	The emission caps that were imposed by 2009 are complemented by the policies.	ba	entailment
1001398	ba	ba	ba	ba	ba	ba	ba	The site shows the first payment accuracy review on Medicaid.	The site is shown by the first payment accuracy review on Medicaid.	ba	neutral
2000572	ba	ba	ba	ba	ba	ba	ba	The model considers multiple factors including consumption of all utilities.	Multiple factors including consumption of all utilities are considered by the model.	ba	entailment
1000334	ba	ba	ba	ba	ba	ba	ba	The bullet misses Lana.	Lana misses the bullet.	ba	neutral
2001182	ba	ba	ba	ba	ba	ba	ba	The functions suggest a lot of health problems.	A lot of health problems is suggested by the functions.	ba	entailment
1002514	ba	ba	ba	ba	ba	ba	ba	The office gives free legal services in Lee County and Christiansburg.	The office is given by free legal services in Lee County and Christiansburg.	ba	neutral
1000598	ba	ba	ba	ba	ba	ba	ba	A recent excavation uncovered a cache of treasures.	A cache of treasures uncovered a recent excavation.	ba	neutral
2001448	ba	ba	ba	ba	ba	ba	ba	The Commission explained the sections of the State Power Act.	The sections of the State Power Act were explained by the Commission.	ba	entailment
1000380	ba	ba	ba	ba	ba	ba	ba	The veils represent mysticism and truth.	Mysticism and truth represent the veils.	ba	neutral
1000430	ba	ba	ba	ba	ba	ba	ba	All British poets share the taste of Motion. 	The taste of Motion shares all British poets.	ba	neutral
1000084	ba	ba	ba	ba	ba	ba	ba	Every magician learns the Medical Art for a while when they are a student.	The Medical Art for a while when they are a student learn every magician.	ba	neutral
2001781	ba	ba	ba	ba	ba	ba	ba	The roof offers an amazing view.	An amazing view is offered by the roof.	ba	entailment
1002288	ba	ba	ba	ba	ba	ba	ba	The Kal re-fastened a plate he picked up.	A plate he picked up re-fastenned the Kal.	ba	neutral
1001022	ba	ba	ba	ba	ba	ba	ba	The wide terraces provide wonderful views of the surrounding area. 	The wide terraces are provided by wonderful views of the surrounding area.	ba	neutral
1000113	ba	ba	ba	ba	ba	ba	ba	No other homes match the luxurity or elite status of these homes.	No other homes are matched by the luxurity or elite status of these homes.	ba	neutral
2000206	ba	ba	ba	ba	ba	ba	ba	The two combined creates a comprehensive picture.	A comprehensive picture is created by the two combined.	ba	entailment
1002624	ba	ba	ba	ba	ba	ba	ba	The woman wore just a swimsuit.	The woman was worn by just a swimsuit.	ba	neutral
1000993	ba	ba	ba	ba	ba	ba	ba	the existing CPT covers a large range of services for insured patients.	A large range of services for insured patients covers the existing CPT.	ba	neutral
2001174	ba	ba	ba	ba	ba	ba	ba	The exhibit shows a novelist that was good at sketching people as well.	A novelist that was good at sketching people as well is shown by the exhibit.	ba	entailment
1002184	ba	ba	ba	ba	ba	ba	ba	The farmers gained knowledge of how the company works.	Knowledge of how the company works gained the farmers.	ba	neutral
2000309	ba	ba	ba	ba	ba	ba	ba	The record provides an important context.	An important context is provided by the record.	ba	entailment
1000321	ba	ba	ba	ba	ba	ba	ba	Every review gives some kind of improvement.	Some kind of improvement gives every review.	ba	neutral
1002401	ba	ba	ba	ba	ba	ba	ba	The state maintains very poor accounting practices.	The state is maintained by very poor accounting practices.	ba	neutral
1001234	ba	ba	ba	ba	ba	ba	ba	The benefits include free education and healthcare.	Free education and healthcare include the benefits.	ba	neutral
1002462	ba	ba	ba	ba	ba	ba	ba	This program lowered pollution levels less than all the other Clean Air Act programs.	Pollution levels less than all the other Clean Air Act programs lowered this program.	ba	neutral
2000250	ba	ba	ba	ba	ba	ba	ba	The Greek Empire forced the fall of the Roman Empire.	The fall of the Roman Empire was forced by the Greek Empire.	ba	entailment
1002482	ba	ba	ba	ba	ba	ba	ba	Some changes require justification and approval.	Justification and approval require some changes.	ba	neutral
1000700	ba	ba	ba	ba	ba	ba	ba	The factory produces food products.	Food products produce the factory.	ba	neutral
1002363	ba	ba	ba	ba	ba	ba	ba	The war ended six days later.	The war was ended by six days later.	ba	neutral
1001827	ba	ba	ba	ba	ba	ba	ba	The story overwhelms the symbolism.	The story is overwhelmed by the symbolism.	ba	neutral
2002898	ba	ba	ba	ba	ba	ba	ba	The men needed a strong leader who had other qualities, too.	A strong leader who had other qualities , too was needed by the men.	ba	entailment
2002833	ba	ba	ba	ba	ba	ba	ba	The next section covers various possible monitoring strategies.	Various possible monitoring strategies are covered by the next section.	ba	entailment
2001831	ba	ba	ba	ba	ba	ba	ba	Some people dislike the current ratemaking process.	The current ratemaking process are disliked by some people.	ba	entailment
1000383	ba	ba	ba	ba	ba	ba	ba	The system saved the department money.	The department money saved the system.	ba	neutral
1000842	ba	ba	ba	ba	ba	ba	ba	The analysis ignores the data for all previous years.	The data for all previous years ignore the analysis.	ba	neutral
2000241	ba	ba	ba	ba	ba	ba	ba	The horse made a terrible noise.	A terrible noise was made by the horse.	ba	entailment
1000932	ba	ba	ba	ba	ba	ba	ba	The men wore dark suits.	The men were worn by dark suits.	ba	neutral
1000908	ba	ba	ba	ba	ba	ba	ba	The money loses value when it is underestimated in worth.	The money is lost by value when it is underestimated in worth.	ba	neutral
2001620	ba	ba	ba	ba	ba	ba	ba	The assyrians absorbed the Hitties, who were forced to flee south into the mountains, and remain there.	The Hitties , who were forced to flee south into the mountains , and remain there was absorbed by the assyrians.	ba	entailment
1001630	ba	ba	ba	ba	ba	ba	ba	The benefits include dental and vision and a gym membership.	The benefits are included by dental and vision and a gym membership.	ba	neutral
1000567	ba	ba	ba	ba	ba	ba	ba	The IRS established an organizational unit that is staffed with professionals.	An organizational unit that is staffed with professionals established the IRS.	ba	neutral
2001899	ba	ba	ba	ba	ba	ba	ba	Some people found the discrepancy to be crucial.	The discrepancy to be crucial was found by some people.	ba	entailment
1003113	ba	ba	ba	ba	ba	ba	ba	A recent article encouraged Noam Chomsky's theory.	A recent article was encouraged by Noam Chomsky 's theory.	ba	neutral
2000809	ba	ba	ba	ba	ba	ba	ba	The IRS faces a challenge.	A challenge is faced by the IRS.	ba	entailment
1001632	ba	ba	ba	ba	ba	ba	ba	The President gave a message urging people to enjoy life.	The President was given by a message urging people to enjoy life.	ba	neutral
1000168	ba	ba	ba	ba	ba	ba	ba	This attraction features a swimming pool and a fancy place to eat.	A swimming pool and a fancy place to eat features this attraction.	ba	neutral
1002292	ba	ba	ba	ba	ba	ba	ba	The computer does the hard work of supplying which Zip Code goes where.	The computer is done by the hard work of supplying which Zip Code goes where.	ba	neutral
1002519	ba	ba	ba	ba	ba	ba	ba	The magazine mentioned the plan.	The plan mentioned the magazine.	ba	neutral
2001683	ba	ba	ba	ba	ba	ba	ba	The interactive exhibits feature actors dressed in costumes.	Actors dressed in costumes are featured by the interactive exhibits.	ba	entailment
1002125	ba	ba	ba	ba	ba	ba	ba	The son surpassed his father.	His father surpassed the son.	ba	neutral
1001976	ba	ba	ba	ba	ba	ba	ba	The Biological Differences Between Men and Women can be fighting words.	The Biological Differences be fought by Men and Women.	ba	neutral
2001079	ba	ba	ba	ba	ba	ba	ba	The ITC developed an online community that promised to be user-friendly. 	An online community that promised to be user-friendly was developed by the ITC.	ba	entailment
1000222	ba	ba	ba	ba	ba	ba	ba	The enviros feel a mixture of pleasure and concern.	A mixture of pleasure and concern feels the enviros.	ba	neutral
2000141	ba	ba	ba	ba	ba	ba	ba	The stronger guys did the bulk of it all.	The bulk of it all was done by the stronger guys.	ba	entailment
1001680	ba	ba	ba	ba	ba	ba	ba	The EPA resubmitted all eight requests.	The EPA was resubmited by all eight requests.	ba	neutral
1001834	ba	ba	ba	ba	ba	ba	ba	The RPH uses a single point for its tax plan.	The RPH is used by a single point for its tax plan.	ba	neutral
1000786	ba	ba	ba	ba	ba	ba	ba	The guidelines discuss the clarity of issues regarding cooking.	The clarity of issues regarding cooking discusses the guidelines.	ba	neutral
1002809	ba	ba	ba	ba	ba	ba	ba	The commercial tools included firewalls and virus protections.	Firewalls and virus protections included the commercial tools.	ba	neutral
2000719	ba	ba	ba	ba	ba	ba	ba	The interpretation ignores the anti intellectual precept. 	The anti intellectual precept is ignored by the interpretation.	ba	entailment
1002131	ba	ba	ba	ba	ba	ba	ba	The film gives the correct impression about how many of those Flynt has.	The correct impression about how many of those Flynt has gives the film.	ba	neutral
1000199	ba	ba	ba	ba	ba	ba	ba	The man enjoyed his name. 	His name enjoyed the man.	ba	neutral
2002499	ba	ba	ba	ba	ba	ba	ba	This approach deters erroneous and fraudulent billings.	Erroneous and fraudulent billings are deterred by this approach.	ba	entailment
2001681	ba	ba	ba	ba	ba	ba	ba	The northerner looked a blade he took out from his boot.	A blade he took out from his boot was looked by the northerner.	ba	entailment
2001659	ba	ba	ba	ba	ba	ba	ba	No one took pictures.	Pictures were taken by no one.	ba	entailment
1003125	ba	ba	ba	ba	ba	ba	ba	The document offers final guidance.	The document is offered by final guidance.	ba	neutral
2003028	ba	ba	ba	ba	ba	ba	ba	An earthquake destroyed the first palace that was built at Knosses.	The first palace that was built at Knosses was destroyed by an earthquake.	ba	entailment
1000796	ba	ba	ba	ba	ba	ba	ba	The improvements took place because of well-meaning people who provided foreign aid.	Place because of well-meaning people who provided foreign aid took the improvements.	ba	neutral
1002681	ba	ba	ba	ba	ba	ba	ba	The roads curved a lot.	A lot curved the roads.	ba	neutral
1001634	ba	ba	ba	ba	ba	ba	ba	No one showed an effect.	An effect showed no one.	ba	neutral
2001897	ba	ba	ba	ba	ba	ba	ba	The response addresses all the main points.	All the main points are addrest by the response.	ba	entailment
2000713	ba	ba	ba	ba	ba	ba	ba	A prospector found the Oro Cruz, the richest mines in the Tubacca hills.	The Oro Cruz , the richest mines in the Tubacca hills were found by a prospector.	ba	entailment
1003104	ba	ba	ba	ba	ba	ba	ba	The record provides important context.	Important context provides the record.	ba	neutral
1001666	ba	ba	ba	ba	ba	ba	ba	The Time Out section is aimed only at adults.	Section aimed the Time.	ba	neutral
2000974	ba	ba	ba	ba	ba	ba	ba	The next meeting produced no results.	No results were produced by the next meeting.	ba	entailment
1002557	ba	ba	ba	ba	ba	ba	ba	A technophilic curses the Lord for the technology that created cell phones. 	The Lord for the technology that created cell phones curses a technophilic.	ba	neutral
2000215	ba	ba	ba	ba	ba	ba	ba	The question generated a record number of differences focused on Mr. Buchanan's politics.	A record number of differences focused on Mr. Buchanan 's politics was generated by the question.	ba	entailment
1002870	ba	ba	ba	ba	ba	ba	ba	The Department prescribes channels for communication which do not include the ex parte communication.	Channels for communication which do not include the ex parte communication prescribe the Department.	ba	neutral
1000389	ba	ba	ba	ba	ba	ba	ba	The government measured the availability by how many people they counted in apartments. 	The government was measured by the availability by how many people they counted in apartments.	ba	neutral
2001905	ba	ba	ba	ba	ba	ba	ba	The latter shook their head.	Their head was shaken by the latter.	ba	entailment
1001671	ba	ba	ba	ba	ba	ba	ba	The LSC decides the configuration of service areas.	The configuration of service areas decides the LSC.	ba	neutral
1001784	ba	ba	ba	ba	ba	ba	ba	The woman took an overdose of ibuprofen.	An overdose of ibuprofen took the woman.	ba	neutral
1001939	ba	ba	ba	ba	ba	ba	ba	The rules need no explanation.	The rules are needed by no explanation.	ba	neutral
1001939	ba	ba	ba	ba	ba	ba	ba	The rules need no explanation.	No explanation needs the rules.	ba	neutral
1001608	ba	ba	ba	ba	ba	ba	ba	The fellow wears a beret to accentuate his mustache.	The fellow is worn by a beret to accentuate his mustache.	ba	neutral
1000840	ba	ba	ba	ba	ba	ba	ba	The unfinished palace contains a world-class collection of modern art.	The unfinished palace is contained by a world-class collection of modern art.	ba	neutral
2002416	ba	ba	ba	ba	ba	ba	ba	The split caused complete unification of everyone.	Complete unification of everyone was caused by the split.	ba	entailment
2000727	ba	ba	ba	ba	ba	ba	ba	The authorities encourage destruction of the local environment.	Destruction of the local environment is encouraged by the authorities.	ba	entailment
1002872	ba	ba	ba	ba	ba	ba	ba	The witnesses made an error.	An error made the witnesses.	ba	neutral
1000888	ba	ba	ba	ba	ba	ba	ba	No one told JUlius anything.	JUlius anything told no one.	ba	neutral
1000969	ba	ba	ba	ba	ba	ba	ba	The federal employees receive no benefits.	The federal employees are received by no benefits.	ba	neutral
2001153	ba	ba	ba	ba	ba	ba	ba	The mosaics depict a dangerous river crossing after a storm.	A dangerous river crossing after a storm is depicted by the mosaics.	ba	entailment
1000742	ba	ba	ba	ba	ba	ba	ba	The statues depict birds, which spurt water from their beaks.	The statues are depicted by birds , which spurt water from their beaks.	ba	neutral
2001819	ba	ba	ba	ba	ba	ba	ba	The principals make decisions for the organization's future.	Decisions for the organization 's future are made by the principals.	ba	entailment
1002340	ba	ba	ba	ba	ba	ba	ba	The gardens make a terrible place to have a tour in.	The gardens are made by a terrible place to have a tour in.	ba	neutral
1002407	ba	ba	ba	ba	ba	ba	ba	This act designated strategic human capital management as one of the Federal government's highest priorities.	This act was designated by strategic human capital management as one of the Federal government 's highest priorities.	ba	neutral
1000458	ba	ba	ba	ba	ba	ba	ba	The publications include details on Clinton's affairs.	Details on Clinton 's affairs include the publications.	ba	neutral
2000997	ba	ba	ba	ba	ba	ba	ba	The slaves took every morsel of food.	Every morsel of food was taken by the slaves.	ba	entailment
2001864	ba	ba	ba	ba	ba	ba	ba	The dock contained a prisoner who smiled wistfully.	A prisoner who smiled wistfully was contained by the dock.	ba	entailment
2000049	ba	ba	ba	ba	ba	ba	ba	The relief shows an image of Jesus.	An image of Jesus is shown by the relief.	ba	entailment
1001695	ba	ba	ba	ba	ba	ba	ba	The hospital ignored the potential dangers.	The hospital was ignored by the potential dangers.	ba	neutral
1001794	ba	ba	ba	ba	ba	ba	ba	The girl explained the reason for what she did. 	The reason for what she did explained the girl.	ba	neutral
1002774	ba	ba	ba	ba	ba	ba	ba	The glossary contains over a dozen terms used in major sections.	Over a dozen terms used in major sections contain the glossary.	ba	neutral
1001032	ba	ba	ba	ba	ba	ba	ba	The online Times contains a lot of Whitewater coverage. 	The online Times is contained by a lot of Whitewater coverage.	ba	neutral
2000333	ba	ba	ba	ba	ba	ba	ba	A fire burned 200 acres, including a lot of the structure.	200 acres , including a lot of the structure were burnt by a fire.	ba	entailment
1001719	ba	ba	ba	ba	ba	ba	ba	The review found an overabundance of statistical process control.	An overabundance of statistical process control found the review.	ba	neutral
1002016	ba	ba	ba	ba	ba	ba	ba	The valleys grow grapes and olives.	Grapes and olives grow the valleys.	ba	neutral
1002052	ba	ba	ba	ba	ba	ba	ba	The Romans changed the names of the Greek gods.	The names of the Greek gods changed the Romans.	ba	neutral
2001956	ba	ba	ba	ba	ba	ba	ba	The company offers all those services in exchange for your personal information.	All those services in exchange for your personal information are offered by the company.	ba	entailment
1002478	ba	ba	ba	ba	ba	ba	ba	The two presidential candidates concluded their runs.	The two presidential candidates were concluded by their runs.	ba	neutral
1002377	ba	ba	ba	ba	ba	ba	ba	The Scottish people suffered a very long time. 	The Scottish people were suffered by a very long time.	ba	neutral
2000410	ba	ba	ba	ba	ba	ba	ba	The Senate opposed the introduction of the immigration act.	The introduction of the immigration act was opposed by the Senate.	ba	entailment
2002970	ba	ba	ba	ba	ba	ba	ba	The Turks sought control of Peshawar, Lahore and Delhi.	Control of Peshawar , Lahore and Delhi was sought by the Turks.	ba	entailment
1002158	ba	ba	ba	ba	ba	ba	ba	The company needs more employees to grow.	The company is needed by more employees to grow.	ba	neutral
1001791	ba	ba	ba	ba	ba	ba	ba	The merchant watched the people.	The merchant was watched by the people.	ba	neutral
1002000	ba	ba	ba	ba	ba	ba	ba	The males wash the clothes in the river.	The males are washed by the clothes in the river.	ba	neutral
2001664	ba	ba	ba	ba	ba	ba	ba	The painting depicts seven people climbing a mountain for the empire.	Seven people climbing a mountain for the empire are depicted by the painting.	ba	entailment
1002689	ba	ba	ba	ba	ba	ba	ba	The walk takes about 30 hours.	The walk is taken by about 30 hours.	ba	neutral
2001929	ba	ba	ba	ba	ba	ba	ba	The toxic waste causes rapid growth of dangerous algal blooms in coastal areas.	Rapid growth of dangerous algal blooms in coastal areas is caused by the toxic waste.	ba	entailment
1001877	ba	ba	ba	ba	ba	ba	ba	The paper delayed the report it was going to publish.	The report it was going to publish delayed the paper.	ba	neutral
2001778	ba	ba	ba	ba	ba	ba	ba	The Phoenicians left Iraq.	Iraq was left by the Phoenicians.	ba	entailment
1002124	ba	ba	ba	ba	ba	ba	ba	The Venetians created the walls which were later upgraded by the Ottomans.	The walls which were later upgraded by the Ottomans created the Venetians.	ba	neutral
2001013	ba	ba	ba	ba	ba	ba	ba	The leader rode a dark brown horse.	A dark brown horse was ridden by the leader.	ba	entailment
1001319	ba	ba	ba	ba	ba	ba	ba	The woman wrote the book.	The book wrote the woman.	ba	neutral
1002001	ba	ba	ba	ba	ba	ba	ba	The Limey stars a felonious Brit who flees to Northern California. 	The Limey is starred by a felonious Brit who flees to Northern California.	ba	neutral
1003034	ba	ba	ba	ba	ba	ba	ba	The Italian landmass covers only 100 square miles.	The Italian landmass are covered by only 100 square miles.	ba	neutral
2002663	ba	ba	ba	ba	ba	ba	ba	No one celebrates Buddha's birthday in Japan.	Buddha 's birthday in Japan is celebrated by no one.	ba	entailment
1001211	ba	ba	ba	ba	ba	ba	ba	The Hawiians hated their king.	Their king hated the Hawiians.	ba	neutral
2000022	ba	ba	ba	ba	ba	ba	ba	The LSC reconfigured the Bay Area.	The Bay Area were reconfigured by the LSC.	ba	entailment
2000284	ba	ba	ba	ba	ba	ba	ba	The spot denigrates numbers.	Numbers are denigrated by the spot.	ba	entailment
2000326	ba	ba	ba	ba	ba	ba	ba	The FHWA celebrates its executives achievements. 	Its executives achievements are celebrated by the FHWA.	ba	entailment
1000167	ba	ba	ba	ba	ba	ba	ba	The activity consumes resources.	The activity is consumed by resources.	ba	neutral
1002084	ba	ba	ba	ba	ba	ba	ba	No one liked Voth.	No one was liked by Voth.	ba	neutral
1002529	ba	ba	ba	ba	ba	ba	ba	No companies need accounting standards.	No companies are needed by accounting standards.	ba	neutral
1002642	ba	ba	ba	ba	ba	ba	ba	Both magazines covered the popular drug Ginkgo biloba.	The popular drug Ginkgo biloba covered both magazines.	ba	neutral
2001577	ba	ba	ba	ba	ba	ba	ba	The facade features paintings of Biblical characters.	Paintings of Biblical characters are featured by the facade.	ba	entailment
1000600	ba	ba	ba	ba	ba	ba	ba	the federal CIO faces additional challenges such as needing to keep track of external profits.	Additional challenges such as needing to keep track of external profits face the federal CIO.	ba	neutral
2002300	ba	ba	ba	ba	ba	ba	ba	The commission published the notice of proposed rulemaking at the last second.	The notice of proposed rulemaking at the last second was published by the commission.	ba	entailment
1002022	ba	ba	ba	ba	ba	ba	ba	The room seemed weather proof. 	Weather proof seemed the room.	ba	neutral
1000741	ba	ba	ba	ba	ba	ba	ba	The federal CIO faces no additional challenges.	The federal CIO is faced by no additional challenges.	ba	neutral
1000349	ba	ba	ba	ba	ba	ba	ba	The new state included several territories that were previously unrelated.	Several territories that were previously unrelated included the new state.	ba	neutral
1001302	ba	ba	ba	ba	ba	ba	ba	All employers exploit the H-2A system.	All employers are exploited by the H-2A system.	ba	neutral
2002854	ba	ba	ba	ba	ba	ba	ba	The girl ignored their actions. 	Their actions were ignored by the girl.	ba	entailment
1001526	ba	ba	ba	ba	ba	ba	ba	The silver dragon-head hammer reflected the white sun's light.	The silver dragon-head hammer was reflected by the white sun 's light.	ba	neutral
1002859	ba	ba	ba	ba	ba	ba	ba	The transaction helps the employees a lot.	The employees a lot help the transaction.	ba	neutral
2000942	ba	ba	ba	ba	ba	ba	ba	The silver dragon-head hammer reflected the red sun's light.	The red sun 's light was reflected by the silver dragon-head hammer.	ba	entailment
2003021	ba	ba	ba	ba	ba	ba	ba	The Aryans established a structure which included warriors, priests and commoners.	A structure which included warriors , priests and commoners was established by the Aryans.	ba	entailment
2000462	ba	ba	ba	ba	ba	ba	ba	The rules cover registration, preparation of risk management plans and maintenance of documentation that takes place off site. 	Registration , preparation of risk management plans and maintenance of documentation that takes place off site is covered by the rules.	ba	entailment
1002933	ba	ba	ba	ba	ba	ba	ba	The commission saw 21 sites that had rates for industrial countries.	21 sites that had rates for industrial countries saw the commission.	ba	neutral
1000849	ba	ba	ba	ba	ba	ba	ba	The wider polling presents a mixed picture for McCain.	A mixed picture for McCain presents the wider polling.	ba	neutral
2001319	ba	ba	ba	ba	ba	ba	ba	The woman wrote the book.	The book was written by the woman.	ba	entailment
1002861	ba	ba	ba	ba	ba	ba	ba	The Byzantines influence the designs a lot.	The Byzantines is influenced by the designs a lot.	ba	neutral
1001292	ba	ba	ba	ba	ba	ba	ba	The knife hit his leg.	His leg hits the knife.	ba	neutral
2002759	ba	ba	ba	ba	ba	ba	ba	The gigantic and spacious castle features a huge cemetery.	A huge cemetery is featured by the gigantic and spacious castle.	ba	entailment
2000205	ba	ba	ba	ba	ba	ba	ba	This guide discusses CIOs in the federal government.	CIOs in the federal government is discussed by this guide.	ba	entailment
1002936	ba	ba	ba	ba	ba	ba	ba	No one needs a microwave license. 	A microwave license need no one.	ba	neutral
2000927	ba	ba	ba	ba	ba	ba	ba	The official festival caused a spin-off.	A spin-off was caused by the official festival.	ba	entailment
1002231	ba	ba	ba	ba	ba	ba	ba	The huge bird kept flying onward toward the goal.	The huge bird was kept by flying onward toward the goal.	ba	neutral
2002486	ba	ba	ba	ba	ba	ba	ba	The filmmakers reversed the tide to change the appearance of the character.	The tide to change the appearance of the character was reversed by the filmmakers.	ba	entailment
1000519	ba	ba	ba	ba	ba	ba	ba	The hotel requires more than one hundred occupants each night to cover expenses.	More than one hundred occupants each night to cover expenses require the hotel.	ba	neutral
1000556	ba	ba	ba	ba	ba	ba	ba	The Commission overlooked the comments of the general public.	The Commission was overlooked by the comments of the general public.	ba	neutral
1002470	ba	ba	ba	ba	ba	ba	ba	The outer ramparts encompass both the cathedral grounds.	Both the cathedral grounds encompass the outer ramparts.	ba	neutral
2002671	ba	ba	ba	ba	ba	ba	ba	The list details the various good causes, for which there are many.	The various good causes , for which there are many are detailed by the list.	ba	entailment
2000855	ba	ba	ba	ba	ba	ba	ba	The farmers neglected their crops.	Their crops were neglected by the farmers.	ba	entailment
1002618	ba	ba	ba	ba	ba	ba	ba	The memoir gets something right.	The memoir is gotten by something right.	ba	neutral
1001218	ba	ba	ba	ba	ba	ba	ba	The EPA published its final regulatory flexibility analyses summary.	The EPA was published by its final regulatory flexibility analyses summary.	ba	neutral
1002077	ba	ba	ba	ba	ba	ba	ba	The Crawfords own the bed and breakfast.	The bed and breakfast own the Crawfords.	ba	neutral
1001938	ba	ba	ba	ba	ba	ba	ba	The ship detected blue lights.	Blue lights detected the ship.	ba	neutral
2001338	ba	ba	ba	ba	ba	ba	ba	The document summarizes LSC management's internal practices for the Supreme Court.	LSC management 's internal practices for the Supreme Court are summarized by the document.	ba	entailment
1002513	ba	ba	ba	ba	ba	ba	ba	The GPRA covers every major federal agency.	The GPRA is covered by every major federal agency.	ba	neutral
2001386	ba	ba	ba	ba	ba	ba	ba	The act involves treatment of animals.	Treatment of animals is involved by the act.	ba	entailment
1000178	ba	ba	ba	ba	ba	ba	ba	The EPA published the notice.	The notice published the EPA.	ba	neutral
1002152	ba	ba	ba	ba	ba	ba	ba	The pottery includes Incan designs.	The pottery is included by Incan designs.	ba	neutral
2001962	ba	ba	ba	ba	ba	ba	ba	The Dean knows Dana Conner from working together.	Dana Conner from working together are known by the Dean.	ba	entailment
1000159	ba	ba	ba	ba	ba	ba	ba	The committee supports the LSC's plan to simplify their bureaucratic mess.	The committee is supported by the LSC 's plan to simplify their bureaucratic mess.	ba	neutral
1001217	ba	ba	ba	ba	ba	ba	ba	A neutral middleman facilitated trade between China and Japan.	A neutral middleman was facilitated by trade between China and Japan.	ba	neutral
2001219	ba	ba	ba	ba	ba	ba	ba	The Koran describes the story of Muhammad.	The story of Muhammad is described by the Koran.	ba	entailment
1000921	ba	ba	ba	ba	ba	ba	ba	The mare made a frantic noise.	The mare was made by a frantic noise.	ba	neutral
2001988	ba	ba	ba	ba	ba	ba	ba	The report supported the view.	The view was supported by the report.	ba	entailment
2001019	ba	ba	ba	ba	ba	ba	ba	The Explorer shook his head.	His head was shaken by the Explorer.	ba	entailment
2001785	ba	ba	ba	ba	ba	ba	ba	The pope commissioned many works of art.	Many works of art were commissioned by the pope.	ba	entailment
1003128	ba	ba	ba	ba	ba	ba	ba	A continuing resolution makes spending skyrocket.	A continuing resolution is made by spending skyrocket.	ba	neutral
1000000	ba	ba	ba	ba	ba	ba	ba	The movie stars Matt Dillon and Gary Sinise.	The movie is starred by Matt Dillon and Gary Sinise.	ba	neutral
1002212	ba	ba	ba	ba	ba	ba	ba	The Dispute features Pope Gregory, Thomas Aquinas and painter Fra Angelico.  	The Dispute is featured by Pope Gregory , Thomas Aquinas and painter Fra Angelico.	ba	neutral
1001237	ba	ba	ba	ba	ba	ba	ba	A secluded spot awaits your discovery.	Your discovery awaits a secluded spot.	ba	neutral
1001296	ba	ba	ba	ba	ba	ba	ba	The town offers Chinese restaurants.	Chinese restaurants offer the town.	ba	neutral
2002673	ba	ba	ba	ba	ba	ba	ba	A man carved the statue of the deer.	The statue of the deer was carven by a man.	ba	entailment
1002839	ba	ba	ba	ba	ba	ba	ba	The model simulates the size of the pool of base cations in the dirt.	The model is simulated by the size of the pool of base cations in the dirt.	ba	neutral
2002287	ba	ba	ba	ba	ba	ba	ba	The council charges mandatory fees for aid.	Mandatory fees for aid are charged by the council.	ba	entailment
1000896	ba	ba	ba	ba	ba	ba	ba	The fortress up the hill is actually made out of two castles. 	The hill made the fortress.	ba	neutral
1001077	ba	ba	ba	ba	ba	ba	ba	The site bears a cross carved into stone.	A cross carved into stone bears the site.	ba	neutral
1000350	ba	ba	ba	ba	ba	ba	ba	The new factor explained nothing.	The new factor was explained by nothing.	ba	neutral
2001169	ba	ba	ba	ba	ba	ba	ba	The Zealots used a poison to kill themselves.	A poison to kill themselves was used by the Zealots.	ba	entailment
1000166	ba	ba	ba	ba	ba	ba	ba	The walk takes most people less than half an hour.	Most people less than half an hour take the walk.	ba	neutral
2001337	ba	ba	ba	ba	ba	ba	ba	The GAO follows the President's Council on Integrity and Efficiency guidelines.	The President 's Council on Integrity and Efficiency guidelines is followed by the GAO.	ba	entailment
1001324	ba	ba	ba	ba	ba	ba	ba	The remarkable inner sanctuary took 1000's of years to be mastered.	1000 's of years to be mastered took the remarkable inner sanctuary.	ba	neutral
2000500	ba	ba	ba	ba	ba	ba	ba	The tidal waves caused many deaths.	Many deaths were caused by the tidal waves.	ba	entailment
1002241	ba	ba	ba	ba	ba	ba	ba	The palace offers morning tours for early risers.	Morning tours for early risers offer the palace.	ba	neutral
2001900	ba	ba	ba	ba	ba	ba	ba	The community sets rules against African American people.	Rules against African American people are set by the community.	ba	entailment
1000161	ba	ba	ba	ba	ba	ba	ba	The first table compares leading practices and Federal CIO management practices.	The first table is compared by leading practices and Federal CIO management practices.	ba	neutral
2001976	ba	ba	ba	ba	ba	ba	ba	The Biological Differences Between Men and Women can be fighting words.	Men and Women be fought by the Biological Differences.	ba	entailment
1001377	ba	ba	ba	ba	ba	ba	ba	The commission wanted opinions of different alternatives. 	Opinions of different alternatives wanted the commission.	ba	neutral
2000125	ba	ba	ba	ba	ba	ba	ba	The Serbs defy the cease-fire around the massacre site.	The cease-fire around the massacre site is defied by the Serbs.	ba	entailment
1000071	ba	ba	ba	ba	ba	ba	ba	The men paid the people who managed the land for them a lot.	The people who managed the land for them a lot paid the men.	ba	neutral
1000913	ba	ba	ba	ba	ba	ba	ba	The LSC maintains large amounts of data in enormous filing cabinets.	The LSC is maintained by large amounts of data in enormous filing cabinets.	ba	neutral
2002463	ba	ba	ba	ba	ba	ba	ba	The first conference experienced a record high attendance.	A record high attendance was experienced by the first conference.	ba	entailment
1002030	ba	ba	ba	ba	ba	ba	ba	The sneth-knife knows no bounds. 	The sneth-knife is known by no bounds.	ba	neutral
1000435	ba	ba	ba	ba	ba	ba	ba	The Comptroller contacted the Vice President regarding the fiscal budget in 2001. 	The Vice President regarding the fiscal budget in 2001 contacted the Comptroller.	ba	neutral
1003119	ba	ba	ba	ba	ba	ba	ba	The British used their influence to spread Paganism.	The British was used by their influence to spread Paganism.	ba	neutral
1001623	ba	ba	ba	ba	ba	ba	ba	The window showed the master of the house sitting on a desk.	The window was shown by the master of the house sitting on a desk.	ba	neutral
2000130	ba	ba	ba	ba	ba	ba	ba	The IRS got hold of more authentic information.	Hold of more authentic information was gotten by the IRS.	ba	entailment
1000747	ba	ba	ba	ba	ba	ba	ba	The person left the room,	The room left the person.	ba	neutral
1001190	ba	ba	ba	ba	ba	ba	ba	This rule sets compensation for death following a VA hospitlazation.	This rule is set by compensation for death following a VA hospitlazation.	ba	neutral
1001181	ba	ba	ba	ba	ba	ba	ba	The answer needed a headline.	A headline needed the answer.	ba	neutral
1001170	ba	ba	ba	ba	ba	ba	ba	No  programs get LSC funding.	LSC funding get no programs.	ba	neutral
1002031	ba	ba	ba	ba	ba	ba	ba	The nationalists hate the old Borinquen.	The old Borinquen hates the nationalists.	ba	neutral
1001017	ba	ba	ba	ba	ba	ba	ba	The Commission submits letters detailing their darkest desires to the Senate.	The Commission is submitted by letters detailing their darkest desires to the Senate.	ba	neutral
1002234	ba	ba	ba	ba	ba	ba	ba	The journey takes exactly one hour and 59 minutes.	Exactly one hour and 59 minutes takes the journey.	ba	neutral
1002772	ba	ba	ba	ba	ba	ba	ba	The final rule contains a modified information collection.	A modified information collection contain the final rule.	ba	neutral
1002666	ba	ba	ba	ba	ba	ba	ba	The present analysis uses a totally different function.	The present analysis is used by a totally different function.	ba	neutral
2000989	ba	ba	ba	ba	ba	ba	ba	The Normans ruled Ireland.	Ireland was ruled by the Normans.	ba	entailment
2002296	ba	ba	ba	ba	ba	ba	ba	The fourth set gives conditions which the Service can use multi-year test periods to show that a proposed service will be compensatory over time.	Conditions which the Service can use multi-year test periods to show that a proposed service will be compensatory over time are given by the fourth set.	ba	entailment
1002035	ba	ba	ba	ba	ba	ba	ba	The Moors introduced new crops such as apples and pears.	The Moors was introduced by new crops such as apples and pears.	ba	neutral
2000887	ba	ba	ba	ba	ba	ba	ba	The bus stops seven times.	Seven times are stopped by the bus.	ba	entailment
1000228	ba	ba	ba	ba	ba	ba	ba	The viral epidemic devastated the entire art collection.	The viral epidemic was devastated by the entire art collection.	ba	neutral
2001597	ba	ba	ba	ba	ba	ba	ba	The journal analyses exposure and Environmental Epidemiology.	Exposure and Environmental Epidemiology is analysed by the journal.	ba	entailment
1000294	ba	ba	ba	ba	ba	ba	ba	The Venetian includes Colorado-fed canals.	Colorado-fed canals include the Venetian.	ba	neutral
2000056	ba	ba	ba	ba	ba	ba	ba	The Committee published guiding principles and key issues to assist federal managers.	Guiding principles and key issues to assist federal managers were published by the Committee.	ba	entailment
1002727	ba	ba	ba	ba	ba	ba	ba	The man urged his horse to ride quickly towards the hole in the sky. 	The man was urged by his horse to ride quickly towards the hole in the sky.	ba	neutral
1001256	ba	ba	ba	ba	ba	ba	ba	The doctor gave her oxygen.	The doctor was given by her oxygen.	ba	neutral
1000619	ba	ba	ba	ba	ba	ba	ba	The standards give a framework for external controls.	A framework for external controls gives the standards.	ba	neutral
1002118	ba	ba	ba	ba	ba	ba	ba	The rear wall contains an fountain and a waterfall.	An fountain and a waterfall contains the rear wall.	ba	neutral
1002676	ba	ba	ba	ba	ba	ba	ba	The palace added 5000 square feet.	5000 square feet added the palace.	ba	neutral
1003088	ba	ba	ba	ba	ba	ba	ba	All legal-aid organizations develop long-term plans.	All legal-aid organizations are developed by long-term plans.	ba	neutral
2001084	ba	ba	ba	ba	ba	ba	ba	A tightly wrapped face suited the shrouded female of antiquity whose intelligence flowered publicly.	The shrouded female of antiquity whose intelligence flowered publicly was suited by a tightly wrapped face.	ba	entailment
1001957	ba	ba	ba	ba	ba	ba	ba	The news exceed my greatest ambition, as they report that I am laying waste to an entire generation of men.	The news is exceeded by my greatest ambition , as they report that I am laying waste to an entire generation of men.	ba	neutral
2000263	ba	ba	ba	ba	ba	ba	ba	Every night at 11:15 pm, the train arrives in Louisian. 	11:15 pm is arrived by every night.	ba	entailment
1002484	ba	ba	ba	ba	ba	ba	ba	The SBA rejected the procedure.	The SBA was rejected by the procedure.	ba	neutral
1002329	ba	ba	ba	ba	ba	ba	ba	The plan includes congressional views about important budget things.	The plan is included by congressional views about important budget things.	ba	neutral
2000272	ba	ba	ba	ba	ba	ba	ba	The preamble includes seven alternative as well as three things that must be done. 	Seven alternative as well as three things that must be done is included by the preamble.	ba	entailment
1000945	ba	ba	ba	ba	ba	ba	ba	The city lacks diversity and culture.	Diversity and culture lack the city.	ba	neutral
1001860	ba	ba	ba	ba	ba	ba	ba	The company did a superb job of investigating how its data was released.	The company was done by a superb job of investigating how its data was released.	ba	neutral
1002009	ba	ba	ba	ba	ba	ba	ba	The cones use a dense mortar to help them bind. 	A dense mortar to help them bind uses the cones.	ba	neutral
1001129	ba	ba	ba	ba	ba	ba	ba	The earthquake damaged everything but Cimabue's works, which were left untouched.	Everything but Cimabue 's works , which were left untouched damaged the earthquake.	ba	neutral
2002744	ba	ba	ba	ba	ba	ba	ba	The hotel occupies part of the city's medieval fortifications.	Part of the city 's medieval fortifications is occupied by the hotel.	ba	entailment
1000439	ba	ba	ba	ba	ba	ba	ba	The rowel made a whirring noise.	The rowel was made by a whirring noise.	ba	neutral
1002096	ba	ba	ba	ba	ba	ba	ba	The building resembles a church.	A church resembles the building.	ba	neutral
1001962	ba	ba	ba	ba	ba	ba	ba	The Dean knows Dana Conner from working together.	Dana Conner from working together know the Dean.	ba	neutral
1001206	ba	ba	ba	ba	ba	ba	ba	The central hall contains a variety of different sarcophagus types.	A variety of different sarcophagus types contains the central hall.	ba	neutral
1000278	ba	ba	ba	ba	ba	ba	ba	The men wore clothes that would hide them in the woods.	Clothes that would hide them in the woods wore the men.	ba	neutral
2000581	ba	ba	ba	ba	ba	ba	ba	The boats cost 5 Euros per trip.	5 Euros per trip were cost by the boats.	ba	entailment
2002159	ba	ba	ba	ba	ba	ba	ba	The soldiers missed all the fighting.	All the fighting was missed by the soldiers.	ba	entailment
1001581	ba	ba	ba	ba	ba	ba	ba	The project lacks an executive committee.	An executive committee lacks the project.	ba	neutral
1001646	ba	ba	ba	ba	ba	ba	ba	The chateau boosts many gardens, as well as a sizable park.	The chateau is boosted by many gardens , as well as a sizable park.	ba	neutral
2002988	ba	ba	ba	ba	ba	ba	ba	The riverbank gives the best view.	The best view is given by the riverbank.	ba	entailment
1001174	ba	ba	ba	ba	ba	ba	ba	The exhibit shows a novelist that was good at sketching people as well.	A novelist that was good at sketching people as well shows the exhibit.	ba	neutral
1002196	ba	ba	ba	ba	ba	ba	ba	The sun dried the water I had on me pretty quickly.	The water I had on me pretty quickly dried the sun.	ba	neutral
1002405	ba	ba	ba	ba	ba	ba	ba	The industrial revolution changed the world.	The industrial revolution was changed by the world.	ba	neutral
1001622	ba	ba	ba	ba	ba	ba	ba	The regulations explain the lowest level of acceptable quality.	The lowest level of acceptable quality explains the regulations.	ba	neutral
2002138	ba	ba	ba	ba	ba	ba	ba	The colonel told his son to pray and die like a hero.	His son to pray and die like a hero was told by the colonel.	ba	entailment
1002723	ba	ba	ba	ba	ba	ba	ba	The agency receives federal grants.	Federal grants receive the agency.	ba	neutral
1000594	ba	ba	ba	ba	ba	ba	ba	The Valley gets a huge chunk of the Legal Servies budget.	The Valley is gotten by a huge chunk of the Legal Servies budget.	ba	neutral
2001377	ba	ba	ba	ba	ba	ba	ba	The commission wanted opinions of different alternatives. 	Opinions of different alternatives were wanted by the commission.	ba	entailment
1000060	ba	ba	ba	ba	ba	ba	ba	The statement says nothing about reports.	The statement is said by nothing about reports.	ba	neutral
2002191	ba	ba	ba	ba	ba	ba	ba	The FDA published the provisions of the draft final rule following numerous comments.	The provisions of the draft final rule following numerous comments were published by the FDA.	ba	entailment
1001462	ba	ba	ba	ba	ba	ba	ba	The table shows a summary of the resources with supplies..	A summary of the resources with supplies shows the table.	ba	neutral
1000225	ba	ba	ba	ba	ba	ba	ba	Each one hurt another person.	Another person hurts each one.	ba	neutral
1000418	ba	ba	ba	ba	ba	ba	ba	These residential districts feature broad, well-kept avenues and well-paved roads.	These residential districts are featured by broad , well-kept avenues and well-paved roads.	ba	neutral
2002595	ba	ba	ba	ba	ba	ba	ba	The COO helps congress.	Congress is helped by the COO.	ba	entailment
1002376	ba	ba	ba	ba	ba	ba	ba	The besiegers lost almost quadruple the number of lives.	Almost quadruple the number of lives lost the besiegers.	ba	neutral
1000644	ba	ba	ba	ba	ba	ba	ba	The wife ordered an arm listed as La Berg Shilouette 12. 	An arm listed as La Berg Shilouette 12 ordered the wife.	ba	neutral
1001139	ba	ba	ba	ba	ba	ba	ba	The Hawiians loved their king.	Their king loved the Hawiians.	ba	neutral
1002819	ba	ba	ba	ba	ba	ba	ba	No one accounts postretirement benefits. 	Postretirement benefits account no one.	ba	neutral
1001570	ba	ba	ba	ba	ba	ba	ba	The council gave a detailed itemization.	A detailed itemization gave the council.	ba	neutral
1000447	ba	ba	ba	ba	ba	ba	ba	Each party receives equal value in return.	Equal value in return receives each party.	ba	neutral
2000691	ba	ba	ba	ba	ba	ba	ba	The act allowed people that were hard of hearing to have an easier time paying for hearing aids.	People that were hard of hearing to have an easier time paying for hearing aids were allowed by the act.	ba	entailment
1000939	ba	ba	ba	ba	ba	ba	ba	A tiny worn down sign directs the way towards Blue Lagoon.	A tiny worn down sign is directed by the way towards Blue Lagoon.	ba	neutral
1002265	ba	ba	ba	ba	ba	ba	ba	The response eased Hanson's thoughts.	Hanson 's thoughts eased the response.	ba	neutral
1002556	ba	ba	ba	ba	ba	ba	ba	The rule contains no collection requirements.	The rule is contained by no collection requirements.	ba	neutral
2002034	ba	ba	ba	ba	ba	ba	ba	The FDA summarized its Final Regulatory Flexibility Analysis.  	Its Final Regulatory Flexibility Analysis were summarized by the FDA.	ba	entailment
1002292	ba	ba	ba	ba	ba	ba	ba	The computer does the hard work of supplying which Zip Code goes where.	The hard work of supplying which Zip Code goes where does the computer.	ba	neutral
2001880	ba	ba	ba	ba	ba	ba	ba	Some subgroups need their own tests.	Their own tests are needed by some subgroups.	ba	entailment
1000610	ba	ba	ba	ba	ba	ba	ba	The museum shows all the farmhouses that survived the flood.	All the farmhouses that survived the flood show the museum.	ba	neutral
1002384	ba	ba	ba	ba	ba	ba	ba	A tightly wrapped face suited the shrouded female of antiquity whose intelligence flowered secretly and in the library.	The shrouded female of antiquity whose intelligence flowered secretly and in the library suited a tightly wrapped face.	ba	neutral
2003010	ba	ba	ba	ba	ba	ba	ba	The CIO uses different ways of showing his appreciation.	Different ways of showing his appreciation are used by the CIO.	ba	entailment
1001443	ba	ba	ba	ba	ba	ba	ba	The policies create stress on Native American populations.	The policies are created by stress on Native American populations.	ba	neutral
1000429	ba	ba	ba	ba	ba	ba	ba	The clouds causes the war to be postponed.	The war to be postponed causes the clouds.	ba	neutral
2003018	ba	ba	ba	ba	ba	ba	ba	The graph shows the postal service's profit level declining.	The postal service 's profit level declining are shown by the graph.	ba	entailment
1002112	ba	ba	ba	ba	ba	ba	ba	The IRS ignored the requests of the National Treasure Employees Union.  	The requests of the National Treasure Employees Union ignored the IRS.	ba	neutral
1001543	ba	ba	ba	ba	ba	ba	ba	The rules add all sorts of new reporting, records, and compliance requirements.	All sorts of new reporting , records , and compliance requirements add the rules.	ba	neutral
2001310	ba	ba	ba	ba	ba	ba	ba	The municipalities spend more than ten percent on utilities.	More than ten percent on utilities is spent by the municipalities.	ba	entailment
2001466	ba	ba	ba	ba	ba	ba	ba	The bureaufrats deserve all the blame.	All the blame is deserved by the bureaufrats.	ba	entailment
1002362	ba	ba	ba	ba	ba	ba	ba	The EPA spent five months listening to input and concerns regarding the rule.	Five months listening to input and concerns regarding the rule spent the EPA.	ba	neutral
1001011	ba	ba	ba	ba	ba	ba	ba	The LSC spurs judicial opinions.	Judicial opinions spur the LSC.	ba	neutral
1002338	ba	ba	ba	ba	ba	ba	ba	The agencies hold an annual performance plan for decision making.	An annual performance plan for decision making hold the agencies.	ba	neutral
1001624	ba	ba	ba	ba	ba	ba	ba	The final reports show lots of resemblance between the final questions and those in the approved study proposals.	The final reports are shown by lots of resemblance between the final questions and those in the approved study proposals.	ba	neutral
1002615	ba	ba	ba	ba	ba	ba	ba	The figures show graphs of savings rates.	Graphs of savings rates show the figures.	ba	neutral
1002285	ba	ba	ba	ba	ba	ba	ba	No one owns any clothes that express their political viewpoints.	No one is owned by any clothes that express their political viewpoints.	ba	neutral
1002388	ba	ba	ba	ba	ba	ba	ba	The policy provides strong, specific criteria for the knowledge needed to support the decision to move into production.	The policy is provided by strong , specific criteria for the knowledge needed to support the decision to move into production.	ba	neutral
1001606	ba	ba	ba	ba	ba	ba	ba	A bodyguard did count.	A bodyguard was done by count.	ba	neutral
1001612	ba	ba	ba	ba	ba	ba	ba	The Malays want only signs in English.	The Malays is wanted by only signs in English.	ba	neutral
1001593	ba	ba	ba	ba	ba	ba	ba	The acid deposition changes the structure of water.	The acid deposition is changed by the structure of water.	ba	neutral
1002781	ba	ba	ba	ba	ba	ba	ba	Both scenarios include a projection of 53,000 MWe of FGD retrofits.	Both scenarios are included by a projection of 53,000 MWe of FGD retrofits.	ba	neutral
1002539	ba	ba	ba	ba	ba	ba	ba	The French navy defeated everyone.	The French navy was defeated by everyone.	ba	neutral
1002822	ba	ba	ba	ba	ba	ba	ba	The final rules included some important legislation.	The final rules were included by some important legislation.	ba	neutral
1001535	ba	ba	ba	ba	ba	ba	ba	The realignment requires funding for GAO.	The realignment is required by funding for GAO.	ba	neutral
2002661	ba	ba	ba	ba	ba	ba	ba	An honest company makes more money. 	More money is made by an honest company.	ba	entailment
2000173	ba	ba	ba	ba	ba	ba	ba	The report lists both good and bad aspects of the reconfiguration standards.	Both good and bad aspects of the reconfiguration standards are listed by the report.	ba	entailment
1002911	ba	ba	ba	ba	ba	ba	ba	The outliers received only 20% of the average.	The outliers were received by only 20 % of the average.	ba	neutral
1001512	ba	ba	ba	ba	ba	ba	ba	The recess marks the direction of Jerusalem.	The recess is marked by the direction of Jerusalem.	ba	neutral
1001159	ba	ba	ba	ba	ba	ba	ba	The lower floor houses a plain tile floor. 	A plain tile floor house the lower floor.	ba	neutral
1002383	ba	ba	ba	ba	ba	ba	ba	The Tagus divided Islam and Christianity.	The Tagus was divided by Islam and Christianity.	ba	neutral
1003029	ba	ba	ba	ba	ba	ba	ba	The interviewer recognized the three different genres.	The interviewer was recognized by the three different genres.	ba	neutral
1003148	ba	ba	ba	ba	ba	ba	ba	The analysis describes the small entities.	The small entities describe the analysis.	ba	neutral
1002389	ba	ba	ba	ba	ba	ba	ba	The one section ruined the story.	The story ruined the one section.	ba	neutral
1001510	ba	ba	ba	ba	ba	ba	ba	The Departments provided information that enabled OIRA's approval.	The Departments was provided by information that enabled OIRA 's approval.	ba	neutral
1002280	ba	ba	ba	ba	ba	ba	ba	The exhibits examine the events of World War II in their historical context.	The exhibits are examined by the events of World War II in their historical context.	ba	neutral
1001544	ba	ba	ba	ba	ba	ba	ba	The man place three knives in his shirt pocket.	Three knives in his shirt pocket place the man.	ba	neutral
1002540	ba	ba	ba	ba	ba	ba	ba	The FDA found no significant impact issues regarding the new proposition.	No significant impact issues regarding the new proposition found the FDA.	ba	neutral
2003123	ba	ba	ba	ba	ba	ba	ba	The book mentions the highlights of Madeira.	The highlights of Madeira is mentioned by the book.	ba	entailment
1002814	ba	ba	ba	ba	ba	ba	ba	The Kal faked moves.	The Kal was faked by moves.	ba	neutral
2001857	ba	ba	ba	ba	ba	ba	ba	The peninsula experiences two monsoon seasons.	Two monsoon seasons are experienced by the peninsula.	ba	entailment
1002523	ba	ba	ba	ba	ba	ba	ba	The added participation improved the project.	The added participation was improved by the project.	ba	neutral
2002665	ba	ba	ba	ba	ba	ba	ba	The Council released a document to justify its reordered priorities.	A document to justify its reordered priorities was released by the Council.	ba	entailment
2002391	ba	ba	ba	ba	ba	ba	ba	An accompanying story covers the case of mysterious disappearing money.	The case of mysterious disappearing money is covered by an accompanying story.	ba	entailment
1003140	ba	ba	ba	ba	ba	ba	ba	These locations receive hundreds of visitors every day.	Hundreds of visitors every day receive these locations.	ba	neutral
1000115	ba	ba	ba	ba	ba	ba	ba	The players wore masks.	The players were worn by masks.	ba	neutral
