1002403	ba	ba	ba	ba	ba	ba	ba	Situated on a hill overlooking the Loire, the town itself invites the visitor to linger in the narrow winding streets that lead from the cathedral to the chateau, pausing to admire the handsome old houses on the Place Saint-Louis and the Rue Porte-Chartraine.	The Loire river are overlooked by the town.	ba	entailment
1002115	ba	ba	ba	ba	ba	ba	ba	Outside, the grounds cover some 80 hectares (200 acres).	Many acres are covered by the grounds.	ba	entailment
1002869	ba	ba	ba	ba	ba	ba	ba	 The executives receive a rating on how well they achieved their responsibilities during the year and the actions taken to support the accomplishment of the strategic goals and annual business plan.	A rating for how well they perform gets the executives.	ba	neutral
1002443	ba	ba	ba	ba	ba	ba	ba	Producing Draft Characteristics on Intake, Advice, and Referral System.	A few hours are taken by the production.	ba	neutral
1000686	ba	ba	ba	ba	ba	ba	ba	IRS incorporated balanced expectations into its senior executive performance management system in response to the Internal Revenue Service Restructuring and Reform Act of 1998	Far-reaching oversight possesses the IRS.	ba	neutral
1002445	ba	ba	ba	ba	ba	ba	ba	I passed a shop selling postcards, and was only moderately surprised to find my face on several.	Postcards sold the store.	ba	neutral
1000737	ba	ba	ba	ba	ba	ba	ba	(The survey starts in the Northeast and works its way clockwise around the country.	The whole country covers the survey.	ba	neutral
1000809	ba	ba	ba	ba	ba	ba	ba	IRS  IRS Faces Challenges as it Restructures the Office of the Taxpayer Advocate ( GAO/GGD-99-124, July 15, 1999).	A challenge is faced by the IRS.	ba	entailment
1000614	ba	ba	ba	ba	ba	ba	ba	In addition, the annual report is to include (1) an independent financial audit, (2) applicable financial and performance requirements under the Chief Financial Officers Act and the Results Act, (3) the results achieved by the Office relative to its goals, (4) an evaluation of the Chief Operating Officer's performance, (5) recommendations for legislative and regulatory changes to improve service and program integrity, and (6) other information as detailed by the Director of the Office of Management and Budget.	An independent financial audit of all transactions is included by the annual report.	ba	neutral
1001203	ba	ba	ba	ba	ba	ba	ba	1These standards are listed in a table included in the final rule.	The assumptions are contained by the table.	ba	contradiction
1000138	ba	ba	ba	ba	ba	ba	ba	It now hangs on an electric cable to be hoisted above harm's way should another flood ever happen.	All the cables were ruined by the last flood.	ba	neutral
1001728	ba	ba	ba	ba	ba	ba	ba	Steep, narrow tunnels lead to a tiny funerary chamber furnished by a simple granite sarcophagus.	The remains of Gus , a local plumber are held by the sarcophagus.	ba	neutral
1000931	ba	ba	ba	ba	ba	ba	ba	Also on the National Monument grounds is a Cenotaph to the British Commonwealth's dead of the two World Wars.	The dead Malays is honored by the Cenotaph.	ba	contradiction
1002325	ba	ba	ba	ba	ba	ba	ba	The robot was silent.	No noises made the robot.	ba	neutral
1002134	ba	ba	ba	ba	ba	ba	ba	The Alfama was one of the few areas to survive the earthquake.	The earthquake was survived by the Alfama.	ba	entailment
1002565	ba	ba	ba	ba	ba	ba	ba	It'd be nice to know more about that trend.	A positive relationship is shown by the trend.	ba	neutral
1002102	ba	ba	ba	ba	ba	ba	ba	framework also is used throughout GAO to help guide our research and development	Its research and development are guided by the GAO.	ba	entailment
1000620	ba	ba	ba	ba	ba	ba	ba	They say they didn't know the application described Eileen as a quilting company owner until Fedge pointed it out. 	Eileen as a quilting company describes the application.	ba	neutral
1001985	ba	ba	ba	ba	ba	ba	ba	For MLS to grow, it needs to fill stadiums with Joe Sports Fans, the kind of folks who aren't soccer bores but will attend a few games a season.	People who enjoy any sports to fill the stadium are needed by the MLS.	ba	entailment
1002477	ba	ba	ba	ba	ba	ba	ba	With 14 million subscribers and minority stakes in everything from the Learning Channel to Time Warner, he has the resources to be patient, and the experience of the last four years shows he has the will to be patient as well.	A great deal of popular media resources is owned by a very wealthy person.	ba	entailment
1003051	ba	ba	ba	ba	ba	ba	ba	What's in a Name?	A lot of information is contained by a name.	ba	entailment
1001164	ba	ba	ba	ba	ba	ba	ba	A slatternly looking servant, with an extremely dirty face and a pair of eyes that did not match, answered the door.	The door was answered by a poor dirty servant.	ba	entailment
1000344	ba	ba	ba	ba	ba	ba	ba	What did this man want of him anyway?	Nothing of him was wanted by the man.	ba	contradiction
1001939	ba	ba	ba	ba	ba	ba	ba	The rules are very clear.	No explanation is needed by the rules.	ba	entailment
1002363	ba	ba	ba	ba	ba	ba	ba	The war was over in six days.	Six days later were ended by the war.	ba	entailment
1000183	ba	ba	ba	ba	ba	ba	ba	The owner grows many of the vegetables and fruits on his own farm.	His own produce grows the owner.	ba	neutral
1000759	ba	ba	ba	ba	ba	ba	ba	The Sounds of  A Brief Guide is a short prose book about hearing poems, with no diagrams or jargon, published by Farrar Straus &amp; Giroux.	Prose about hearing poems contains the book.	ba	neutral
1001257	ba	ba	ba	ba	ba	ba	ba	  The Model combines IPM and EIA cost elements that use similar -- but not identical -- assumptions on capital recovery and aggregate cost data in a similar -- but not identical -- regional manner that needs adjustment.	Somewhat similar assumptions on capital recover and aggregate cost data are used by the Model.	ba	neutral
1002341	ba	ba	ba	ba	ba	ba	ba	The magazines run identical cover photos ( U.S.	Photos on their front covers display the magazines.	ba	neutral
1000594	ba	ba	ba	ba	ba	ba	ba	Of the $329 million appropriated by Congress to Legal Services Corp. this year, the Valley receives about $15 million to $20 million and employs about 37 staff lawyers.	A huge chunk of the Legal Servies budget is gotten by the Valley.	ba	contradiction
1003129	ba	ba	ba	ba	ba	ba	ba	General Accounting Office, Results-Oriented  Insights for U.S.	Tax and income questions are handled by the office.	ba	neutral
1000896	ba	ba	ba	ba	ba	ba	ba	Continue uphill to the fortress, which is, in fact, two castles.	The hill be made by the fortress.	ba	contradiction
1002247	ba	ba	ba	ba	ba	ba	ba	Many of them in fine restaurants.	American food is served by the restaurants.	ba	neutral
1002483	ba	ba	ba	ba	ba	ba	ba	Within ECP, there are four  set the discount equal to the simple cost difference between the two categories; set the discount equal to the average incremental savings in	The budget management of many large federal agencies are governed by the ECP.	ba	neutral
1001348	ba	ba	ba	ba	ba	ba	ba	Brian and Lisha Crawford are the kings of bed  and  breakfast accommodations in the Volcano area.	The bed and breakfast as well as three others are owned by the Crawfords.	ba	neutral
1002753	ba	ba	ba	ba	ba	ba	ba	This was also to be the starting point of the Third Crusade in 1190, when England's Richard the Lion-Hearted joined forces with Philippe Auguste.	5 years were lasted by the Third Crusade.	ba	neutral
1002702	ba	ba	ba	ba	ba	ba	ba	The Pentagon corridor explanation teased out by the WP is that if it were to fail it would be a colossal embarrassment for the Air Force, while if it were to succeed it might siphon money away from newer hot Air Force aircraft programs.	Their funding to become successful was needed by both programs.	ba	neutral
1000888	ba	ba	ba	ba	ba	ba	ba	There, Julius! 	JUlius anything were told by no one.	ba	contradiction
1001864	ba	ba	ba	ba	ba	ba	ba	A rather wistful smile passed across the face of the prisoner in the dock. 	A prisoner who smiled wistfully was contained by the dock.	ba	entailment
1002079	ba	ba	ba	ba	ba	ba	ba	As the fortress grew bigger and more luxurious, it played a more significant historical role.	A significant historical role played the fortress.	ba	neutral
1002939	ba	ba	ba	ba	ba	ba	ba	The admission charge at hotel lounges includes the first drink.	Charge admission lounge the hotel.	ba	neutral
1001822	ba	ba	ba	ba	ba	ba	ba	The fine museum inside traces the cultures of the Arab world, both the pre-Islamic and Islamic periods, with first-rate temporary exhibits.	Many things , including the Arab world are covered by the museum.	ba	neutral
1003159	ba	ba	ba	ba	ba	ba	ba	DEFINITIONS.	The word definitions are stated by the line.	ba	entailment
1000263	ba	ba	ba	ba	ba	ba	ba	At eleven-fifteen every night, a train departs Louisian.	11:15 pm is arrived by every night.	ba	contradiction
1002092	ba	ba	ba	ba	ba	ba	ba	On matters of design, the guidelines discuss the clarity of issues, the relationship of the evaluation question to the case study application selected, the basis for case study selection, and the time span of the study.	The clarity of issues regarding design is discussed by the guidelines.	ba	entailment
1001512	ba	ba	ba	ba	ba	ba	ba	Notice the carved central mihrab (the recess marking the direction of Mecca).	The direction of Jerusalem is marked by the recess.	ba	contradiction
1002390	ba	ba	ba	ba	ba	ba	ba	A circus, said the Explorer, briefly.	A circus was mentioned by the adventurer.	ba	entailment
1000809	ba	ba	ba	ba	ba	ba	ba	IRS  IRS Faces Challenges as it Restructures the Office of the Taxpayer Advocate ( GAO/GGD-99-124, July 15, 1999).	A challenge faces the IRS.	ba	neutral
1001192	ba	ba	ba	ba	ba	ba	ba	It charts the history of Scotland, bringing under one roof a number of important collections of artifacts.	The history of Scotland lists the location.	ba	neutral
1002117	ba	ba	ba	ba	ba	ba	ba	Pursuant to section 604a(1) the Commission provides a statement of the need for, and objectives of, the rule and the rule amendments.	A statement of the objectives of the rule amendments gives the Commission.	ba	neutral
1001360	ba	ba	ba	ba	ba	ba	ba	The famed marketplace of Cairo Khan El-Khalili still buzzes with the atmosphere of a medieval souk and it makes a good place to start your tour, though do return as the sun drops and the lights come on because the atmosphere is palpable.	Foods are sold by the marketplace.	ba	neutral
1000456	ba	ba	ba	ba	ba	ba	ba	Among the additional ingredients are morsels of squid and shrimp, mussels, rabbit, sausage, peppers, chicken, onions, peas and beans, tomatoes, garlic . . . and whatever else happens to inspire the cook at the moment.	Mussels and onions are included by the supplementary ingredients.	ba	entailment
1001893	ba	ba	ba	ba	ba	ba	ba	In the Final Regulatory Flexibility Analysis, which appears in the preamble to the final rule, the FCC describes the reason for the rule and the legal basis for it.	The reason and legal basis for the rule describe the FCC.	ba	neutral
1001263	ba	ba	ba	ba	ba	ba	ba	People who do that, the narrator observes, are at heart storytellers.	Storytellers recognise the narrator.	ba	neutral
1000771	ba	ba	ba	ba	ba	ba	ba	In 1788 a Spanish official, lighting a devotional candle in the private chapel in his home on Chartres Street, started a fire which spread, fanned by the wind, to devour nearly half the town.	A massive fire caused a devotional candle.	ba	neutral
1002138	ba	ba	ba	ba	ba	ba	ba	In a supremely Spanish reply, the colonel advised his son to pray, shout Viva Espa??a' and die like a hero. 	His son to pray and die like a hero was told by the colonel.	ba	entailment
1003017	ba	ba	ba	ba	ba	ba	ba	The Kal didn't help much.	Very little assistance provided the Kal.	ba	neutral
1002863	ba	ba	ba	ba	ba	ba	ba	Unlike the wildlife of the African plain, most of the animals of the Malaysian jungle are not very conspicuous.	Many animals that hide from plain sight are housed by the Malaysian jungle.	ba	neutral
1000026	ba	ba	ba	ba	ba	ba	ba	These national inventories were prepared for all 50 States at the county level for mobile highway and non-road sources.	National inventories were prepared by the 48 mainland states.	ba	contradiction
1000212	ba	ba	ba	ba	ba	ba	ba	The site was rediscovered by a British archaeologist in 1869 after six years of searching.	Six years of searching to be rediscovered were taken by the site.	ba	entailment
1002878	ba	ba	ba	ba	ba	ba	ba	Assuming conservatively that one-eighth of the catalyst is replaced each year on average for coal-fired units, the annual demand for replacement SCR catalyst would increase by 12,600 m3/yr by 2005.	Every year was increased by the need to replace SCR catalyst.	ba	neutral
1002225	ba	ba	ba	ba	ba	ba	ba	More formally, it also bears the name of Franaois Mitterrand, for whom it was the ultimate (but posthumous) achievement of his ambitious building program for Paris.	Many names , including Mitterrand are borne by the building.	ba	neutral
1000514	ba	ba	ba	ba	ba	ba	ba	An article contrasts the lost years of George W. Bush and Al Gore.	Cats and dogs are contrasted by the article.	ba	contradiction
1002124	ba	ba	ba	ba	ba	ba	ba	One of the largest fortifications in the Aegean, the interior Venetian walls were later expanded by the Ottomans.	The walls which were later upgraded by the Ottomans were created by the Venetians.	ba	entailment
1000406	ba	ba	ba	ba	ba	ba	ba	I stumbled out onto the streets- festival still whirling all around.	Yesterday was ended by the festival.	ba	contradiction
1000021	ba	ba	ba	ba	ba	ba	ba	There are 16 El Grecos in this small collection.	16 El Grecos are contained by this small collection.	ba	entailment
1002525	ba	ba	ba	ba	ba	ba	ba	In 1648, the French staked claim to their part of Saint-Martin and to nearby Saint-Barth??lemy.	The north part of Saint Martin were claimed by the French.	ba	neutral
1001619	ba	ba	ba	ba	ba	ba	ba	The 15-minute La Brea Story is an introductory film illustrating how the animals became trapped in the asphalt as they edged down to a pool of water to drink.	Actual footage of animals that were stuck is shown by the film.	ba	neutral
1000311	ba	ba	ba	ba	ba	ba	ba	'But now that she's back to a C cup we can,' continued a smiling Bagemihl.	A D cup are worn by the man.	ba	contradiction
1002432	ba	ba	ba	ba	ba	ba	ba	The Social Security Administration performed a cost-benefit assessment of the impact of the interim final rule.	An assessment of the cost-benefit was performed by the SSA.	ba	entailment
1000835	ba	ba	ba	ba	ba	ba	ba	Most EDs provide very limited alcohol services.	Limited alcohol services are provided by all ED 's.	ba	contradiction
1000920	ba	ba	ba	ba	ba	ba	ba	Edfu was built in the classic Egyptian style and was little changed following its rebuilding.	The previous version is resembled by the modern Edfu.	ba	entailment
1001709	ba	ba	ba	ba	ba	ba	ba	Just off the northeast corner of the Diwan-i-Am, the harem had its very own mosque, Nagina Masjid, Hindu temple, and between the two a bazaar where merchants sold silks and jewels.	Jewelry made out of gold , silver , and copper was sold by the vendors.	ba	neutral
1000604	ba	ba	ba	ba	ba	ba	ba	And it's here that the New Left's scrupulous scholarship inadvertently dovetails with the right's racist interpretations.	Everyone is welcomed by the right.	ba	contradiction
1003063	ba	ba	ba	ba	ba	ba	ba	The Kal picked up the plate and re-fastened it.	A sword he picked up was re-fastenned by the Kal.	ba	contradiction
1002610	ba	ba	ba	ba	ba	ba	ba	A piece calls Frank Lloyd Wright an awful engineer.	The engineering of Frank Lloyd Wright was praised by the piece.	ba	contradiction
1001945	ba	ba	ba	ba	ba	ba	ba	The term residence is defined in the INA as the place of general abode; the place ofgeneral abode of a person means his principal, actual dwelling place in fact, without regard to intent.	Examples of what a residence could be to different kinds of people are given by the INA.	ba	neutral
1001799	ba	ba	ba	ba	ba	ba	ba	Although EPA made every effort to calibrate AMIGA to the AEO2001 reference case, AMIGA is a different modeling system than EIA's National Energy Modeling System (NEMS).	Every effort to calibrate AMIGA to the reference case was made by the EPA.	ba	entailment
1003005	ba	ba	ba	ba	ba	ba	ba	A big grey cube, dark and ominous, hogging the street-side.	The street-side was hogged by a big white cube.	ba	contradiction
1002378	ba	ba	ba	ba	ba	ba	ba	The time needed to complete this phase of an implementation project is about 23 months.	23 months are taken by the phase.	ba	entailment
1000469	ba	ba	ba	ba	ba	ba	ba	"Good morning. The servant volunteered her first remark: ""I thought perhaps as you'd come about the gas,"" she observed cryptically, and shut the door."	The door shuts the servant.	ba	neutral
1002554	ba	ba	ba	ba	ba	ba	ba	These organizations establish a central management focal point, promote awareness, link policies to business risks, and develop practical risk assessment procedures that link security to business needs.	Business security handle the organizations.	ba	neutral
1002441	ba	ba	ba	ba	ba	ba	ba	The woman punched hard into the light-skinned Sai Routha's chest.	The Sai Routha 's leg were punched by the woman.	ba	contradiction
1002326	ba	ba	ba	ba	ba	ba	ba	She clenched her teeth and the man smiled at her as he slowly pulled her closer, wrapping the chain around his forearms.	The woman was touched by the man.	ba	entailment
1002056	ba	ba	ba	ba	ba	ba	ba	Columns (2), (4), (7), and (10), labeled Share of Total show the volume share of each sector in total First-Class Mail for the aforementioned fiscal years.	A fiscal year is represented by each column.	ba	entailment
1001796	ba	ba	ba	ba	ba	ba	ba	Well-tended olive trees never die but sprout new wood when an old trunk decays, so these ancient trees might have been here when Jesus walked in the garden.	Every 10 years or so are died by the trees.	ba	contradiction
1000713	ba	ba	ba	ba	ba	ba	ba	A prospector he had grub-staked, found the Oro Cruz, one of the richest mines in the Tubacca hills.	The Oro Cruz , the richest mines in the Tubacca hills found a prospector.	ba	neutral
1001897	ba	ba	ba	ba	ba	ba	ba	20 See response to interrogatory OCA/USPS-84 in Docket No.	All the main points are addrest by the response.	ba	neutral
1002674	ba	ba	ba	ba	ba	ba	ba	explained the doctor.	A good explanation was given by the doctor.	ba	neutral
1000397	ba	ba	ba	ba	ba	ba	ba	The main house is now a museum of antiques, including furniture from a variety of centuries and origins.	A many pieces of antique furniture are contained by the main house.	ba	entailment
1002603	ba	ba	ba	ba	ba	ba	ba	The participants discussed the auditor's responsibility for detecting fraud and the meaning of the assurances provided by the auditor's report on the financial statements.	The auditor 's funny hair was discussed by the participants.	ba	neutral
1001383	ba	ba	ba	ba	ba	ba	ba	Many of the stands are run by professional dealers.	Samples of the latest perfume and cologne are offered by the stands.	ba	neutral
1001189	ba	ba	ba	ba	ba	ba	ba	Nearby, at 6060 Wilshire, at Fairfax, the Petersen Automotive Museum celebrates the town's love affair with cars, showcasing over 160 distinctive motor vehicles, with special exhibits on automotive themes.	Lots of rare cars show the museum.	ba	neutral
1001637	ba	ba	ba	ba	ba	ba	ba	An act of courage that the sergeant didn't even notice.	The act of courage was noticed by the sergeant.	ba	contradiction
1001959	ba	ba	ba	ba	ba	ba	ba	Popular support for the costly restoration was inspired by Victor Hugo's novel, The Hunchback of Notre-Dame.	Support inspired by a novel gained the expensive restoration.	ba	neutral
1002423	ba	ba	ba	ba	ba	ba	ba	Just as important, the climactic forgiveness scene at the church is wrenched from its political context.	The climactic forgiveness scene performed the church.	ba	neutral
1001992	ba	ba	ba	ba	ba	ba	ba	Wealth-Income Ratio (1960-2000) 28 Figure 1.3:Family Net Worth by Income Level in 1998 33 Figure 1.4:Share of Elderly Households' Income by Source of	The wealth distribution of the country are shown by the figures.	ba	neutral
1002271	ba	ba	ba	ba	ba	ba	ba	Your friends risked their lives for you and for these people, the man gestured to the camp of slaves, now unlocking their bonds and raiding the food carts.	Food was taken by the slaves.	ba	entailment
1000932	ba	ba	ba	ba	ba	ba	ba	All men, in dark suits.	Dark suits were worn by the men.	ba	entailment
1002962	ba	ba	ba	ba	ba	ba	ba	The nanny, by comparison, can be trusted to control the children, but her constant presence irritates the children and slows down the shoot.	The kids are controlled by the nanny.	ba	entailment
1001548	ba	ba	ba	ba	ba	ba	ba	EPA utilized the cost and benefit analysis it performed pursuant to Executive Order	The Executive Order were promoted by the analysis.	ba	neutral
1001238	ba	ba	ba	ba	ba	ba	ba	And if he took the job, there might be other slips, perhaps far more serious ones.	Many overtime hours , which he may not be able to work were required by the job.	ba	neutral
1000892	ba	ba	ba	ba	ba	ba	ba	A sidebar profiles nine such firebrands, including Phil Gramm, Sam Brownback, and Rick Santorum.	Nine firebrands not including Phil Gramm , Sam Brownback , and Rick Santorum are profiled by a sidebar.	ba	contradiction
1000316	ba	ba	ba	ba	ba	ba	ba	(The magazine revised its methodology to reward high spending on instruction.)	Its methodology was changed by the magazine.	ba	entailment
1001281	ba	ba	ba	ba	ba	ba	ba	The adjustment to the mortality unit valuation for growth in real income in 2010 is achieved using an adjustment factor of 1.112.	An adjustment factor of 1.112 are used by the change to the mortality unit for 2010 income.	ba	entailment
1000873	ba	ba	ba	ba	ba	ba	ba	This case also includes no controls on mercury emissions from power generation.	Strict controls over mercury emissions are included by this case.	ba	contradiction
1000459	ba	ba	ba	ba	ba	ba	ba	Delicate arches line the cloister, which belonged to the former cathedral that was destroyed; it was moved here, stone by stone, in the 16th century and put back together.	The church to be a monument so they recreated its design was decided by the locals.	ba	neutral
1000480	ba	ba	ba	ba	ba	ba	ba	He waved at my helicopter.	The helicopter to land by him was wanted by the person.	ba	neutral
1000951	ba	ba	ba	ba	ba	ba	ba	Its streets of attractive 16th- and 17th-century houses, built along the banks of the Eure river, offer a pretty view of the cathedral.	An attractive view of the cathedral and the shopping streets is offered by the houses.	ba	neutral
1002842	ba	ba	ba	ba	ba	ba	ba	The former educator allowed that social connections influenced which kiddies were admitted to kindergarten under her reign.	All kindergarteners were admitted by the educator.	ba	contradiction
1002236	ba	ba	ba	ba	ba	ba	ba	For years, Congress has been working to increase the effectiveness of information and technology management in the federal government.	Use of information and technology management systems is made by the federal government.	ba	entailment
1001301	ba	ba	ba	ba	ba	ba	ba	Nothing was spared us. 	A new wave of problems was seen by every day.	ba	neutral
1001490	ba	ba	ba	ba	ba	ba	ba	The second table shows the numbers using PRC assumptions and recommended rates.	Actual rates are shown by the second table.	ba	contradiction
1001889	ba	ba	ba	ba	ba	ba	ba	Jacob Weisberg,	Jacob was named by a man.	ba	entailment
1000840	ba	ba	ba	ba	ba	ba	ba	Home of the American heiress until her death in 1979, this unfinished 18th-century palace provides a delightful canal-side setting for what is widely considered one of the world's most comprehensive collections of modern art.	A world-class collection of modern art contains the unfinished palace.	ba	neutral
1000890	ba	ba	ba	ba	ba	ba	ba	Then the German's voice came up the stairs.	Downstairs spoke a German.	ba	neutral
1000019	ba	ba	ba	ba	ba	ba	ba	This exciting museum embraces France's tremendous creativity from 1848 to 1914 in the domains of painting, sculpture, architecture and industrial design, advertising, newspapers, book publishing, photography, and the early years of cinema.	Painting , sculpture , architecture , and more is celebrated by the museum.	ba	entailment
1001556	ba	ba	ba	ba	ba	ba	ba	The dialogue moves ahead--there are great gobs of exposition--but the images continually double  to Stamp and Lesley Ann Warren, as his daughter's acting teacher, simply gazing at each other; or to Stamp sitting on a plane, remembering his daughter as a girl on the beach, the lens of his home movie camera creating an eerily bright--almost supernatural--spot that dances over her face.	Almost zero exposition is contained by the dialogue.	ba	contradiction
1000064	ba	ba	ba	ba	ba	ba	ba	Each religion has a different Sabbath and different religious holidays.	The same Sabbath and religious holidays is shared by all religions.	ba	contradiction
1001547	ba	ba	ba	ba	ba	ba	ba	The Cinematheque, Hebron Avenue.02-672 4131), is the best venue for film buffs.	A state-of-the-art cinema and a theatrical museum is housed by the Cinematheque.	ba	neutral
1002627	ba	ba	ba	ba	ba	ba	ba	This report examines best practices for achieving the second and third knowledge points.	The errors involved in creating third knowledge points are examined by this report.	ba	contradiction
1001373	ba	ba	ba	ba	ba	ba	ba	The agency cites the Clean Air Act, 42 U.S.C.	The Clean Air Act in chapter 3 of the book are discussed by the agency.	ba	neutral
1000059	ba	ba	ba	ba	ba	ba	ba	In both, nurse clinicians, all female, implemented the study.	The study was done by all males.	ba	contradiction
1001452	ba	ba	ba	ba	ba	ba	ba	Long-Term Simulations	Long-term performance simulated the computer.	ba	neutral
1002817	ba	ba	ba	ba	ba	ba	ba	  Recommendation follow-up is a shared GAO and agency responsibility.	A follow-up is recommended by all agencies.	ba	neutral
1000740	ba	ba	ba	ba	ba	ba	ba	McLaren's followers retaliated by taking as hostages two neighbors who had long clamored for the leader's arrest.	People hostage held the followers.	ba	neutral
1002857	ba	ba	ba	ba	ba	ba	ba	The Olafsons are delighted with the new owners.	The people that bought it like the Olafsons.	ba	neutral
1003147	ba	ba	ba	ba	ba	ba	ba	The six foot-soldiers drew swords and axes and spears.	Their weapons drew the soldiers.	ba	neutral
1001495	ba	ba	ba	ba	ba	ba	ba	When the agency disagrees with a finding, conclusion, or recommendation, GAO identifies the disagreement and states its own position in the issued report.	Anything they disagree with in findings , conclusions , or recommendations is ignored by the agency.	ba	contradiction
1000891	ba	ba	ba	ba	ba	ba	ba	Around me, windows rattle.	The windows were shaken by the storm.	ba	neutral
1002263	ba	ba	ba	ba	ba	ba	ba	The man with the iron jaw carried a large knobbed war club.	A war club were held by the man.	ba	entailment
1002642	ba	ba	ba	ba	ba	ba	ba	Both mags also cover hot, new drug Ginkgo biloba.	The popular drug Ginkgo biloba covered both magazines.	ba	neutral
1002530	ba	ba	ba	ba	ba	ba	ba	While Brahman and Persian scholars exchanged ideas, the Indians copied the Persian coin system.	The Persians was admired by the Indians.	ba	neutral
1000288	ba	ba	ba	ba	ba	ba	ba	By the time the Chinese sage, Hiuen Tsang, came here in the seventh century, it was a thriving university for teaching philosophy, logic, grammar, medicine, and Buddhist theology.	Philosophy , logic , grammar , medicine , and Buddhist theology teaches the university.	ba	neutral
1001058	ba	ba	ba	ba	ba	ba	ba	In this study, the Commission has sought to provide its best estimates within the time provided.	No effort to provide it 's best estimates in the study was made by the commission.	ba	contradiction
1001557	ba	ba	ba	ba	ba	ba	ba	In return for fixed payments to the emperor, Company officials collected revenue.	Lots of money were taken by the company.	ba	neutral
1000976	ba	ba	ba	ba	ba	ba	ba	Over the weekend the square hosts a flea market, where vendors lay out a variety of new and second-hand goods.	A flea market over the weekend host the square.	ba	neutral
1002025	ba	ba	ba	ba	ba	ba	ba	"There was a long article on Kramenin, who was described as the ""man behind Bolshevism"" in Russia, and who had just arrived in London some thought as an unofficial envoy."	A long article published the Kramenin.	ba	neutral
1002257	ba	ba	ba	ba	ba	ba	ba	What's in a Name?	Everything you need to know is contained by a name.	ba	neutral
1002108	ba	ba	ba	ba	ba	ba	ba	Nearby, the archaeological museum has a section of the Parian Chronicles, a history of ancient Greece enscribed on marble slabs, along with other examples of Parosearble, which was coveted throughout the ancient world for its fine translucence.	Parosearble because of its translucence was valued by the ancient world.	ba	entailment
1000244	ba	ba	ba	ba	ba	ba	ba	Rather than compromise, the king fled Paris in a vain effort to join up with armed forces hostile to the Revolution.	O Paris were run by the king.	ba	contradiction
1002619	ba	ba	ba	ba	ba	ba	ba	An hour's ferry-trip to the southwest of Istanbul lies the bucolic retreat of the Princes' Islands, known to the Turks simply as Adalar, The Islands. 	The Prince 's Islands Adalar , The Islands are called by the Turks.	ba	entailment
1002020	ba	ba	ba	ba	ba	ba	ba	A cover story tracks the gestation of Paul Simon's The Capeman , a Broadway musical opening in January.	The beginning of Paul Simon 's broadway musical is followed by the coverstory.	ba	entailment
1002928	ba	ba	ba	ba	ba	ba	ba	Advisory Council on Clean Air Compliance Analysis Advisory on the Clean Air Act Amendments (CAAA) of 1990 Section 812 Prospective  Overview of Air Quality and Emissions  Modeling, Health and Ecological Valuation Issues Initial Studies.	Emissions and climate change are addrest by this advisory.	ba	neutral
1002016	ba	ba	ba	ba	ba	ba	ba	It has ranges of barren hills and mountains as well as green fertile valleys that produce grapes and olives in abundance.	Grapes and olives grow the valleys.	ba	neutral
1001606	ba	ba	ba	ba	ba	ba	ba	Well with a bodyguard really, but a bodyguard was just a bodyguard and didn't count, anyway.	Count was done by a bodyguard.	ba	contradiction
1001033	ba	ba	ba	ba	ba	ba	ba	The uprising and the violent reaction of the British forces resulted in the destruction of many of the historic buildings in the town, which never really recovered.	The town was bombed by the British forces.	ba	neutral
1002353	ba	ba	ba	ba	ba	ba	ba	There isn't, even though polling for the HRC (jointly conducted by Democrat Celinda Lake and the conservative Republican Tarrance Group) shows that 80 percent of Americans think homosexuals should have equal rights in terms of job opportunities.	Any equal rights for homosexuals are supported by no one.	ba	contradiction
1000470	ba	ba	ba	ba	ba	ba	ba	With those words, the Republican front-runner takes a bold stand against taking bold stands.	A statement that was huge was made by the republican.	ba	neutral
1000904	ba	ba	ba	ba	ba	ba	ba	The factual record and the statutory scheme in which the language arises, on the other hand, provide an important context for consideration of the legal question of when an alien must be present in	An important context that is important knowledge is provided by the record.	ba	neutral
1003041	ba	ba	ba	ba	ba	ba	ba	A few moments later, he found the barber also using a jar to collect the hair and shaving stubble.	The hair and shaving stubble is collected by the barber.	ba	entailment
1002384	ba	ba	ba	ba	ba	ba	ba	A tightly wrapped head, with encapsulated eyes, nose, and mouth, doubtless suited the publicly shrouded female of antiquity, whose intelligence flowered wholly unseen.	The shrouded female of antiquity whose intelligence flowered secretly and in the library was suited by a tightly wrapped face.	ba	neutral
1002744	ba	ba	ba	ba	ba	ba	ba	In the former residence of an 18th-century cardinal, this charming small hotel occupies part of the city's medieval fortifications.	Part of the city 's medieval fortifications occupies the hotel.	ba	neutral
1001428	ba	ba	ba	ba	ba	ba	ba	The fourth set specifies conditions under which the Service may use multi-year test periods to demonstrate that a proposed new service will become compensatory over time.	Conditions which the Service can not use multi-year test periods to show that a proposed service will be compensatory over time are given by the fourth set.	ba	contradiction
1001696	ba	ba	ba	ba	ba	ba	ba	The tip of the dagger came in and it wasn't going to stop.	Someone was stabbed by the dagger.	ba	entailment
1002636	ba	ba	ba	ba	ba	ba	ba	The barber trimmed the tufts from over Dave's ears and clipped the hair in his nose, while a tray was pushed up and a slatternly blonde began giving him a manicure.	Dave 's nose and ear hairs trimmed the barber.	ba	neutral
1000463	ba	ba	ba	ba	ba	ba	ba	This count does not include stations, branches, or contract stations.	Stations , branches or contract stations exclude this count.	ba	neutral
1002316	ba	ba	ba	ba	ba	ba	ba	TREASURY WARRANT -An official document that the Secretary of the Treasury issues pursuant to law and that establishes the amount of monies authorized to be withdrawn from the central accounts that Treasury maintains.	Central accounts maintain the Treasury.	ba	neutral
1000156	ba	ba	ba	ba	ba	ba	ba	We'll need food, water, and shelter.	Basic necessities need the people.	ba	neutral
1002103	ba	ba	ba	ba	ba	ba	ba	He might as well have stuck his head over the plate and said, Bean me.	Coffee was loved by the man.	ba	neutral
1001707	ba	ba	ba	ba	ba	ba	ba	Literary connections apart, the site has a certain splendour, affording as it does ravishing views over Formentera and out across the sea.	Views over Formentera and the sea offer the site.	ba	neutral
1000744	ba	ba	ba	ba	ba	ba	ba	Around 7000 b.c. , the Phoenicians set out from what is now Iran to explore their surroundings.	Iran was left by the Phoenicians.	ba	entailment
1000127	ba	ba	ba	ba	ba	ba	ba	Given the high-tech world of modern biology, the method by which the Scottish team managed to provoke this extraordinary dedifferentiation is almost old-fashioned in its simplicity.	A dedifferentiation was provoked by the Scottish team.	ba	entailment
1001372	ba	ba	ba	ba	ba	ba	ba	On July 19, 2001, prior to Congress' request for this Report, LSC issued Program Letter 01-4 (LSC's Reconfiguration Review Process), which implemented a review mechanism by which designated state planning bodies may appeal LSC reconfiguration decisions.	A 20 page document outlining the procedure were issued by the LSC.	ba	neutral
1001188	ba	ba	ba	ba	ba	ba	ba	On the museum grounds or, more correctly, under the ground is a careful reproduction of the painted scenes discovered in a cave in Altamira in northern prehistoric depictions of animals, dating back 15,000 years and representing man's first illustrations of the world around him.	A man climbing up a mountain was illustrated by the cave paintings.	ba	neutral
1002522	ba	ba	ba	ba	ba	ba	ba	The Tokugawa shoguns, however, sensed that the internal strains might be contained, by sheer brute force if necessary, as long as new pressures were not exerted from outside by foreigners once again offering disgruntled daimyo new sources of income.	Supernatural powers and heightened senses were possessed by the shoguns.	ba	neutral
1001716	ba	ba	ba	ba	ba	ba	ba	After a long history of libertarian ideas, he proposes a version of Murray's basic argument, which he calls the nonagression axiom--no one can use force against anyone else.	A basic idea about the use of force creates the arguments.	ba	neutral
1001318	ba	ba	ba	ba	ba	ba	ba	Each unit, to establish its baseline, must monitor and report its emissions in accordance with the monitoring and reporting requirements under Section 405 for one year before entering the programs.	Their CO2 emissions are monitored by each unit.	ba	neutral
1003041	ba	ba	ba	ba	ba	ba	ba	A few moments later, he found the barber also using a jar to collect the hair and shaving stubble.	The hair and shaving stubble collects the barber.	ba	neutral
1001081	ba	ba	ba	ba	ba	ba	ba	Also, these simulations reflect discretionary spending growing with inflation after 2001; in our earlier reports, discretionary spending was assumed to comply with statutory caps in effect through 2002.	A different amount of discretionary spending is reflected by these simulations.	ba	entailment
1002757	ba	ba	ba	ba	ba	ba	ba	The very luridness of the mask preserved as much distance as it bridged.	The distance was preserved by the mask.	ba	entailment
1001782	ba	ba	ba	ba	ba	ba	ba	Th' soldiers they ain't no trouble.	All types of ruckus are caused by the soldiers.	ba	contradiction
1001891	ba	ba	ba	ba	ba	ba	ba	A certain unemployed inventor from Osmiogród created the Futurobot - a device, which applied the Ligadul's Law to the person in its closest vicinity.	Ligadul 's Law to whatever person was closest to it was applied by the Futurobot.	ba	entailment
1000792	ba	ba	ba	ba	ba	ba	ba	At the other end of the fortifications, the terrace of the Logis Royal (Royal Lodge) affords a delightful view over the village and the Indre Valley.	A delightful view over the village affords the terrace.	ba	neutral
1001275	ba	ba	ba	ba	ba	ba	ba	A piece reports on a new treat for  yogurt in a tube.	Yogurt in a tube is discussed by the piece.	ba	entailment
1000144	ba	ba	ba	ba	ba	ba	ba	the tester meows as he drops the vermin on the developer's doorstep.	A cat noise on the developer 's doorstep are made by the tester.	ba	entailment
1001081	ba	ba	ba	ba	ba	ba	ba	Also, these simulations reflect discretionary spending growing with inflation after 2001; in our earlier reports, discretionary spending was assumed to comply with statutory caps in effect through 2002.	A different amount of discretionary spending reflects these simulations.	ba	neutral
1002618	ba	ba	ba	ba	ba	ba	ba	That much his memoir gets right.	Something right get the memoir.	ba	neutral
1001279	ba	ba	ba	ba	ba	ba	ba	The two men wore dark cloaks and buckled leather armor deeply creased from long wear.	Clothes that hid them wore the men.	ba	neutral
1000184	ba	ba	ba	ba	ba	ba	ba	Whether you prefer lying on a beach, leisurely strolls, or more energetic activities, you will find what you want here.	Sailing is included by the more energetic activities.	ba	neutral
1003056	ba	ba	ba	ba	ba	ba	ba	This is the place to be for all the action, with some of the busiest bars, loudest music, and wildest water sports on the island.	Bars , music , and water sports are featured by the island.	ba	neutral
1002236	ba	ba	ba	ba	ba	ba	ba	For years, Congress has been working to increase the effectiveness of information and technology management in the federal government.	Use of information and technology management systems makes the federal government.	ba	neutral
1001027	ba	ba	ba	ba	ba	ba	ba	and combined would account for percent of the increase in the IC terminal dues net balance.	Immensely were plummeted by the net balance.	ba	contradiction
1001178	ba	ba	ba	ba	ba	ba	ba	Applicable regulations include both general rules for procurement, the FAR, and the FIRMR regulations written by GSA specifically for acquiring federal information processing resources.	Regulations for acquiring federal information processing resources wrote the GSA.	ba	neutral
1002391	ba	ba	ba	ba	ba	ba	ba	An accompanying story covers the case of a pharmaceuticals CEO with a long and slimy history of harassing subordinates.	The case of mysterious disappearing money is covered by an accompanying story.	ba	contradiction
1000110	ba	ba	ba	ba	ba	ba	ba	The Commission identified 21 sites with rates for industrial countries and eight sites with rates for developing countries.	21 sites that had rates for agricultural countries were seen by the commission.	ba	contradiction
1002321	ba	ba	ba	ba	ba	ba	ba	Brightly painted doors hide cool courtyards and white paint outlines the stone pavements of the alleyways.	The courtyards are hidden by the doors.	ba	entailment
1001835	ba	ba	ba	ba	ba	ba	ba	The Jains' non-violent religion excludes them from agriculture as a profession, but they dominate the electronics industry in Bangalore.	The electronics industry dominate the Jains.	ba	neutral
1002609	ba	ba	ba	ba	ba	ba	ba	6 Although each agency developed and implemented performance agreements that reflected its specific organizational priorities, structures, and cultures, the performance agreements met the following characteristics.	Excluded anything to do with structures is planned by the performance.	ba	contradiction
1000237	ba	ba	ba	ba	ba	ba	ba	The viewer leaves these gravity-defying masterpieces with a lighter step, expecting the sky to fill up momentarily with things that flutter and fly.	These gravity defying masterpieces is hated by the viewer.	ba	contradiction
1000654	ba	ba	ba	ba	ba	ba	ba	Because the catcher calls the game, he must know the hitting abilities and weaknesses of every opposing batter.	The hitting abilities and weaknesses of every opposing batter are known by the catcher.	ba	entailment
1002490	ba	ba	ba	ba	ba	ba	ba	In accordance with paragraph 603(b)(5), the Commission notes that the proposed rule does not duplicate, overlap or conflict with any relevant federal rule.	Not conflict with any federal rule does the proposed rule.	ba	neutral
1001629	ba	ba	ba	ba	ba	ba	ba	Version 6.40 of REMSAD was employed for this analysis.	REMSAD version 6.40 were used by the analysis.	ba	entailment
1002108	ba	ba	ba	ba	ba	ba	ba	Nearby, the archaeological museum has a section of the Parian Chronicles, a history of ancient Greece enscribed on marble slabs, along with other examples of Parosearble, which was coveted throughout the ancient world for its fine translucence.	Parosearble because of its translucence valued the ancient world.	ba	neutral
1002779	ba	ba	ba	ba	ba	ba	ba	Thus began a period of prosperity which was only brought to a violent end in 614 when Persian armies invaded.	The end of a golden age caused the Persians.	ba	neutral
1001768	ba	ba	ba	ba	ba	ba	ba	And website pro bono sections are essential to doing so.	A pro bono section is contained by no website.	ba	contradiction
1001867	ba	ba	ba	ba	ba	ba	ba	IFAC is an organization of national professional accountancy organizations that represent accountants employed in public practice, business and industry, the public sector, and education as well as some specialized groups that interface frequently with the profession.	Dogs who want to break into the acting industry are represented by the IFAC.	ba	contradiction
1002787	ba	ba	ba	ba	ba	ba	ba	The two armored men took one of the girls and tied her to the altar.	A girl was grabbed by the two men.	ba	entailment
1001952	ba	ba	ba	ba	ba	ba	ba	"Them soldiers.... Fowler appeared, the bar-side shotgun across his arm ""they jumped th' boys."	The boys jumped those soldiers.	ba	neutral
1003042	ba	ba	ba	ba	ba	ba	ba	The (adjustable) assumption of this paper is that the Postal Service's cost for doing the workshare work is 6a and that 100% of this 6a is passed through into rates.	Assumptions about Postal Service 's work-share cost are made by this paper.	ba	entailment
1002346	ba	ba	ba	ba	ba	ba	ba	So I, accordingly, went that way. 	The obvious way was seemed by that way.	ba	neutral
1001872	ba	ba	ba	ba	ba	ba	ba	The final rule contains a modification of a previously approved information collection requirement under the Paperwork Reduction Act.	A modification with the previously approved information contains the final rule.	ba	neutral
1001368	ba	ba	ba	ba	ba	ba	ba	I remember endless hallway discussions about how to balance the demand for lean and quick code against the bloat required to add new and nifty features.	The disputes were resolved by the discussions.	ba	neutral
1002677	ba	ba	ba	ba	ba	ba	ba	There's a marvelous view of the lake from its terraced gardens, much visited for the display of camelias, rhododendrons, and azaleas in late April and May.	A great view of the lake provides the terraced gardens.	ba	neutral
1000489	ba	ba	ba	ba	ba	ba	ba	figuration, and operation of LSC-funded programs in their	Programs fund the LSC.	ba	neutral
1000530	ba	ba	ba	ba	ba	ba	ba	The main spire is neo-Gothic of the 19th century.	The Gothic style of the 16th century is resembled by the main spire.	ba	contradiction
1002804	ba	ba	ba	ba	ba	ba	ba	There is nothing in the Gospels about this, though a Polish Chapel, with a relief showing Jesus bowing under the weight of the crose marks the spot.	A detailed account of this is given by the Gospels.	ba	contradiction
1002437	ba	ba	ba	ba	ba	ba	ba	One can almost hear the appreciative chuckles from the spectators' gallery at this bit of repartee--the overreactive, tension-dispelling response that very mild witticisms tend to produce in solemn venues.	The show loved the spectators.	ba	neutral
1001258	ba	ba	ba	ba	ba	ba	ba	"What about the nurse who accompanied her; I suppose you don't know where she is?"" The doctor shook his head."	The exact location of the accompanying nurse was known by the doctor.	ba	contradiction
1001783	ba	ba	ba	ba	ba	ba	ba	Yes, board members have a fiduciary responsibility to the shareholders that they represent.	The board members are elected by the shareholders.	ba	neutral
1000725	ba	ba	ba	ba	ba	ba	ba	The Christian Reconquest, which sought to drive the Muslims out, was under way in the north by the ninth century.	The start of the Christian Reconquest was seen by the ninth century.	ba	entailment
1000440	ba	ba	ba	ba	ba	ba	ba	What I hadn't realized when I posted this question was that two different types of responses were possible--those that mock the idiocy of Warren Weideman for proposing truly stupid movies, frequently involving an abstruse philosopher, and those that mock Showtime for making truly stupid movies, frequently involving Shannon Tweed with her shirt off.	The idocy of Warren Weideman is mocked by some people.	ba	entailment
1002515	ba	ba	ba	ba	ba	ba	ba	It's not always an easy city to love, but few leave unimpressed.	An impression on almost everyone is leaved by the city.	ba	entailment
1002107	ba	ba	ba	ba	ba	ba	ba	The big fellow was reloading his scattershot.	His weapon reloaded the big man.	ba	neutral
1001208	ba	ba	ba	ba	ba	ba	ba	The man nodded under his three-cornered hat.	A hat wore the man.	ba	neutral
1001019	ba	ba	ba	ba	ba	ba	ba	The Explorer could only shake his head.	His head shook the Explorer.	ba	neutral
1000409	ba	ba	ba	ba	ba	ba	ba	Figure 1 displays the minutes per box per day as a function of density.	The relationship between power and density is shown by the first figure.	ba	contradiction
1000947	ba	ba	ba	ba	ba	ba	ba	This paper focuses on city delivery because of the more detailed data available on this type of delivery.	The amount of detailed data that can be communicated is restricted by this paper.	ba	contradiction
1001620	ba	ba	ba	ba	ba	ba	ba	The Hittites were forced to flee south into the mountains, where they remained until they were absorbed by the Assyrians.	The Hitties , who were forced to flee south into the mountains , and remain there was absorbed by the assyrians.	ba	entailment
1001846	ba	ba	ba	ba	ba	ba	ba	Trust revolving funds need capital in their operations, just like other revolving funds, the source of which is predominantly the revenue they have earned.	Approximately one million dollars are needed by the funds.	ba	neutral
1002708	ba	ba	ba	ba	ba	ba	ba	Their unique Chartres blue and deep red bring an ethereal light into the nave, especially when the late-afternoon sun is shining through the western rosewindow depicting the Last Judgment.	The story of Job is depicted by the western rosewindow.	ba	contradiction
1001912	ba	ba	ba	ba	ba	ba	ba	The museum contains outstanding paintings by Titian, Brueghel the Elder, and Zurbar?¡n.	Only sculptures made from people that never became famous are contained by the museum.	ba	contradiction
1001798	ba	ba	ba	ba	ba	ba	ba	They foster our objective of improving access to justice for clients.	Our goal of helping clients get justice supports these things.	ba	neutral
1000773	ba	ba	ba	ba	ba	ba	ba	Times Wins 2 Pulitzers for Spot News, Photos, declared the front page of the Los Angeles Times . Katharine Graham, Philip Roth Win Pulitzers, declared the front page of the Washington Post , praising the recognition of its former publisher's autobiography.	12 Pulitzer Prizes were won by the Times.	ba	contradiction
1002932	ba	ba	ba	ba	ba	ba	ba	The house is an intriguing mixture of Baroque furniture and Roman antiquities, but the main attraction is the charming garden with its trellised arches and dramatic overhang with magical views overlooking the island and the bay.	A small orchard which is popular with tourists is contained by the house.	ba	contradiction
1000466	ba	ba	ba	ba	ba	ba	ba	These individuals have visited one another's programs as well as four additional model hotline/telephone intake systems around the country.	A different model intake system are preferred by each individual.	ba	neutral
1002897	ba	ba	ba	ba	ba	ba	ba	Also in Time , a piece explores the massive empire of Martha Stewart, who has just launched a new venture with Kmart.	The giant empire of Martha Stewart explores a piece.	ba	neutral
1000109	ba	ba	ba	ba	ba	ba	ba	They go blind.	Their eyesight loses the people.	ba	neutral
1001815	ba	ba	ba	ba	ba	ba	ba	information security programs using interagency teams of reviewers,	Their best reviewer for the team was selected by each agency.	ba	neutral
1002616	ba	ba	ba	ba	ba	ba	ba	That boy needs an editor.	His work to be edited needs that boy.	ba	neutral
1000683	ba	ba	ba	ba	ba	ba	ba	Pointing at the dinosaurs, I clicked twin thumb triggers.	Bullets were fired by the triggers.	ba	neutral
1000394	ba	ba	ba	ba	ba	ba	ba	Some downright peculiar results followed from this inference.	Absolutely no resulting changes were caused by the inference.	ba	contradiction
1002011	ba	ba	ba	ba	ba	ba	ba	News , though generally optimistic about the economy, does offer bear market advice, just in case.	Economical market advice are provided by the news.	ba	entailment
1003141	ba	ba	ba	ba	ba	ba	ba	No dreary piece of obscure medieval decoration, the beautifully colored tapestry gives a vivid and often humorous picture of life at William's court, with insights into medieval cooking, lovemaking, and the careful preparations for war.	A very clear and frequently funny image of what life was like at William 's court is offered by the colorful tapestry.	ba	entailment
1000560	ba	ba	ba	ba	ba	ba	ba	Since there are more smaller, semirural states than big states, the well-being of individual states would not necessarily be best served by examining what happens in the few larger states.	The larger states by 65 % are outweighed by the smaller states.	ba	neutral
1002516	ba	ba	ba	ba	ba	ba	ba	Network legal analysts and reporters followed suit, marveling at Wright's guts and gumption, even as their own instant polls showed the public favored the ruling.	The ruling was favored by the public.	ba	entailment
1001089	ba	ba	ba	ba	ba	ba	ba	A jungle guide accompanies the group.	The help of a jungle guide is forgone by the group.	ba	contradiction
1002400	ba	ba	ba	ba	ba	ba	ba	One action was to task a training committee to develop and implement a Training Needs Assessment tool to determine employees' training needs and to schedule training for fiscal year 2002.	A tool to determine training needs was created by the committee.	ba	entailment
1002123	ba	ba	ba	ba	ba	ba	ba	After a campaign of great destruction, the authorities assured them that slavery would be abolished.	A lot of damage created the campaign.	ba	neutral
1002670	ba	ba	ba	ba	ba	ba	ba	Other resorts line the peninsula's northernmost Alpine regions.	The Alpine region are lined by no resorts.	ba	contradiction
1001985	ba	ba	ba	ba	ba	ba	ba	For MLS to grow, it needs to fill stadiums with Joe Sports Fans, the kind of folks who aren't soccer bores but will attend a few games a season.	People who enjoy any sports to fill the stadium need the MLS.	ba	neutral
1002459	ba	ba	ba	ba	ba	ba	ba	To address those issues the public--represented by the casual museum visitor--needed an understanding of the lives and practices of the gay community, so long hidden from view.	An understanding of the lives of the gay community needed the public.	ba	neutral
1001671	ba	ba	ba	ba	ba	ba	ba	However, if an impasse is ultimately reached in a particular state, it is critical that LSC maintain its statutory right to decide the configuration of service areas in order to foster greater access and service for all eligible low-income clients.	The configuration of service areas decides the LSC.	ba	neutral
1000373	ba	ba	ba	ba	ba	ba	ba	This rule was promulgated through the general notice of proposed rulemaking procedures of the Act	The rule promulgated the general notice.	ba	neutral
1001786	ba	ba	ba	ba	ba	ba	ba	The elegant Renaissance style lends an unaccustomed sophistication to the nightmarish superstitions of medieval Brittany incorporated in the sculpture.	Renaissance and medeival influences contains the sculpture.	ba	neutral
1001466	ba	ba	ba	ba	ba	ba	ba	Nor does it seem fair to blame the bureaucrats.	All the blame is deserved by the bureaufrats.	ba	contradiction
1000458	ba	ba	ba	ba	ba	ba	ba	The covers of Time and Newsweek feature tell-alls by Clinton insiders about their bruising stints in the White House.	Details on Clinton 's affairs are included by the publications.	ba	neutral
1001888	ba	ba	ba	ba	ba	ba	ba	Stewart sold 99.5 percent of her ranch to the railroad.	The majority of Stewart 's ranch bought the railroad.	ba	neutral
1000214	ba	ba	ba	ba	ba	ba	ba	The Houston Comets won the Women's National Basketball Association championship.	The final game was won by the team.	ba	entailment
1002551	ba	ba	ba	ba	ba	ba	ba	The auction exploits voyeurs.	Advantage of voyeurs is taken by the auction.	ba	entailment
1002386	ba	ba	ba	ba	ba	ba	ba	The table displays the market share that a competitor would have to capture in order	Only a list of flowers planted on the west side of the building is shown by the table.	ba	contradiction
1002407	ba	ba	ba	ba	ba	ba	ba	designated strategic human capital management as one of the federal government's high	Strategic human capital management as one of the Federal government 's highest priorities designated this act.	ba	neutral
1000907	ba	ba	ba	ba	ba	ba	ba	Such approvals represent that the actual work schedule recorded by the employee or timekeeper is to the best of	Real work schedules recorded by employees are represented by the approvals.	ba	entailment
1001803	ba	ba	ba	ba	ba	ba	ba	In the lobby, children waiting for music lessons bend over their homework, mom perched at their shoulder.	Their homework is enjoyed by the children.	ba	neutral
1002021	ba	ba	ba	ba	ba	ba	ba	Agriculture was not productive enough to finance the empire's expansion.	No expansion was planned by the empire.	ba	contradiction
1002049	ba	ba	ba	ba	ba	ba	ba	This airy and modern state-owned parador has breathtaking views of the magical outline of Segovia, including the Roman aqueduct, medieval walls, cathedral and castle (all illuminated at night).	A view of Segovia gives the state-of-the-art hotel.	ba	neutral
1000679	ba	ba	ba	ba	ba	ba	ba	An argument of massive proportions, and not seen in the Suwaks home since the professor came back from the presentation of a portable set of board games for solving personality problems, took place.	Place whose proportions had not been seen since the professor returned took an argument.	ba	neutral
1001070	ba	ba	ba	ba	ba	ba	ba	The preamble to the proposed rule stated that the entities that would be required to comply with the rule are public utilities and transmitting utilities that do not fall within the Regulatory Flexibility Act's definition of small entity.	A preamble was included by the proposal.	ba	entailment
1002237	ba	ba	ba	ba	ba	ba	ba	The Jains' non-violent religion excludes them from agriculture as a profession, but they dominate the electronics industry in Bangalore.	The agriculture industry are dominated by the Jains.	ba	contradiction
1000559	ba	ba	ba	ba	ba	ba	ba	This office is intended to, among other things, help taxpayers who cannot get their problems resolved through normal IRS channels.	Taxpayers are helped by the office.	ba	entailment
1002239	ba	ba	ba	ba	ba	ba	ba	A small man in a tall hat opened the gate as the Kal pulled himself up.	A hat was worn by the man.	ba	entailment
1001852	ba	ba	ba	ba	ba	ba	ba	Both these conclusions play to Clinton's advantage.	Clinton 's advantage helps those conclusions.	ba	neutral
1000747	ba	ba	ba	ba	ba	ba	ba	Excuse me, Wells. He went hurriedly out into the hall. 	The room left the person.	ba	neutral
1002030	ba	ba	ba	ba	ba	ba	ba	When the snetha-knife kills, it kills completely.	No bounds are known by the sneth-knife.	ba	neutral
1001141	ba	ba	ba	ba	ba	ba	ba	Some participants agreed that financial statements are an important aspect of overall business reporting, but were concerned that the existing model focuses too much on financial statements rather than on the broad range of information that is needed by investors to make good financial decisions.	More than just financial statements are used by the existing model.	ba	neutral
1003066	ba	ba	ba	ba	ba	ba	ba	He drank deep.	A deep drink was taken by the man.	ba	entailment
1000595	ba	ba	ba	ba	ba	ba	ba	This site provides information about membership, events, and products and services offered by the association.	Information about what the association does is given by the site.	ba	entailment
1002909	ba	ba	ba	ba	ba	ba	ba	Each of the major functions (delivery, mail processing, transportation, and window service) is conducted using similar methods and technologies.	Separate technology and methods is used by each function.	ba	contradiction
1002357	ba	ba	ba	ba	ba	ba	ba	The stone was much loved by Victorian visitors, who would have their photographs taken with hands outstretched against the rock face, as if to show that they were strong enough to hold up the massive stone.	The stone loved the visitors.	ba	neutral
1001627	ba	ba	ba	ba	ba	ba	ba	Nevertheless, the Board reiterates its position that entities should be provided maximum flexibility when applying the stewardship standards.	Its position is denied by the Board.	ba	contradiction
1002868	ba	ba	ba	ba	ba	ba	ba	The mountains shield us and our swords are the torrents.	The people protect the mountains.	ba	neutral
1000769	ba	ba	ba	ba	ba	ba	ba	Most of the labor is necessary for the construction of the facility.	A majority of the labor requires the facility.	ba	neutral
1000214	ba	ba	ba	ba	ba	ba	ba	The Houston Comets won the Women's National Basketball Association championship.	The final game won the team.	ba	neutral
1002925	ba	ba	ba	ba	ba	ba	ba	Never did a piece of architecture more exactly express the personality of its builder than the Ceteau de Versailles ' extravagant, pompous, dazzling, formidable, glorious, and vain.	The builder 's personality was expressed by the building.	ba	entailment
1001232	ba	ba	ba	ba	ba	ba	ba	DEFINITIONS.	A full sentence is stated by the line.	ba	contradiction
1000992	ba	ba	ba	ba	ba	ba	ba	These intriguing horseshoe-shaped valleys nestle like narrow amphi?­theaters against abrupt rocky cliffs, making rewarding destinations for a pleasant day's hike.	A scenic view offers these intriguing horseshoe-shaped valleys.	ba	neutral
1001305	ba	ba	ba	ba	ba	ba	ba	The men reacted, drawing their spears point forward.	The people were threatened by the men.	ba	neutral
1000011	ba	ba	ba	ba	ba	ba	ba	The Israeli press, which historically has respected the agency's request not to probe its workings, splashed these stories across the front pages.	The agency 's request not to expose its workings is honored by the Israeli press.	ba	contradiction
1001148	ba	ba	ba	ba	ba	ba	ba	The first were mandrakes in the uniform of the Satheri, all carrying weapons with evil-looking blades or sharp stickers.	An army of about a thousand was formed by the mandrakes.	ba	neutral
1000118	ba	ba	ba	ba	ba	ba	ba	DOT officials said the system had saved the department more than a million dollars each year in administrative costs and facilitated the rulemaking process in other ways.	The department money were cost by the system.	ba	contradiction
1000611	ba	ba	ba	ba	ba	ba	ba	At 33 cents a pop, I make that to be just short of 50 billion pieces of mail.	Many billions of dollars from mail are earned by the company.	ba	neutral
1001995	ba	ba	ba	ba	ba	ba	ba	The Asian American experience may offer a  As growing numbers of Asian Americans have entered the mainstream over the last decade, it is increasingly said--sometimes with pride, sometimes with scorn--that they are becoming white.	More Asian people moving in are seen by the Asian American experience.	ba	entailment
1002355	ba	ba	ba	ba	ba	ba	ba	Secret tabloid technique debunked!	Secret techniques use some tabloids.	ba	neutral
1002310	ba	ba	ba	ba	ba	ba	ba	The article went on to detail just how many people I was apparently responsible for murdering.	No information regarding my alleged murders was provided by the article.	ba	contradiction
1002297	ba	ba	ba	ba	ba	ba	ba	There are also beautiful big cats and a large Plains of Africa exhibit, where herds of antelope and zebra graze peacefully in the Scottish sunshine.	Bird species that populate the jungles of Columbia are contained by the exhibit.	ba	contradiction
1002116	ba	ba	ba	ba	ba	ba	ba	This is the administration's favorite description.	This description is favorred by the administration.	ba	entailment
1000925	ba	ba	ba	ba	ba	ba	ba	The Jamaican People's Museum of Craft and Technology, housed in a reconstructed corner of the house, features a model of how the building looked before the fire.	A model of how the building looked before the fire features the Museum.	ba	neutral
1000398	ba	ba	ba	ba	ba	ba	ba	The view has been that its mission is to serve and that whatever is mailed will be delivered.	The successful delivery of any mail and to serve includes the mission.	ba	neutral
1002578	ba	ba	ba	ba	ba	ba	ba	Because every generation is in part responsible for the economy it passes on to the next, today's fiscal policy choices must be informed by the long-term.	An economy they pass on creates every generation.	ba	neutral
1000140	ba	ba	ba	ba	ba	ba	ba	One of the men shouted but the man with the donkey didn't hear.	The man making fun of the donkey was heard by the other man.	ba	contradiction
1001963	ba	ba	ba	ba	ba	ba	ba	These organizations range from groups that disseminate information on immediate threats and vulnerabilities, to those that seek to facilitate information sharing between public and private entities on industry-specific threats, to those that promote coordination across infrastructure sectors and on an international scale.	Information disseminates some groups.	ba	neutral
1002200	ba	ba	ba	ba	ba	ba	ba	It has a popular brasserie on the first platform, an elegant gourmet restaurant on the second, and a view from the top stretching for miles on a pollution-free day.	A fancy gourmet restaurant are boasted by the second platform.	ba	entailment
1001167	ba	ba	ba	ba	ba	ba	ba	A three-degree course adjustment to the left.	Just a smidge was moved by the path.	ba	neutral
1002905	ba	ba	ba	ba	ba	ba	ba	Economic Report of the President.	An Economic Report were made by the President.	ba	entailment
1001339	ba	ba	ba	ba	ba	ba	ba	Yes, sir? The chauffeur turned his head.	His head to look at him swiveled the chauffeur.	ba	neutral
1002704	ba	ba	ba	ba	ba	ba	ba	senior official behaved improperly with regard to influence and accepting money before and since leaving the White House (U.S.	The white house left the senior official.	ba	neutral
1000154	ba	ba	ba	ba	ba	ba	ba	The gardens, once a favorite spot for aristocratic duels, now serve as a pleasant children's playground.	Part in aristocratic duels is taken by the children.	ba	contradiction
1002420	ba	ba	ba	ba	ba	ba	ba	The page also features a condensed history of Beijing (disguised as a Beijing Tour), links to China's music, and a reader forum.	A history of Beijing , music and a forum features the page.	ba	neutral
1000955	ba	ba	ba	ba	ba	ba	ba	The house now lies covered in undergrowth and makes a cattle pen for a local family, but remnants of the pretty arches and columns can still be seen.	A snake pen for a local family are made by the house.	ba	contradiction
1001764	ba	ba	ba	ba	ba	ba	ba	The Kal stood a head taller than Adrin, thicker, and clearly stronger.	His size to intimidate Adrin was used by the Kal.	ba	neutral
1000127	ba	ba	ba	ba	ba	ba	ba	Given the high-tech world of modern biology, the method by which the Scottish team managed to provoke this extraordinary dedifferentiation is almost old-fashioned in its simplicity.	A dedifferentiation provoked the Scottish team.	ba	neutral
1003038	ba	ba	ba	ba	ba	ba	ba	"It bore the inscription, ""Mr. Edward Whittington."" Below the name were the words ""Esthonia Glassware Co.,"" and the address of a city office."	A name and the address of a city office included the inscription.	ba	neutral
1003092	ba	ba	ba	ba	ba	ba	ba	The formal gardens are a wonder of flowers, clip?­p?­ed hedges, sculptures, and fountains.	Fountains and sculptures include the formal gardens.	ba	neutral
1001098	ba	ba	ba	ba	ba	ba	ba	And there are many other graves, their tombstones revealing the hardships of the town's history.	The graves mark the tombstones.	ba	neutral
1001823	ba	ba	ba	ba	ba	ba	ba	2 The principals ultimately decide upon the principles and standards.	Decisions make the principals.	ba	neutral
1001169	ba	ba	ba	ba	ba	ba	ba	On the last night before the Romans breached the walls the Zealots decided on mass suicide.	A poison to kill themselves was used by the Zealots.	ba	neutral
1002721	ba	ba	ba	ba	ba	ba	ba	DOT officials said the system had saved the department more than a million dollars each year in administrative costs and facilitated the rulemaking process in other ways.	Department optimisation are allowed by the system.	ba	neutral
1002533	ba	ba	ba	ba	ba	ba	ba	This arcaded palace, with its garden of lime trees and beeches and a pond where the young Louis XIV nearly drowned, has a colorful history.	All the limes for the village are grown by the palace.	ba	neutral
1000701	ba	ba	ba	ba	ba	ba	ba	It growls and snaps at the air, and though it does manage to stomp one victim (who, in a nice touch, sticks to the bottom of its foot like a piece of gum), in general it moves with such a lumbering gait that we might as well be back in the '60s watching Valley of the Gwangi . Where is the lethal swiftness of the predator?	One victim stomped the predator.	ba	neutral
1002503	ba	ba	ba	ba	ba	ba	ba	Although this guide focuses on fundamental practices rather than detailed guidance, the examples illustrate and complement much of the specific guidance contained in similar and related GAO documents cited in appendix III.	Citations for corresponding GAO documents are included by the examples.	ba	neutral
1002618	ba	ba	ba	ba	ba	ba	ba	That much his memoir gets right.	Something right are gotten by the memoir.	ba	entailment
1000342	ba	ba	ba	ba	ba	ba	ba	A white flag tells you it's safe and that a lifeguard is present.	Shark-infested waters that are n't watched by lifeguards are meant by a white flag.	ba	contradiction
1001354	ba	ba	ba	ba	ba	ba	ba	These rocky islets carved into fantastic shapes are a symbol of the island's beauty.	The beauty of the island is symbolized by the islets.	ba	entailment
1003156	ba	ba	ba	ba	ba	ba	ba	The chain twirled and caught the woman's sword arm around her wrist and the guard of the rapier.	The woman 's legs was caught by the chain.	ba	contradiction
1000363	ba	ba	ba	ba	ba	ba	ba	Scientists don't have an answer for this one.	Scientists elude the answer.	ba	neutral
1001663	ba	ba	ba	ba	ba	ba	ba	This document established twin goals to be attained by the national legal services community by 2004: to dramatically increase the provision of legal services to eligible persons	Two goals were set by the document.	ba	entailment
1000443	ba	ba	ba	ba	ba	ba	ba	Internal Validity The extent to which the causes of an effect are established by an inquiry.	Internal validity established an inquiry.	ba	neutral
1003100	ba	ba	ba	ba	ba	ba	ba	The competition is fierce, involving foreign owners and horses.	Foreign owners and horses include the competition.	ba	neutral
1002502	ba	ba	ba	ba	ba	ba	ba	"It leavens the"" ”she looked at him ”""stolid stupidity of the ordinary Englishman."" Fire in her eyes, ice in her voice. "	Something that sounded stupid was said by an ordinary Englishman.	ba	neutral
1003131	ba	ba	ba	ba	ba	ba	ba	Last year, the state domestic violence coalition received a VAWA grant to set up 13 new local pro bono programs in the 13 communities where there are domestic violence shelters.	A grant to set up 13 new local pro bono programs received the state.	ba	neutral
1001115	ba	ba	ba	ba	ba	ba	ba	The imperial administration for this undertaking demanded a huge bureaucracy, with superintendents, accountants, and clerks overseeing commerce, forestry, armory, weights and measures, goldsmiths, prostitutes, ships, cows and horses, elephants, chariots, and infantry.	Many new jobs were created by this administration.	ba	entailment
1000793	ba	ba	ba	ba	ba	ba	ba	Using these guidelines, the normal range of NOECs from toxicity tests using a	Any toxicity test that is used are covered by the guidelines.	ba	neutral
1002959	ba	ba	ba	ba	ba	ba	ba	Among other things, the assessment should develop strategies to mitigate risks and maximize benefits in the context of available technologies, and the relative total costs and effects of implementing those technologies.	Only 1 technology is evaluated by this assessment.	ba	contradiction
1001934	ba	ba	ba	ba	ba	ba	ba	This chapter prescribes field work standards and provides guidance to auditors conducting performance audits in accordance with generally accepted government auditing standards (GAGAS).	General auditing standards are maintained by the government.	ba	entailment
1001146	ba	ba	ba	ba	ba	ba	ba	5. World Health Organization Brief Intervention Study Group.	Group of the World Wildlife Fund is studied by the intervention.	ba	contradiction
1002185	ba	ba	ba	ba	ba	ba	ba	The basis for this guide is the belief that federal agencies could benefit from examples set by a few leading organizations whose CIO organizations have gained a reputation for outstanding information management in their enterprises.	Examples that were used as basis for this guide set some few leading organizations.	ba	neutral
1001522	ba	ba	ba	ba	ba	ba	ba	For these reasons, the present analysis uses the same Concentration-Response function in developing the Base Estimate of mortality benefits.	The same function to develop the mortality benefits is used by the present analysis.	ba	entailment
1002590	ba	ba	ba	ba	ba	ba	ba	For example, the Zimmer and Gavin station FGD retrofits performed in the early 1990's both involve three absorbers on each 1300 MWe unit.	As many as five absorbers were used by some other stations.	ba	neutral
1002216	ba	ba	ba	ba	ba	ba	ba	The Commission identified 21 sites with rates for industrial countries and eight sites with rates for developing countries.	21 sites that had rates for industrial countries in Asia were seen by the commission.	ba	neutral
1001790	ba	ba	ba	ba	ba	ba	ba	What? The captain was evidently caught off guard.	The captain was confused by the sudden question.	ba	neutral
1000969	ba	ba	ba	ba	ba	ba	ba	For further discussion of the accounting standards for pensions and other retirement benefits for federal employees, see SFFAS  	No benefits are received by the federal employees.	ba	contradiction
1000652	ba	ba	ba	ba	ba	ba	ba	In 1595 Drake learned that a 2-million-peso gold shipment had just arrived in San Juan aboard a Spanish galleon.	The gold shipment was brought by a Spanish galleon.	ba	entailment
1002008	ba	ba	ba	ba	ba	ba	ba	The senses work in different ways.	Different things do the senses.	ba	neutral
1001336	ba	ba	ba	ba	ba	ba	ba	Notable artists, writers, philosophers, and scientists seemed to flock to the city.	Notable writers and scientists attracted the city.	ba	neutral
1002017	ba	ba	ba	ba	ba	ba	ba	A contract in which the government reimburses the	Some contracts reimburse the government.	ba	neutral
1001159	ba	ba	ba	ba	ba	ba	ba	The lower floor here houses the throne room with ornate griffin frescoes and a lustral basin for ritual purification.	A plain tile floor are housed by the lower floor.	ba	contradiction
1001135	ba	ba	ba	ba	ba	ba	ba	The Cheong Fatt Tze Mansion, on Lebuh Leith, with its striking outer walls of a rich blue color, was built around 1860 by Thio Thaw Siat, a Chinese businessman.	The Cheong Fatt Tze Mansion built a Chinese businessman.	ba	neutral
1002437	ba	ba	ba	ba	ba	ba	ba	One can almost hear the appreciative chuckles from the spectators' gallery at this bit of repartee--the overreactive, tension-dispelling response that very mild witticisms tend to produce in solemn venues.	The show was loved by the spectators.	ba	entailment
1002094	ba	ba	ba	ba	ba	ba	ba	Even so, by 1947 immigration had swollen the Jewish population to such an extent that Jews now outnumbered Arabs three to one (600,000 to 200,000), and the violence continued to escalate.	The Jews was outnumbered by the Arabs.	ba	contradiction
1001942	ba	ba	ba	ba	ba	ba	ba	Reed says the San Antonio center fields calls on a number of legal problems.	Calls about one topic are gotten by the San Antonio center.	ba	contradiction
1000786	ba	ba	ba	ba	ba	ba	ba	On matters of design, the guidelines discuss the clarity of issues, the relationship of the evaluation question to the case study application selected, the basis for case study selection, and the time span of the study.	The clarity of issues regarding cooking is discussed by the guidelines.	ba	contradiction
1003114	ba	ba	ba	ba	ba	ba	ba	The Stevenson exhibition on the lower floor is particularly interesting, with photographs of the author traveling around the world before his untimely death at the age of 44 in Samoa.	The Stevenson exhibit feature the lower floor.	ba	neutral
1002945	ba	ba	ba	ba	ba	ba	ba	Guided tours are well organized and include a boat trip on the lake.	A camel ride are included by the tours.	ba	contradiction
1000479	ba	ba	ba	ba	ba	ba	ba	The commitments describe a limited number of critical actions; objectives, such as personal development objectives; and/or results that the executive will work to achieve.	1000 critical actions are included by the committments.	ba	contradiction
1001597	ba	ba	ba	ba	ba	ba	ba	Journal of Exposure Analysis and Environmental Epidemiology.	Exposure and Environmental Epidemiology is analysed by the journal.	ba	entailment
1002344	ba	ba	ba	ba	ba	ba	ba	The sixth row, labeled Unknown shows some First-Class Mail that cannot be identified with any of the aforementioned four sectors.	Some mail that ca n't be labeled by any of the sectors includes the chart.	ba	neutral
1002463	ba	ba	ba	ba	ba	ba	ba	The first conference was held on March 31, 2001 in conjunction with the 2001 Equal Justice Conference, and others are planned later in 2001.	A record high attendance was experienced by the first conference.	ba	neutral
1002372	ba	ba	ba	ba	ba	ba	ba	Within the temple itself the gods share Hypostyle Halls and an inner sanctum.	Hypostyle Halis and an inner sanctum inside the temple are shared by the gods.	ba	entailment
1001677	ba	ba	ba	ba	ba	ba	ba	The same section establishes the performance criterion that the Postal Service is expected to achieve as a matter of postal  It shall provide prompt, reliable, and efficient services to patrons in all areas and . . . all communities.	The performance goals are achieved by the postal Service.	ba	neutral
1000753	ba	ba	ba	ba	ba	ba	ba	According to the Department, this rule affects the determination of eligibility and benefit levels; it does not affect the current information collection requirements for making such determinations.	The determination of eligibility is affected by the rule.	ba	entailment
1002791	ba	ba	ba	ba	ba	ba	ba	In a supremely Spanish reply, the colonel advised his son to pray, shout Viva Espa??a' and die like a hero. 	His son to pray and die like a hero , despite his begging was told by the colonel.	ba	neutral
1001863	ba	ba	ba	ba	ba	ba	ba	In addition, the final rule does not affect small governments or contain a significant intergovernmental mandate.	Small governments are effected by the final rule.	ba	contradiction
1002226	ba	ba	ba	ba	ba	ba	ba	The detail is greater than that required in other methods.	More detail was required by this method.	ba	entailment
1001713	ba	ba	ba	ba	ba	ba	ba	Until it sticks, go out and enjoy life!' The professor said without even looking at the patient.	The patient to go out an enjoy life was told by the professor.	ba	entailment
1003040	ba	ba	ba	ba	ba	ba	ba	These routes are largely a suburban phenomenon, they reach more stops in a day and hence, have more volume.	More stops each day are reached by the routes.	ba	entailment
1002974	ba	ba	ba	ba	ba	ba	ba	A piece describes the alarming world of executive kidnappings.	Espionage is discussed by the piece.	ba	contradiction
1000318	ba	ba	ba	ba	ba	ba	ba	A grey limousine on which they had set high hopes was traced to Harrogate, and turned out to be the property of a highly respectable maiden lady! 	The grey limousine is owned by a highly respectable maiden lady.	ba	entailment
1001043	ba	ba	ba	ba	ba	ba	ba	The thin man dodged one strike, parried another, and was soon upon her.	The woman was overpowered by the man.	ba	neutral
1001068	ba	ba	ba	ba	ba	ba	ba	However, one participant questioned that since almost 10 years have gone by since the Jenkins Committee made its recommendations, is there really a demand for change?	The need for change is questioned by some people.	ba	entailment
1001471	ba	ba	ba	ba	ba	ba	ba	The prophecy fulfills itself, rather than being fulfilled.	Care of itself regardless of what anyone else does takes the prophecy.	ba	neutral
1001717	ba	ba	ba	ba	ba	ba	ba	Take your lunch; this is wild, far-out Caribbean beach territory with no facilities of any kind, although some islanders keep tents here permanently for weekend camping.	A large restaurant and an equipment shack is featured by the beach.	ba	contradiction
1002543	ba	ba	ba	ba	ba	ba	ba	The area was dominated in the past by the papacy, which conquered the Lombard dukes of Spoleto in the Middle Ages, Perugia in the 16th century, and held sway until the unification of Italy.	Perugia in the 16th century was conquered by the papacy.	ba	entailment
1001586	ba	ba	ba	ba	ba	ba	ba	Those of us who actively participated in drafting section 305, granting LSC the ability to represent H-2A workers and H-2A eligibility for such services, were very much aware of the alien-representation restrictions in the annual LSC appropriations bills.	Mostly people from their own country are wanted by the LSC.	ba	neutral
1000485	ba	ba	ba	ba	ba	ba	ba	Likewise with the sadness after the loss of the best girls from the Night Fusion club, who went to further their careers in Deutcheczland at a resort in Karlsbad Vary.	The club was left by the girls.	ba	entailment
1002453	ba	ba	ba	ba	ba	ba	ba	Many carvings of Hatshepsut at the temple have been defaced.	Many carvings of Hatshepsut contain the temple.	ba	neutral
1001861	ba	ba	ba	ba	ba	ba	ba	The new loan raised their mortgage debt $100,000, to $360,000.	The loan amount were decreased by the new loan.	ba	contradiction
1001973	ba	ba	ba	ba	ba	ba	ba	The Mus??e du D??barquement on the seafront includes an exciting film explaining the whole heroic action.	A film depicting an heroic action is displayed by the museum.	ba	entailment
1003071	ba	ba	ba	ba	ba	ba	ba	The rocks in this territory are volcanic and relatively young compared to the hills of the north.	Rock that is young was produced by the volcano.	ba	entailment
1003022	ba	ba	ba	ba	ba	ba	ba	These reports detail how much lobbyists are paid to work on a particular issue and in theory what, who, and how they lobby.	Millions are made by the lobbyists.	ba	neutral
1002242	ba	ba	ba	ba	ba	ba	ba	The analysis discusses the definitions of small entities for the various entities subject to the rule which definitions were adopted by the SEC in Securities Exchange Release  	The definitions of small entities are discussed by the analysis.	ba	entailment
1002288	ba	ba	ba	ba	ba	ba	ba	The Kal picked up the plate and re-fastened it.	A plate he picked up was re-fastenned by the Kal.	ba	entailment
1001939	ba	ba	ba	ba	ba	ba	ba	The rules are very clear.	No explanation needs the rules.	ba	neutral
1000510	ba	ba	ba	ba	ba	ba	ba	Upon careful consideration of the findings of fact, the language and purposes of the statute and the legislative history, the Commission has determined that none of these formulations fully responds to the purposes of the statute or the intent of Congress.	More formulations to be done to meet the intent of Congress are wanted by the Commission.	ba	neutral
1001844	ba	ba	ba	ba	ba	ba	ba	The farmers tended their crops.	Care of their crops took the farmers.	ba	neutral
1002028	ba	ba	ba	ba	ba	ba	ba	For undermanned Guadeloupe and Martinique, the French pirates were critically  in return for a safe haven, they carried in supplies, raided enemy merchant vessels, and joined battles against invading forces.	Supplies were carried by the French pirates.	ba	entailment
1002806	ba	ba	ba	ba	ba	ba	ba	"Then of the four elements--"" Dave gulped, but kept silent, ""--of the four elements the universe is built."	The universe was built by the four elements that.	ba	entailment
1001300	ba	ba	ba	ba	ba	ba	ba	It had my face on the front page, next to Jacob White's.	My face was shown by the front page.	ba	entailment
1002580	ba	ba	ba	ba	ba	ba	ba	 the winged Victory of Samothrace and the beautifully proportioned Venus de Milo.	Venus de Milo were divided by the gorgeously.	ba	entailment
1003120	ba	ba	ba	ba	ba	ba	ba	In deference to foreign habits, full breakfast (desayuno completo) is served at most tourist hotels.	A complete morning meal serve some hotels.	ba	neutral
1001300	ba	ba	ba	ba	ba	ba	ba	It had my face on the front page, next to Jacob White's.	My face showed the front page.	ba	neutral
1000738	ba	ba	ba	ba	ba	ba	ba	The Kal laid prone and kissed the earth.	Kal was kissed by the earth.	ba	contradiction
1002762	ba	ba	ba	ba	ba	ba	ba	The senior executives receive a summary rating level of outstanding,	Summary rating level of nonperforming were received by the senior executives.	ba	contradiction
1001312	ba	ba	ba	ba	ba	ba	ba	Religious conservatives complain that the GOP has ignored their causes.	Religious conservative causes are ignored by the GOP.	ba	neutral
1001528	ba	ba	ba	ba	ba	ba	ba	Each analysis supports a political ideology.	The Catholic and Buddhist religions are compared by this latest analysis.	ba	contradiction
1003065	ba	ba	ba	ba	ba	ba	ba	The government controls the number of allowances that are distributed and reduces them over time.	The number of allowances over time is reduced by the government.	ba	entailment
1002889	ba	ba	ba	ba	ba	ba	ba	When the American diplomat who supervises the international peace monitors in Kosovo accused Serb police of the massacre, the Yugoslav (i.e.	Serbian police of the massacre accused an American diplomat.	ba	neutral
1001928	ba	ba	ba	ba	ba	ba	ba	But the blade stopped.	Its movement stopped the blade.	ba	neutral
1001128	ba	ba	ba	ba	ba	ba	ba	They sponsored evidence challenging the need for a cushion so substantially above and beyond the Postal Service's own best estimate of future increases in the cost of collecting, processing and delivering the mail.	The need for a cushion is affirmed by the evidence.	ba	contradiction
1000351	ba	ba	ba	ba	ba	ba	ba	The man roared out and cleaved off the demon's other arm.	The demon 's leg was struck by the man.	ba	contradiction
1001474	ba	ba	ba	ba	ba	ba	ba	The participants acknowledged that recent legislative and regulatory	The recent legislation was ignored by the participants.	ba	contradiction
1003084	ba	ba	ba	ba	ba	ba	ba	The following are some tools and strategies employed effectively by states included in this Report.	Strategies used by states are included by this report.	ba	entailment
1002600	ba	ba	ba	ba	ba	ba	ba	In this case the challenge lay in evaluating the Service's request for additional funds over and above its expected operating expenses.	Additional funds wanted the service.	ba	neutral
1000737	ba	ba	ba	ba	ba	ba	ba	(The survey starts in the Northeast and works its way clockwise around the country.	The whole country is covered by the survey.	ba	entailment
1002899	ba	ba	ba	ba	ba	ba	ba	It now covers localities from Lee County to Christiansburg.	Services in Lee County and Christiansburg are given by the office.	ba	entailment
1001737	ba	ba	ba	ba	ba	ba	ba	Giza was not the only location where pyramids were built there are many sites scattered throughout the western desert and it was not the place where pyramid-building started.	Many sites that were used for pyramid building host the western deserts.	ba	neutral
1000198	ba	ba	ba	ba	ba	ba	ba	Finally, the Commission considered two significant alternatives that could minimize the impact on small  (1) not including within the purview of telephones provided for emergency use those telephones in workplace noncommon areas, in confined settings and in hotels and motels and (2) not requiring volume controls on the covered telephones.	Two alternatives that could increase the impact on telephones were considered by the commission.	ba	contradiction
1001802	ba	ba	ba	ba	ba	ba	ba	RECOGNIZE - To determine the amount, timing, classification, and other conditions precedent to the acceptance and entry of a transaction.	Recognition of each factor is required by the bylaws.	ba	neutral
1002240	ba	ba	ba	ba	ba	ba	ba	The Ds' motto is We, the People; the Rs' motto is Ew, the People.	The People represent the Democrats.	ba	neutral
1000405	ba	ba	ba	ba	ba	ba	ba	With the presence of Mr. Inglethorp, a sense of constraint and veiled hostility seemed to settle down upon the company. 	The feelings Mr. Inglethorpe brought with him were welcomed by the company.	ba	contradiction
1002180	ba	ba	ba	ba	ba	ba	ba	Ironically, the British occupation gave Guadeloupe's economy a big  between 20,000 and 30,000 more slaves were transported in and new cane-grinding windmills built, all of which spurred the sugar trade to unprecedented prosperity.	Guadeloupe 's economy was ruined by the British occupation.	ba	contradiction
1000739	ba	ba	ba	ba	ba	ba	ba	Room 21: Vittore Carpaccio depicts in nine canvases the bizarre Story of St. Ursula, a British princess, said to have led 11,000 virgins on a pilgrimage to Rome, all of whom were raped and slaughtered on their way back.	The story of St. Ursula , a princess from Britain tells the nine canvases.	ba	neutral
1002472	ba	ba	ba	ba	ba	ba	ba	There's also a 1-acre swimming pool with water slides and a vast array of amenities and services all over the 62-acre (25-hectare) oceanfront grounds.	A large swimming pool and many amenities are contained by the grounds.	ba	entailment
1000949	ba	ba	ba	ba	ba	ba	ba	EPA also has concluded that although there is some overlap between other reporting requirements for environmental releases and other management activities mandated by EPCRA, PPA, and other statutes, the reporting requirements of this rule do not conflict because of the differences in information collected, entities covered, reporting frequencies, how the data are reported, and so forth.	Mutually exclusive reporting requirements were found by the EPA.	ba	contradiction
1000797	ba	ba	ba	ba	ba	ba	ba	The entire analysis, which was included in the regulatory impact analysis, was available for review in EPA's public docket.	The entire text publicly available was made by the EPA.	ba	entailment
1001529	ba	ba	ba	ba	ba	ba	ba	The English queen kept her cousin in captivity for 20 years and finally had her beheaded on a trumped-up charge of treason.	Her cousin to roam freely throughout the country before finally beheading her for treason after 20 years was allowed by the English queen.	ba	contradiction
