1001496	ba	ba	ba	ba	ba	ba	ba	The revisions eliminated several federal restrictions.	The revisions were eliminated by several federal restrictions.	ba	neutral
1002561	ba	ba	ba	ba	ba	ba	ba	The VA set no standards regarding compensation for veterans. 	No standards regarding compensation for veterans set the VA.	ba	neutral
1001299	ba	ba	ba	ba	ba	ba	ba	Some things cause huge political scenes.	Huge political scenes cause some things.	ba	neutral
1002855	ba	ba	ba	ba	ba	ba	ba	A tunnel connects Calpe to Moraira.	A tunnel is connected by Calpe to Moraira.	ba	neutral
1000181	ba	ba	ba	ba	ba	ba	ba	The mangrove trees make a thick canopy.	The mangrove trees are made by a thick canopy.	ba	neutral
1001592	ba	ba	ba	ba	ba	ba	ba	The GAO-Sponsodered symposium sponsored 20 different research studies. 	The GAO-Sponsodered symposium was sponsored by 20 different research studies.	ba	neutral
1001756	ba	ba	ba	ba	ba	ba	ba	The garden separates the works of western and Japanese sculptors.	The garden is separated by the works of western and Japanese sculptors.	ba	neutral
1000414	ba	ba	ba	ba	ba	ba	ba	The stained glass shows a scene of the Last Supper.	A scene of the Last Supper shows the stained glass.	ba	neutral
1002300	ba	ba	ba	ba	ba	ba	ba	The commission published the notice of proposed rulemaking at the last second.	The notice of proposed rulemaking at the last second published the commission.	ba	neutral
1002729	ba	ba	ba	ba	ba	ba	ba	Each company creates its own, unique management strategy.	Each company is created by its own , unique management strategy.	ba	neutral
1002042	ba	ba	ba	ba	ba	ba	ba	The Whigs framed things like in the feudal societies. 	The Whigs was framed by things like in the feudal societies.	ba	neutral
1000302	ba	ba	ba	ba	ba	ba	ba	The two magazines covered wine stories. 	Wine stories covered the two magazines.	ba	neutral
1001695	ba	ba	ba	ba	ba	ba	ba	The hospital ignored the potential dangers.	The hospital was ignored by the potential dangers.	ba	neutral
1003140	ba	ba	ba	ba	ba	ba	ba	These locations receive hundreds of visitors every day.	These locations are received by hundreds of visitors every day.	ba	neutral
1001092	ba	ba	ba	ba	ba	ba	ba	The computer simulated long-term performance of the stocks.	The computer is simulated by long-term performance of the stocks.	ba	neutral
1002248	ba	ba	ba	ba	ba	ba	ba	The government spends billions on computers.	The government is spent by billions on computers.	ba	neutral
1001597	ba	ba	ba	ba	ba	ba	ba	The journal analyses exposure and Environmental Epidemiology.	The journal is analysed by exposure and Environmental Epidemiology.	ba	neutral
1000950	ba	ba	ba	ba	ba	ba	ba	Both men lacked the energy to invent things.	The energy to invent things lacked both men.	ba	neutral
1001274	ba	ba	ba	ba	ba	ba	ba	These money changers offer rates that are much better than the local banks.	These money is changerred by offer rates that are much better than the local banks.	ba	neutral
1000923	ba	ba	ba	ba	ba	ba	ba	An argument took place, whose proportions had not been seen before in the Suwaks home.	An argument was taken by place , whose proportions had not been seen before in the Suwaks home.	ba	neutral
1001631	ba	ba	ba	ba	ba	ba	ba	The Kal said Red Lotus.	The Kal was said by Red Lotus.	ba	neutral
1000672	ba	ba	ba	ba	ba	ba	ba	The man kept perfect composure the whole trial.	Perfect composure the whole trial kept the man.	ba	neutral
1002463	ba	ba	ba	ba	ba	ba	ba	The first conference experienced a record high attendance.	A record high attendance experienced the first conference.	ba	neutral
1000630	ba	ba	ba	ba	ba	ba	ba	The agency makes quite a lot of mistakes.	The agency is made by quite a lot of mistakes.	ba	neutral
1002489	ba	ba	ba	ba	ba	ba	ba	The Chinese garden contains numerous flower species which are native to China. 	Numerous flower species which are native to China contain the Chinese garden.	ba	neutral
1001108	ba	ba	ba	ba	ba	ba	ba	The analysis describes the regulatory options that are available to reduce the risk of cervical cancer.	The regulatory options that are available to reduce the risk of cervical cancer describe the analysis.	ba	neutral
1000444	ba	ba	ba	ba	ba	ba	ba	The manager respects the responsibility and accountability that are expected of him. 	The manager is respected by the responsibility and accountability that are expected of him.	ba	neutral
1002434	ba	ba	ba	ba	ba	ba	ba	The standard auditor wrote a report that was useful to users. 	The standard auditor was written by a report that was useful to users.	ba	neutral
1000758	ba	ba	ba	ba	ba	ba	ba	The Commission published an analysis.	An analysis published the Commission.	ba	neutral
1001000	ba	ba	ba	ba	ba	ba	ba	The home became an art museum.	An art museum became the home.	ba	neutral
1002351	ba	ba	ba	ba	ba	ba	ba	The huge man lost his balance.	The huge man was lost by his balance.	ba	neutral
1001737	ba	ba	ba	ba	ba	ba	ba	The western deserts host many sites that were used for pyramid building.	The western deserts are hosted by many sites that were used for pyramid building.	ba	neutral
1000801	ba	ba	ba	ba	ba	ba	ba	A smart buyer outsources everything.	Everything outsources a smart buyer.	ba	neutral
1000951	ba	ba	ba	ba	ba	ba	ba	The houses offer an attractive view of the cathedral and the shopping streets.	The houses are offered by an attractive view of the cathedral and the shopping streets.	ba	neutral
1002772	ba	ba	ba	ba	ba	ba	ba	The final rule contains a modified information collection.	A modified information collection contain the final rule.	ba	neutral
1000535	ba	ba	ba	ba	ba	ba	ba	The mountains offer no protection.	The mountains are offered by no protection.	ba	neutral
1003012	ba	ba	ba	ba	ba	ba	ba	These paintings feel nothing like webs or lattices.	These paintings are felt by nothing like webs or lattices.	ba	neutral
1002117	ba	ba	ba	ba	ba	ba	ba	The Commission gives a statement of the objectives of the rule amendments.	The Commission is given by a statement of the objectives of the rule amendments.	ba	neutral
1000320	ba	ba	ba	ba	ba	ba	ba	The hospital presents audiovisual shows.	The hospital is presented by audiovisual shows.	ba	neutral
1002145	ba	ba	ba	ba	ba	ba	ba	The church combines Roman and Gothic features.	The church is combined by Roman and Gothic features.	ba	neutral
1002973	ba	ba	ba	ba	ba	ba	ba	The religious upbringing destroyed the area's sense of freedom.	The religious upbringing was destroyed by the area 's sense of freedom.	ba	neutral
1002046	ba	ba	ba	ba	ba	ba	ba	The rules serve a guidelines that must be followed to protect the environment.	A guidelines that must be followed to protect the environment serve the rules.	ba	neutral
1001009	ba	ba	ba	ba	ba	ba	ba	The Garrison ignored the nationalist's demands.	The nationalist 's demands ignored the Garrison.	ba	neutral
1002448	ba	ba	ba	ba	ba	ba	ba	This data shows the outline of a building, most likely a comparison.	This data are shown by the outline of a building , most likely a comparison.	ba	neutral
1002481	ba	ba	ba	ba	ba	ba	ba	The tip missed the man.	The man missed the tip.	ba	neutral
1000366	ba	ba	ba	ba	ba	ba	ba	The Times won 2 Pulitzer Prizes in 2016,	The Times was won by 2 Pulitzer Prizes in 2016.	ba	neutral
1000651	ba	ba	ba	ba	ba	ba	ba	The high-end accommodations raise the standards of expectation.	The standards of expectation raise the high-end accommodations.	ba	neutral
1000245	ba	ba	ba	ba	ba	ba	ba	This value reflects changes in real income.	Changes in real income reflect this value.	ba	neutral
1001143	ba	ba	ba	ba	ba	ba	ba	The guide owns the boat in which we are riding in.	The boat in which we are riding in owns the guide.	ba	neutral
1001814	ba	ba	ba	ba	ba	ba	ba	No islands exhibit the syrtos dance.	The syrtos dance exhibits no islands.	ba	neutral
1000921	ba	ba	ba	ba	ba	ba	ba	The mare made a frantic noise.	A frantic noise made the mare.	ba	neutral
1000530	ba	ba	ba	ba	ba	ba	ba	The main spire resembles the Gothic style of the 16th century.	The main spire is resembled by the Gothic style of the 16th century.	ba	neutral
1002731	ba	ba	ba	ba	ba	ba	ba	The poem celebrates an insect invasion. 	An insect invasion celebrates the poem.	ba	neutral
1000903	ba	ba	ba	ba	ba	ba	ba	The show walks a thin line between being campy and earnest.	A thin line between being campy and earnest walks the show.	ba	neutral
1002873	ba	ba	ba	ba	ba	ba	ba	The Germans get things done quickly and easily.	The Germans is gotten by things done quickly and easily.	ba	neutral
1000778	ba	ba	ba	ba	ba	ba	ba	The owner uses an outside firm to work on the development project.	The owner is used by an outside firm to work on the development project.	ba	neutral
1002823	ba	ba	ba	ba	ba	ba	ba	The British held an imperial hold.	An imperial hold held the British.	ba	neutral
1000382	ba	ba	ba	ba	ba	ba	ba	The plan involves no losses on our side. 	No losses on our side involve the plan.	ba	neutral
1002571	ba	ba	ba	ba	ba	ba	ba	The Model predicts the price of electricity in some areas.	The price of electricity in some areas predicts the Model.	ba	neutral
1000919	ba	ba	ba	ba	ba	ba	ba	The analysis describes the large entities.	The large entities describe the analysis.	ba	neutral
1003101	ba	ba	ba	ba	ba	ba	ba	The midtown traffic passes the Plaza de la Independencia.	The Plaza de la Independencia pass the midtown traffic.	ba	neutral
1003088	ba	ba	ba	ba	ba	ba	ba	All legal-aid organizations develop long-term plans.	Long-term plans develop all legal-aid organizations.	ba	neutral
1001519	ba	ba	ba	ba	ba	ba	ba	The worksharing program helps immigrant workers.	Immigrant workers help the worksharing program.	ba	neutral
1002299	ba	ba	ba	ba	ba	ba	ba	The gift offers foresight and incredible wisdom.	Foresight and incredible wisdom offers the gift.	ba	neutral
1002053	ba	ba	ba	ba	ba	ba	ba	This person committed suicide.	Suicide committed this person.	ba	neutral
1001507	ba	ba	ba	ba	ba	ba	ba	Every chapter contains a separate statement.	A separate statement contains every chapter.	ba	neutral
1002192	ba	ba	ba	ba	ba	ba	ba	The Commission published a total of five Reports and Orders regarding communications providers.	The Commission was published by a total of five Reports and Orders regarding communications providers.	ba	neutral
1002361	ba	ba	ba	ba	ba	ba	ba	The river holds mahseer, trout, crocodile, and dolphin.	The river is held by mahseer , trout , crocodile , and dolphin.	ba	neutral
1001110	ba	ba	ba	ba	ba	ba	ba	The CWC rewards countries that fail to ratify the ban on chemicals.	The CWC is rewarded by countries that fail to ratify the ban on chemicals.	ba	neutral
1000112	ba	ba	ba	ba	ba	ba	ba	The taxpayers saved only a dollar.	Only a dollar saved the taxpayers.	ba	neutral
1001138	ba	ba	ba	ba	ba	ba	ba	The courts charge a filing fee.	A filing fee charge the courts.	ba	neutral
1001332	ba	ba	ba	ba	ba	ba	ba	The survey showed that 25 to 30 percent of the animals...	That 25 to 30 percent of the animals showed the survey.	ba	neutral
1000925	ba	ba	ba	ba	ba	ba	ba	The Museum features a model of how the building looked before the fire.	A model of how the building looked before the fire features the Museum.	ba	neutral
1002301	ba	ba	ba	ba	ba	ba	ba	The vielle ville includes Italian-influenced architecture. 	Italian-influenced architecture includes the vielle ville.	ba	neutral
1001339	ba	ba	ba	ba	ba	ba	ba	The chauffeur swiveled his head to look at him.	The chauffeur was swiveled by his head to look at him.	ba	neutral
1001358	ba	ba	ba	ba	ba	ba	ba	The judge demanded immediate silence.	The judge was demanded by immediate silence.	ba	neutral
1000194	ba	ba	ba	ba	ba	ba	ba	This approach produced good results.	Good results produced this approach.	ba	neutral
1000103	ba	ba	ba	ba	ba	ba	ba	The low-end accommodations raised the standards of expectation.	The low-end accommodations were raised by the standards of expectation.	ba	neutral
1001472	ba	ba	ba	ba	ba	ba	ba	The first rule contains important information requirements which are subjected to the Paperwork Reduction Act.	The first rule is contained by important information requirements which are subjected to the Paperwork Reduction Act.	ba	neutral
1002810	ba	ba	ba	ba	ba	ba	ba	The page features a history of America, music and a forum. 	The page is featured by a history of America , music and a forum.	ba	neutral
1001931	ba	ba	ba	ba	ba	ba	ba	The commission released a lengthy comment.	A lengthy comment released the commission.	ba	neutral
1001984	ba	ba	ba	ba	ba	ba	ba	The structure employs the arts and architecture of different eras.	The arts and architecture of different eras employ the structure.	ba	neutral
1001360	ba	ba	ba	ba	ba	ba	ba	The marketplace sells foods. 	Foods sell the marketplace.	ba	neutral
1000368	ba	ba	ba	ba	ba	ba	ba	The lawyers disregarded her interpretation of the law.	The lawyers were disregarded by her interpretation of the law.	ba	neutral
1002711	ba	ba	ba	ba	ba	ba	ba	The woman wore a yellow blouse that matched the flowers she was tending. 	The woman was worn by a yellow blouse that matched the flowers she was tending.	ba	neutral
1002516	ba	ba	ba	ba	ba	ba	ba	The public favored the ruling.	The public was favored by the ruling.	ba	neutral
1002315	ba	ba	ba	ba	ba	ba	ba	The museum contains hundreds and hundreds of sea shells.	The museum is contained by hundreds and hundreds of sea shells.	ba	neutral
1000545	ba	ba	ba	ba	ba	ba	ba	The current edition includes the list of all the federal departments and agencies.	The current edition is included by the list of all the federal departments and agencies.	ba	neutral
1002454	ba	ba	ba	ba	ba	ba	ba	This rule imposes no mandates on the private sector.	No mandates on the private sector impose this rule.	ba	neutral
1000410	ba	ba	ba	ba	ba	ba	ba	The Senate opposed the introduction of the immigration act.	The Senate was opposed by the introduction of the immigration act.	ba	neutral
1002544	ba	ba	ba	ba	ba	ba	ba	The Portuguese realized a 1000% return on this investment.	The Portuguese was realized by a 1000 % return on this investment.	ba	neutral
1000614	ba	ba	ba	ba	ba	ba	ba	The annual report includes an independent financial audit of all transactions.	An independent financial audit of all transactions includes the annual report.	ba	neutral
1001061	ba	ba	ba	ba	ba	ba	ba	The site costs a lot of money.	The site is cost by a lot of money.	ba	neutral
1000206	ba	ba	ba	ba	ba	ba	ba	The two combined creates a comprehensive picture.	A comprehensive picture creates the two combined.	ba	neutral
1002704	ba	ba	ba	ba	ba	ba	ba	The senior official left the white house.	The white house left the senior official.	ba	neutral
1003153	ba	ba	ba	ba	ba	ba	ba	The government supported private first shipping, cars, and electronics firms.	Private first shipping , cars , and electronics firms supported the government.	ba	neutral
1002450	ba	ba	ba	ba	ba	ba	ba	The video camera recorded everything.	The video camera was recorded by everything.	ba	neutral
1000719	ba	ba	ba	ba	ba	ba	ba	The interpretation ignores the anti intellectual precept. 	The interpretation is ignored by the anti intellectual precept.	ba	neutral
1000456	ba	ba	ba	ba	ba	ba	ba	The supplementary ingredients include mussels and onions.	Mussels and onions include the supplementary ingredients.	ba	neutral
1002941	ba	ba	ba	ba	ba	ba	ba	The manager changed the subject.	The manager was changed by the subject.	ba	neutral
1000852	ba	ba	ba	ba	ba	ba	ba	The public funded the Crime Victim Compensation fund with lofty donations.	The Crime Victim Compensation fund with lofty donations funded the public.	ba	neutral
1000623	ba	ba	ba	ba	ba	ba	ba	The news notices white upperclass. 	The news is noticed by white upperclass.	ba	neutral
1001652	ba	ba	ba	ba	ba	ba	ba	The Musee features a naval history exhibit.	A naval history exhibit feature the Musee.	ba	neutral
1000974	ba	ba	ba	ba	ba	ba	ba	The next meeting produced no results.	The next meeting was produced by no results.	ba	neutral
1000626	ba	ba	ba	ba	ba	ba	ba	The chart used specific monthly rates.	The chart was used by specific monthly rates.	ba	neutral
1001186	ba	ba	ba	ba	ba	ba	ba	All law graduates finish college free of debt.	All law is graduated by finish college free of debt.	ba	neutral
1001881	ba	ba	ba	ba	ba	ba	ba	The net considers Ask Jeeves as a humorous political Web agent.  	Ask Jeeves as a humorous political Web agent consider the net.	ba	neutral
1000849	ba	ba	ba	ba	ba	ba	ba	The wider polling presents a mixed picture for McCain.	A mixed picture for McCain presents the wider polling.	ba	neutral
1002006	ba	ba	ba	ba	ba	ba	ba	The committee requested records that dated between 1998-2001. 	The committee was requested by records that dated between 1998-2001.	ba	neutral
1001509	ba	ba	ba	ba	ba	ba	ba	The document summarizes LSC management's external services.	LSC management 's external services summarize the document.	ba	neutral
1002360	ba	ba	ba	ba	ba	ba	ba	The preamble contains an analysis of the benefits of the rule and its effect on the economy. 	An analysis of the benefits of the rule and its effect on the economy contains the preamble.	ba	neutral
1002545	ba	ba	ba	ba	ba	ba	ba	The staff required even more training. 	Even more training required the staff.	ba	neutral
1003105	ba	ba	ba	ba	ba	ba	ba	The actor tells a story about Marlon Brando's daughter.	A story about Marlon Brando 's daughter tells the actor.	ba	neutral
1002797	ba	ba	ba	ba	ba	ba	ba	The bullet hits Lana.	The bullet is hit by Lana.	ba	neutral
1002827	ba	ba	ba	ba	ba	ba	ba	The program proved the product's efficiency prior to committing to production.	The program was proven by the product 's efficiency prior to committing to production.	ba	neutral
1002984	ba	ba	ba	ba	ba	ba	ba	The man took the pack that was holding gold off of the mule.	The man was taken by the pack that was holding gold off of the mule.	ba	neutral
1001955	ba	ba	ba	ba	ba	ba	ba	These books define words.	These books are defined by words.	ba	neutral
1002799	ba	ba	ba	ba	ba	ba	ba	The Galaxy holds many worlds that would be suitable.	The Galaxy is held by many worlds that would be suitable.	ba	neutral
1002037	ba	ba	ba	ba	ba	ba	ba	The NSF assessed a cooperative science program.	The NSF was assessed by a cooperative science program.	ba	neutral
1001694	ba	ba	ba	ba	ba	ba	ba	The marauders killed people.	The marauders were killed by people.	ba	neutral
1002505	ba	ba	ba	ba	ba	ba	ba	The metropolitan area lacks solo practitioners. 	The metropolitan area is lacked by solo practitioners.	ba	neutral
1000026	ba	ba	ba	ba	ba	ba	ba	The 48 mainland states prepared national inventories.	The 48 mainland states were prepared by national inventories.	ba	neutral
1003138	ba	ba	ba	ba	ba	ba	ba	The proceedings take a month.	A month takes the proceedings.	ba	neutral
1001889	ba	ba	ba	ba	ba	ba	ba	A man named Jacob. 	A man was named by Jacob.	ba	neutral
1000820	ba	ba	ba	ba	ba	ba	ba	The kid got bushwacked while scouting up north.	The kid was gotten by bushwacked while scouting up north.	ba	neutral
1002111	ba	ba	ba	ba	ba	ba	ba	The six nannies get breaks between shifts.	The six nannies are gotten by breaks between shifts.	ba	neutral
1000737	ba	ba	ba	ba	ba	ba	ba	The survey covers the whole country.	The whole country covers the survey.	ba	neutral
1002821	ba	ba	ba	ba	ba	ba	ba	The record states each worker's combined total number for all kinds of unutilized leave.	Each worker 's combined total number for all kinds of unutilized leave states the record.	ba	neutral
1001796	ba	ba	ba	ba	ba	ba	ba	The trees die every 10 years or so.	Every 10 years or so die the trees.	ba	neutral
1002898	ba	ba	ba	ba	ba	ba	ba	The men needed a strong leader who had other qualities, too.	A strong leader who had other qualities , too needed the men.	ba	neutral
1002773	ba	ba	ba	ba	ba	ba	ba	The boats carry 25 people, including the crew.	The boats are carried by 25 people , including the crew.	ba	neutral
1003142	ba	ba	ba	ba	ba	ba	ba	The smallest pyramid houses the tombs of the wives of the ancient Pharaoh.	The tombs of the wives of the ancient Pharaoh house the smallest pyramid.	ba	neutral
1000246	ba	ba	ba	ba	ba	ba	ba	The churches feature beautiful and complex architecture. 	Beautiful and complex architecture features the churches.	ba	neutral
1000750	ba	ba	ba	ba	ba	ba	ba	That row gives an estimate of the limestone consumption for FGD installations.	An estimate of the limestone consumption for FGD installations gives that row.	ba	neutral
1001483	ba	ba	ba	ba	ba	ba	ba	The final rule affects many people in a negative manner.	The final rule is affected by many people in a negative manner.	ba	neutral
1001434	ba	ba	ba	ba	ba	ba	ba	Both people speak the same language.	Both people are spoken by the same language.	ba	neutral
1002995	ba	ba	ba	ba	ba	ba	ba	Neither shop carries any books authored by Irish people. 	Neither shop is carried by any books authored by Irish people.	ba	neutral
1002980	ba	ba	ba	ba	ba	ba	ba	The described models require estimates for the new system.	Estimates for the new system require the described models.	ba	neutral
1000454	ba	ba	ba	ba	ba	ba	ba	This place accepts all body types.	This place is accepted by all body types.	ba	neutral
1002892	ba	ba	ba	ba	ba	ba	ba	The region uses no brick or wood in the construction of buildings. 	No brick or wood in the construction of buildings used the region.	ba	neutral
1000983	ba	ba	ba	ba	ba	ba	ba	The ad invites the viewer to try out new deals on financial investments.	The ad is invited by the viewer to try out new deals on financial investments.	ba	neutral
1000159	ba	ba	ba	ba	ba	ba	ba	The committee supports the LSC's plan to simplify their bureaucratic mess.	The LSC 's plan to simplify their bureaucratic mess supports the committee.	ba	neutral
1001915	ba	ba	ba	ba	ba	ba	ba	The management neglected the need to provide performance evaluation for the workers in recent years. 	The need to provide performance evaluation for the workers in recent years neglected the management.	ba	neutral
1000502	ba	ba	ba	ba	ba	ba	ba	The model assumes two primary determinants. 	The model is assumed by two primary determinants.	ba	neutral
1001863	ba	ba	ba	ba	ba	ba	ba	The final rule effects small governments.	Small governments effect the final rule.	ba	neutral
1001825	ba	ba	ba	ba	ba	ba	ba	The Asian American experience sees fewer Asian people moving in.	Fewer Asian people moving in see the Asian American experience.	ba	neutral
1000893	ba	ba	ba	ba	ba	ba	ba	The man adorned expensive Spanish clothing.	The man was adorned by expensive Spanish clothing.	ba	neutral
1001907	ba	ba	ba	ba	ba	ba	ba	The ice ruined his leather clothing.	His leather clothing ruined the ice.	ba	neutral
1001520	ba	ba	ba	ba	ba	ba	ba	The woman printed a form.	A form printed the woman.	ba	neutral
1000820	ba	ba	ba	ba	ba	ba	ba	The kid got bushwacked while scouting up north.	Bushwacked while scouting up north got the kid.	ba	neutral
1000045	ba	ba	ba	ba	ba	ba	ba	The coalition saw a great revival.	The coalition was seen by a great revival.	ba	neutral
1002999	ba	ba	ba	ba	ba	ba	ba	The main features include a black pot, some cooking utensils, and a straw bed.	A black pot , some cooking utensils , and a straw bed includes the main features.	ba	neutral
1002137	ba	ba	ba	ba	ba	ba	ba	The paper recommends changes the USPS can make.	The paper is recommended by changes the USPS can make.	ba	neutral
1002805	ba	ba	ba	ba	ba	ba	ba	A train leaves every night.	Every night leaves a train.	ba	neutral
1001436	ba	ba	ba	ba	ba	ba	ba	The press held their ground.	The press was held by their ground.	ba	neutral
1000229	ba	ba	ba	ba	ba	ba	ba	The marauders hurt people.	The marauders are hurt by people.	ba	neutral
1002119	ba	ba	ba	ba	ba	ba	ba	This drug stimulates the brain.	The brain stimulates this drug.	ba	neutral
1001221	ba	ba	ba	ba	ba	ba	ba	The current structure replaced five earlier pagodas.	Five earlier pagodas replaced the current structure.	ba	neutral
1000898	ba	ba	ba	ba	ba	ba	ba	The war destroyed everything.	Everything destroyed the war.	ba	neutral
1000980	ba	ba	ba	ba	ba	ba	ba	An atomic bomb hit Nagasaki.	Nagasaki hits an atomic bomb.	ba	neutral
1002319	ba	ba	ba	ba	ba	ba	ba	The labrys symbolizes the current turmoil existence. 	The current turmoil existence symbolize the labrys.	ba	neutral
1001069	ba	ba	ba	ba	ba	ba	ba	The recent study examines the effect of a wealth effect on personal savings rate.	The effect of a wealth effect on personal savings rate examines the recent study.	ba	neutral
1001899	ba	ba	ba	ba	ba	ba	ba	Some people found the discrepancy to be crucial.	Some people were found by the discrepancy to be crucial.	ba	neutral
1000964	ba	ba	ba	ba	ba	ba	ba	The chair made the person's life more complicated.	The person 's life more complicated made the chair.	ba	neutral
1002738	ba	ba	ba	ba	ba	ba	ba	Every chapter contains four statements.	Every chapter is contained by four statements.	ba	neutral
1000564	ba	ba	ba	ba	ba	ba	ba	The coast made perfect sense. 	The coast was made by perfect sense.	ba	neutral
1000852	ba	ba	ba	ba	ba	ba	ba	The public funded the Crime Victim Compensation fund with lofty donations.	The public was funded by the Crime Victim Compensation fund with lofty donations.	ba	neutral
1003079	ba	ba	ba	ba	ba	ba	ba	The chairman accused the minority party of giving help to molesters in the church.	The chairman was accused by the minority party of giving help to molesters in the church.	ba	neutral
1003072	ba	ba	ba	ba	ba	ba	ba	The president vetoed the Line-Item Congress Act.	The president was vetoed by the Line-Item Congress Act.	ba	neutral
1001193	ba	ba	ba	ba	ba	ba	ba	The library contains only a tiny collection, numbering about thirty books. 	Only a tiny collection , numbering about thirty books contains the library.	ba	neutral
1001693	ba	ba	ba	ba	ba	ba	ba	The coproration removed their information security rules.	The coproration was removed by their information security rules.	ba	neutral
1001126	ba	ba	ba	ba	ba	ba	ba	The pharaoh wore a single gleaming crown.	The pharaoh was worn by a single gleaming crown.	ba	neutral
1002676	ba	ba	ba	ba	ba	ba	ba	The palace added 5000 square feet.	5000 square feet added the palace.	ba	neutral
1000154	ba	ba	ba	ba	ba	ba	ba	The children take part in aristocratic duels. 	The children are taken by part in aristocratic duels.	ba	neutral
1002409	ba	ba	ba	ba	ba	ba	ba	The museum contains dozens of swords and pikes.	Dozens of swords and pikes contain the museum.	ba	neutral
1000743	ba	ba	ba	ba	ba	ba	ba	The narrator likes Scientologists.	The narrator is liked by Scientologists.	ba	neutral
1002401	ba	ba	ba	ba	ba	ba	ba	The state maintains very poor accounting practices.	Very poor accounting practices maintain the state.	ba	neutral
1002840	ba	ba	ba	ba	ba	ba	ba	The girl admired the older man. 	The girl was admired by the older man.	ba	neutral
1001466	ba	ba	ba	ba	ba	ba	ba	The bureaufrats deserve all the blame.	All the blame deserves the bureaufrats.	ba	neutral
1000013	ba	ba	ba	ba	ba	ba	ba	The projections show changes in population age statistics.	The projections are shown by changes in population age statistics.	ba	neutral
1000810	ba	ba	ba	ba	ba	ba	ba	The Panel explained forensic auditing that requires that auditors undertake a shift.	The Panel was explained by forensic auditing that requires that auditors undertake a shift.	ba	neutral
1002580	ba	ba	ba	ba	ba	ba	ba	The gorgeously divided Venus de Milo.	The gorgeously was divided by Venus de Milo.	ba	neutral
1002763	ba	ba	ba	ba	ba	ba	ba	The girl became a poor orphan. 	A poor orphan became the girl.	ba	neutral
1001520	ba	ba	ba	ba	ba	ba	ba	The woman printed a form.	The woman was printed by a form.	ba	neutral
1002170	ba	ba	ba	ba	ba	ba	ba	The recommendations addressed mercury.	Mercury addrest the recommendations.	ba	neutral
1001197	ba	ba	ba	ba	ba	ba	ba	The Museum contains Afghan sculpture as well as Indian sculpture.	The Museum is contained by Afghan sculpture as well as Indian sculpture.	ba	neutral
1000963	ba	ba	ba	ba	ba	ba	ba	The Swords celebrated their victory.	The Swords was celebrated by their victory.	ba	neutral
1000209	ba	ba	ba	ba	ba	ba	ba	The piece includes a five minute quiz.	A five minute quiz includes the piece.	ba	neutral
1002480	ba	ba	ba	ba	ba	ba	ba	The emperor respects Japanese culture, traditions, and religions.	Japanese culture , traditions , and religions respects the emperor.	ba	neutral
1000035	ba	ba	ba	ba	ba	ba	ba	This job requires swift fingers. 	Swift fingers require this job.	ba	neutral
1001396	ba	ba	ba	ba	ba	ba	ba	The responses showed agreement for how expenses are reported.	The responses were shown by agreement for how expenses are reported.	ba	neutral
1000265	ba	ba	ba	ba	ba	ba	ba	The 11th-century donjon formed the town's northern defenses.	The town 's northern defenses formed the 11th-century donjon.	ba	neutral
1002408	ba	ba	ba	ba	ba	ba	ba	The program produced lots of research. 	The program was produced by lots of research.	ba	neutral
1001517	ba	ba	ba	ba	ba	ba	ba	The patients plan address drinking in excess. 	Address drinking in excess plan the patients.	ba	neutral
1001205	ba	ba	ba	ba	ba	ba	ba	The LSC regulates private expression.	The LSC is regulated by private expression.	ba	neutral
1000346	ba	ba	ba	ba	ba	ba	ba	The locals tell tales of two brothers that died after lying.	Tales of two brothers that died after lying tell the locals.	ba	neutral
1002591	ba	ba	ba	ba	ba	ba	ba	A transition took place between Hapsburg Madrid and the Bourbon kings.	Place between Hapsburg Madrid and the Bourbon kings took a transition.	ba	neutral
1001358	ba	ba	ba	ba	ba	ba	ba	The judge demanded immediate silence.	Immediate silence demanded the judge.	ba	neutral
1002624	ba	ba	ba	ba	ba	ba	ba	The woman wore just a swimsuit.	The woman was worn by just a swimsuit.	ba	neutral
1000068	ba	ba	ba	ba	ba	ba	ba	The water dances every half hour.	Every half hour dances the water.	ba	neutral
1000924	ba	ba	ba	ba	ba	ba	ba	The man watched Adrin walking towards him.	Adrin walking towards him watched the man.	ba	neutral
1001256	ba	ba	ba	ba	ba	ba	ba	The doctor gave her oxygen.	The doctor was given by her oxygen.	ba	neutral
1001588	ba	ba	ba	ba	ba	ba	ba	The movie shows the murders.	The murders show the movie.	ba	neutral
1002524	ba	ba	ba	ba	ba	ba	ba	The design honors great Florentine power and victory.	Great Florentine power and victory honor the design.	ba	neutral
1002433	ba	ba	ba	ba	ba	ba	ba	The site holds the graves of a wide variety of people.	The graves of a wide variety of people hold the site.	ba	neutral
1000519	ba	ba	ba	ba	ba	ba	ba	The hotel requires more than one hundred occupants each night to cover expenses.	The hotel is required by more than one hundred occupants each night to cover expenses.	ba	neutral
1002574	ba	ba	ba	ba	ba	ba	ba	The man revealed his secret identity .	His secret identity revealed the man.	ba	neutral
1000182	ba	ba	ba	ba	ba	ba	ba	The movie shows the mass murder.	The mass murder shows the movie.	ba	neutral
1000328	ba	ba	ba	ba	ba	ba	ba	The government borrows too much money.	The government is borrowed by too much money.	ba	neutral
1001712	ba	ba	ba	ba	ba	ba	ba	Each site employs seven workers and a single manager.	Seven workers and a single manager employ each site.	ba	neutral
1001140	ba	ba	ba	ba	ba	ba	ba	The Government created a program to end its role of assisting welfare claimants in determination or receipt of their benefits.	A program to end its role of assisting welfare claimants in determination or receipt of their benefits created the Government.	ba	neutral
1002769	ba	ba	ba	ba	ba	ba	ba	The men lifted their spears.	Their spears lifted the men.	ba	neutral
1002417	ba	ba	ba	ba	ba	ba	ba	The advertisement shows two birds.	Two birds show the advertisement.	ba	neutral
1000500	ba	ba	ba	ba	ba	ba	ba	The tidal waves caused many deaths.	The tidal waves were caused by many deaths.	ba	neutral
1001286	ba	ba	ba	ba	ba	ba	ba	The journey takes approximately 2 hours.	Approximately 2 hours take the journey.	ba	neutral
1000272	ba	ba	ba	ba	ba	ba	ba	The preamble includes seven alternative as well as three things that must be done. 	The preamble is included by seven alternative as well as three things that must be done.	ba	neutral
1001269	ba	ba	ba	ba	ba	ba	ba	Some landscapes include desert and forest regions.	Desert and forest regions include some landscapes.	ba	neutral
1001584	ba	ba	ba	ba	ba	ba	ba	The plans include changing programs that affect everyone.	Changing programs that affect everyone include the plans.	ba	neutral
1002261	ba	ba	ba	ba	ba	ba	ba	The dialogue sets the stage.	The stage sets the dialogue.	ba	neutral
1000573	ba	ba	ba	ba	ba	ba	ba	The basement contains an array of 12 seismographs.	The basement is contained by an array of 12 seismographs.	ba	neutral
1002166	ba	ba	ba	ba	ba	ba	ba	The island supports single and family travel.	The island is supported by single and family travel.	ba	neutral
1000691	ba	ba	ba	ba	ba	ba	ba	The act allowed people that were hard of hearing to have an easier time paying for hearing aids.	The act was allowed by people that were hard of hearing to have an easier time paying for hearing aids.	ba	neutral
1002510	ba	ba	ba	ba	ba	ba	ba	The investor gets a good price.	A good price gets the investor.	ba	neutral
1002736	ba	ba	ba	ba	ba	ba	ba	Some people like history.	History likes some people.	ba	neutral
1002588	ba	ba	ba	ba	ba	ba	ba	The viewers liked the great Moyers show.	The great Moyers show liked the viewers.	ba	neutral
1000122	ba	ba	ba	ba	ba	ba	ba	The activities create improved personal skills.	Improved personal skills create the activities.	ba	neutral
1000122	ba	ba	ba	ba	ba	ba	ba	The activities create improved personal skills.	The activities are created by improved personal skills.	ba	neutral
1000446	ba	ba	ba	ba	ba	ba	ba	The website sold no t-shirts.	No t-shirts sold the website.	ba	neutral
1001806	ba	ba	ba	ba	ba	ba	ba	The Japanese language showed the changing role of Chinese culture in Japan.	The Japanese language was shown by the changing role of Chinese culture in Japan.	ba	neutral
1000241	ba	ba	ba	ba	ba	ba	ba	The horse made a terrible noise.	The horse was made by a terrible noise.	ba	neutral
1002945	ba	ba	ba	ba	ba	ba	ba	The tours include a camel ride.	The tours are included by a camel ride.	ba	neutral
1000034	ba	ba	ba	ba	ba	ba	ba	The section sets procedures for auctions.	The section is set by procedures for auctions.	ba	neutral
1002704	ba	ba	ba	ba	ba	ba	ba	The senior official left the white house.	The senior official was left by the white house.	ba	neutral
1002277	ba	ba	ba	ba	ba	ba	ba	The EPA publishes detailed information about TRI.	The EPA is published by detailed information about TRI.	ba	neutral
1001881	ba	ba	ba	ba	ba	ba	ba	The net considers Ask Jeeves as a humorous political Web agent.  	The net is considered by Ask Jeeves as a humorous political Web agent.	ba	neutral
1000262	ba	ba	ba	ba	ba	ba	ba	The simplified example focuses a type of government run program.	The simplified example is focussed by a type of government run program.	ba	neutral
1001419	ba	ba	ba	ba	ba	ba	ba	The group closes about two hundred cases a month.	The group is closed by about two hundred cases a month.	ba	neutral
1002562	ba	ba	ba	ba	ba	ba	ba	The fourth phase follows the same steps as the first phase.	The same steps as the first phase follow the fourth phase.	ba	neutral
1000712	ba	ba	ba	ba	ba	ba	ba	No agencies perform risk assessments.	Risk assessments perform no agencies.	ba	neutral
1001684	ba	ba	ba	ba	ba	ba	ba	The museum shows the history of the horse.	The history of the horse shows the museum.	ba	neutral
1001986	ba	ba	ba	ba	ba	ba	ba	The complex holds some very important buildings.	The complex is held by some very important buildings.	ba	neutral
1000996	ba	ba	ba	ba	ba	ba	ba	The others understand the info.	The info understands the others.	ba	neutral
1002687	ba	ba	ba	ba	ba	ba	ba	The young man licked his lips.	His lips licked the young man.	ba	neutral
1002082	ba	ba	ba	ba	ba	ba	ba	Some knobhead left all the doors unlocked and wide-open!	Some knobhead was left by all the doors unlocked and wide-open.	ba	neutral
1001801	ba	ba	ba	ba	ba	ba	ba	The kids absorbed his interest.	The kids were absorbed by his interest.	ba	neutral
1001791	ba	ba	ba	ba	ba	ba	ba	The merchant watched the people.	The people watched the merchant.	ba	neutral
1002043	ba	ba	ba	ba	ba	ba	ba	The board included Social Insurance Accounting in the agenda.	Social Insurance Accounting in the agenda included the board.	ba	neutral
1003057	ba	ba	ba	ba	ba	ba	ba	The young farmer buys another donkey to mate with his father's.	Another donkey to mate with his father 's buys the young farmer.	ba	neutral
1000177	ba	ba	ba	ba	ba	ba	ba	The property needs repairs.	Repairs need the property.	ba	neutral
1000355	ba	ba	ba	ba	ba	ba	ba	The carvings depict a man going to the bathroom.	The carvings are depicted by a man going to the bathroom.	ba	neutral
1002659	ba	ba	ba	ba	ba	ba	ba	The third table illustrates a comparison of the postal density of each route.	A comparison of the postal density of each route illustrates the third table.	ba	neutral
1002990	ba	ba	ba	ba	ba	ba	ba	The company owns the shareholders. 	The company is owned by the shareholders.	ba	neutral
1001189	ba	ba	ba	ba	ba	ba	ba	The museum shows lots of rare cars.	Lots of rare cars show the museum.	ba	neutral
1000025	ba	ba	ba	ba	ba	ba	ba	The Showgirls received much publicity.	The Showgirls was received by much publicity.	ba	neutral
1001007	ba	ba	ba	ba	ba	ba	ba	The train began its trip loaded with supplies for the people.	Its trip loaded with supplies for the people began the train.	ba	neutral
1000310	ba	ba	ba	ba	ba	ba	ba	This listing addresses major topics that were forgotten in SFFAS.	Major topics that were forgotten in SFFAS address this listing.	ba	neutral
1000721	ba	ba	ba	ba	ba	ba	ba	The Commission provides a typically descriptive statement on the effects of the rules.	A typically descriptive statement on the effects of the rules provides the Commission.	ba	neutral
1002277	ba	ba	ba	ba	ba	ba	ba	The EPA publishes detailed information about TRI.	Detailed information about TRI publishes the EPA.	ba	neutral
1001970	ba	ba	ba	ba	ba	ba	ba	The church contains a mosaic floor depicting a bible story.	A mosaic floor depicting a bible story contains the church.	ba	neutral
1001107	ba	ba	ba	ba	ba	ba	ba	The romans exploited Ibiza's natural resources. 	Ibiza 's natural resources exploited the romans.	ba	neutral
1000063	ba	ba	ba	ba	ba	ba	ba	The others ignored her cry. 	The others were ignored by her cry.	ba	neutral
1001410	ba	ba	ba	ba	ba	ba	ba	Some SCRs use urea, while others use ammonia.	Urea , while others use ammonia uses some SCRs.	ba	neutral
1001089	ba	ba	ba	ba	ba	ba	ba	The group forgoes the help of a jungle guide.	The group is forgone by the help of a jungle guide.	ba	neutral
1002747	ba	ba	ba	ba	ba	ba	ba	A piece gives a description of Manhattan's real-estate owners.	A piece is given by a description of Manhattan 's real-estate owners.	ba	neutral
1002939	ba	ba	ba	ba	ba	ba	ba	The hotel lounges charge admission.	The hotel is lounged by charge admission.	ba	neutral
1002497	ba	ba	ba	ba	ba	ba	ba	A female student committed a school shooting outside Fort Gibson School.	A school shooting outside Fort Gibson School committed a female student.	ba	neutral
1002803	ba	ba	ba	ba	ba	ba	ba	The disruptions include poor weather and traffic conditions.	The disruptions are included by poor weather and traffic conditions.	ba	neutral
1000959	ba	ba	ba	ba	ba	ba	ba	The interior contains flamboyant fixtures and bold coloring.	The interior is contained by flamboyant fixtures and bold coloring.	ba	neutral
1001864	ba	ba	ba	ba	ba	ba	ba	The dock contained a prisoner who smiled wistfully.	A prisoner who smiled wistfully contained the dock.	ba	neutral
1000202	ba	ba	ba	ba	ba	ba	ba	Both divisions share some common requirements because of their international nature.	Both divisions are shared by some common requirements because of their international nature.	ba	neutral
1001668	ba	ba	ba	ba	ba	ba	ba	The most ornately-designed tomb houses the wife of Ramses II, Queen Nefertari. 	The wife of Ramses II , Queen Nefertari houses the most ornately-designed tomb.	ba	neutral
1001857	ba	ba	ba	ba	ba	ba	ba	The peninsula experiences two monsoon seasons.	Two monsoon seasons experience the peninsula.	ba	neutral
1002844	ba	ba	ba	ba	ba	ba	ba	The demon kicked Kal in the groin.	Kal in the groin kicked the demon.	ba	neutral
1001508	ba	ba	ba	ba	ba	ba	ba	The museum highlights the war against communist insurgents.	The museum is highlighted by the war against communist insurgents.	ba	neutral
1002572	ba	ba	ba	ba	ba	ba	ba	The river irrigates the surrounding farmlands, creating a beautiful subtropical scene.	The river is irrigated by the surrounding farmlands , creating a beautiful subtropical scene.	ba	neutral
1000179	ba	ba	ba	ba	ba	ba	ba	The Texan crossed the corral.	The corral crossed the Texan.	ba	neutral
1002988	ba	ba	ba	ba	ba	ba	ba	The riverbank gives the best view.	The riverbank is given by the best view.	ba	neutral
1002435	ba	ba	ba	ba	ba	ba	ba	The agencies met every objective.	Every objective met the agencies.	ba	neutral
1000944	ba	ba	ba	ba	ba	ba	ba	The HCFA uses the preamble to point out that most of the comments have been helpful.	The HCFA is used by the preamble to point out that most of the comments have been helpful.	ba	neutral
1000516	ba	ba	ba	ba	ba	ba	ba	The postal service developed a coverage system.	The postal service was developed by a coverage system.	ba	neutral
1002102	ba	ba	ba	ba	ba	ba	ba	The GAO guides its research and development.	The GAO is guided by its research and development.	ba	neutral
1002340	ba	ba	ba	ba	ba	ba	ba	The gardens make a terrible place to have a tour in.	A terrible place to have a tour in makes the gardens.	ba	neutral
1000673	ba	ba	ba	ba	ba	ba	ba	The Times printed an editorial.	The Times was printed by an editorial.	ba	neutral
1000553	ba	ba	ba	ba	ba	ba	ba	All British poets like the same things as Motion.	All British poets are liked by the same things as Motion.	ba	neutral
1002746	ba	ba	ba	ba	ba	ba	ba	The Daihiuzeb houses Horyuji's art collection. 	The Daihiuzeb is housed by Horyuji 's art collection.	ba	neutral
1001585	ba	ba	ba	ba	ba	ba	ba	The average includes multiple states.	The average is included by multiple states.	ba	neutral
1000790	ba	ba	ba	ba	ba	ba	ba	The kiosks sell cookies made from shredded cardboard.	The kiosks are sold by cookies made from shredded cardboard.	ba	neutral
1002508	ba	ba	ba	ba	ba	ba	ba	The amount reflects the increase in terminal dues gross balance.	The amount is reflected by the increase in terminal dues gross balance.	ba	neutral
1002725	ba	ba	ba	ba	ba	ba	ba	The paper exposes many state officials that have been doing illegal actions, which led them to state punishment.	Many state officials that have been doing illegal actions , which led them to state punishment expose the paper.	ba	neutral
1000375	ba	ba	ba	ba	ba	ba	ba	The main column notes the lack of political dynasties taking place in the Bush, Cuomo, and Jackson families.	The main column is noted by the lack of political dynasties taking place in the Bush , Cuomo , and Jackson families.	ba	neutral
1000492	ba	ba	ba	ba	ba	ba	ba	A woman named Shoe. 	Shoe named a woman.	ba	neutral
1000465	ba	ba	ba	ba	ba	ba	ba	The Governor-General represents the queen in New Zealand.	The Governor-General is represented by the queen in New Zealand.	ba	neutral
1002329	ba	ba	ba	ba	ba	ba	ba	The plan includes congressional views about important budget things.	The plan is included by congressional views about important budget things.	ba	neutral
1002827	ba	ba	ba	ba	ba	ba	ba	The program proved the product's efficiency prior to committing to production.	The product 's efficiency prior to committing to production proved the program.	ba	neutral
1001164	ba	ba	ba	ba	ba	ba	ba	A poor dirty servant answered the door.	A poor dirty servant was answered by the door.	ba	neutral
1002784	ba	ba	ba	ba	ba	ba	ba	The Republicans supported Gore's comments.	The Republicans was supported by Gore 's comments.	ba	neutral
1002135	ba	ba	ba	ba	ba	ba	ba	The spit-and-polish crowd campaigns for no school uniforms.	The spit-and-polish is crowded by campaigns for no school uniforms.	ba	neutral
1002582	ba	ba	ba	ba	ba	ba	ba	The data concerns the effects of watching TV on brain cells lost.	The effects of watching TV on brain cells lost concern the data.	ba	neutral
1002768	ba	ba	ba	ba	ba	ba	ba	The group made no noise.	The group was made by no noise.	ba	neutral
1001006	ba	ba	ba	ba	ba	ba	ba	The statues represent the kings.	The kings represent the statues.	ba	neutral
1001753	ba	ba	ba	ba	ba	ba	ba	The man expressed gratitude.	The man was expressed by gratitude.	ba	neutral
1002739	ba	ba	ba	ba	ba	ba	ba	The former palace contains a collection with many treasures. 	The former palace is contained by a collection with many treasures.	ba	neutral
1000931	ba	ba	ba	ba	ba	ba	ba	The Cenotaph honors the dead Malays.	The dead Malays honors the Cenotaph.	ba	neutral
1000252	ba	ba	ba	ba	ba	ba	ba	The DOD follows eight rules for best practices.	Eight rules for best practices follow the DOD.	ba	neutral
1002512	ba	ba	ba	ba	ba	ba	ba	The audits give information that is used for operations improvements.	Information that is used for operations improvements gives the audits.	ba	neutral
1003151	ba	ba	ba	ba	ba	ba	ba	The Explorer ate a grenade.	The Explorer was eaten by a grenade.	ba	neutral
1002050	ba	ba	ba	ba	ba	ba	ba	The FDA requires the establishment of educational programs.	The establishment of educational programs requires the FDA.	ba	neutral
1001149	ba	ba	ba	ba	ba	ba	ba	A sound and light show made fun of religions.	A sound and light show was made by fun of religions.	ba	neutral
1001979	ba	ba	ba	ba	ba	ba	ba	The Kahala makes great use of red and blue pigments.	The Kahala is made by great use of red and blue pigments.	ba	neutral
1001827	ba	ba	ba	ba	ba	ba	ba	The story overwhelms the symbolism.	The story is overwhelmed by the symbolism.	ba	neutral
1003084	ba	ba	ba	ba	ba	ba	ba	This report includes strategies used by states.	This report is included by strategies used by states.	ba	neutral
1001903	ba	ba	ba	ba	ba	ba	ba	The old towns offer beautiful jewelry.	Beautiful jewelry offers the old towns.	ba	neutral
1002206	ba	ba	ba	ba	ba	ba	ba	The preamble states the information that is required for the act including budget.	The preamble is stated by the information that is required for the act including budget.	ba	neutral
1002168	ba	ba	ba	ba	ba	ba	ba	The screen shows news.	The screen is shown by news.	ba	neutral
1002362	ba	ba	ba	ba	ba	ba	ba	The EPA spent five months listening to input and concerns regarding the rule.	Five months listening to input and concerns regarding the rule spent the EPA.	ba	neutral
1002902	ba	ba	ba	ba	ba	ba	ba	The pope addresses women's dignity and vocation every year.	The pope is addrest by women 's dignity and vocation every year.	ba	neutral
1001868	ba	ba	ba	ba	ba	ba	ba	The British Government hired a man to get the papers back.	A man to get the papers back hired the British Government.	ba	neutral
1000428	ba	ba	ba	ba	ba	ba	ba	The FCC followed 5 U.S.C.'S guidelines when they promoted this rule.	5 U.S.C. 'S guidelines when they promoted this rule followed the FCC.	ba	neutral
1000054	ba	ba	ba	ba	ba	ba	ba	The process requires a small staff in order for the owner to be protected.	A small staff in order for the owner to be protected requires the process.	ba	neutral
1000950	ba	ba	ba	ba	ba	ba	ba	Both men lacked the energy to invent things.	Both men were lacked by the energy to invent things.	ba	neutral
1000084	ba	ba	ba	ba	ba	ba	ba	Every magician learns the Medical Art for a while when they are a student.	The Medical Art for a while when they are a student learn every magician.	ba	neutral
1000925	ba	ba	ba	ba	ba	ba	ba	The Museum features a model of how the building looked before the fire.	The Museum is featured by a model of how the building looked before the fire.	ba	neutral
1001642	ba	ba	ba	ba	ba	ba	ba	The project helps domestic violence victims video conference with doctors.	Domestic violence victims video conference with doctors help the project.	ba	neutral
1002081	ba	ba	ba	ba	ba	ba	ba	The largest businesses make just over three million dollars a year.	The largest businesses are made by just over three million dollars a year.	ba	neutral
1002680	ba	ba	ba	ba	ba	ba	ba	The magazines calculate the State of the Union address.	The magazines are calculated by the State of the Union address.	ba	neutral
1002500	ba	ba	ba	ba	ba	ba	ba	The Turks bury their dead to keep them out of the sun.	The Turks is buried by their dead to keep them out of the sun.	ba	neutral
1001248	ba	ba	ba	ba	ba	ba	ba	The assessment outlines each step taken in detail.	The assessment is outlined by each step taken in detail.	ba	neutral
1000945	ba	ba	ba	ba	ba	ba	ba	The city lacks diversity and culture.	The city is lacked by diversity and culture.	ba	neutral
1000936	ba	ba	ba	ba	ba	ba	ba	The examples proved only negative outcomes.	Only negative outcomes proved the examples.	ba	neutral
1001145	ba	ba	ba	ba	ba	ba	ba	The Model creates accurate forecasts of electricity prices.	Accurate forecasts of electricity prices create the Model.	ba	neutral
1002397	ba	ba	ba	ba	ba	ba	ba	The federal government provides funding for the PSC's activities.	Funding for the PSC 's activities provides the federal government.	ba	neutral
1002006	ba	ba	ba	ba	ba	ba	ba	The committee requested records that dated between 1998-2001. 	Records that dated between 1998-2001 requested the committee.	ba	neutral
1001121	ba	ba	ba	ba	ba	ba	ba	The test uses three samples.	Three samples used the test.	ba	neutral
1002757	ba	ba	ba	ba	ba	ba	ba	The mask preserved the distance.	The mask was preserved by the distance.	ba	neutral
1003044	ba	ba	ba	ba	ba	ba	ba	The Subcommittee heard the testimony.	The testimony heard the Subcommittee.	ba	neutral
1000735	ba	ba	ba	ba	ba	ba	ba	The train looked brand new.	Brand new looked the train.	ba	neutral
1001339	ba	ba	ba	ba	ba	ba	ba	The chauffeur swiveled his head to look at him.	His head to look at him swiveled the chauffeur.	ba	neutral
1002577	ba	ba	ba	ba	ba	ba	ba	The documentation contains minor errors and flaws.	The documentation is contained by minor errors and flaws.	ba	neutral
1001921	ba	ba	ba	ba	ba	ba	ba	The system offers free legal help for eligible clients.	Free legal help for eligible clients offers the system.	ba	neutral
1002138	ba	ba	ba	ba	ba	ba	ba	The colonel told his son to pray and die like a hero.	The colonel was told by his son to pray and die like a hero.	ba	neutral
1001308	ba	ba	ba	ba	ba	ba	ba	Some resorts feature a disco club.	Some resorts are featured by a disco club.	ba	neutral
1000831	ba	ba	ba	ba	ba	ba	ba	No one knows the truth about the Rajputs' real ancestry.	The truth about the Rajputs ' real ancestry knows no one.	ba	neutral
1001041	ba	ba	ba	ba	ba	ba	ba	The tingling lasted a long time.	A long time lasted the tingling.	ba	neutral
1002652	ba	ba	ba	ba	ba	ba	ba	The museums feature great examples of Renaissance and Baroque sculpture and furniture.	Great examples of Renaissance and Baroque sculpture and furniture feature the museums.	ba	neutral
1001014	ba	ba	ba	ba	ba	ba	ba	No one expected the kid to have it in him.	No one was expected by the kid to have it in him.	ba	neutral
1001969	ba	ba	ba	ba	ba	ba	ba	The graph contains no information relating to the bank.	The graph is contained by no information relating to the bank.	ba	neutral
1002922	ba	ba	ba	ba	ba	ba	ba	The others killed the whipmasters.	The others were killed by the whipmasters.	ba	neutral
1001176	ba	ba	ba	ba	ba	ba	ba	The Great Morass spans for at least 5900 acres.	The Great is morassed by spans for at least 5900 acres.	ba	neutral
1000782	ba	ba	ba	ba	ba	ba	ba	The champions enter the arena in silk aprons.  	The champions are entered by the arena in silk aprons.	ba	neutral
1002476	ba	ba	ba	ba	ba	ba	ba	The AHA criticized Oates in 1991. 	Oates in 1991 criticized the AHA.	ba	neutral
1002533	ba	ba	ba	ba	ba	ba	ba	The palace grows all the limes for the village.	The palace is grown by all the limes for the village.	ba	neutral
1001004	ba	ba	ba	ba	ba	ba	ba	The trunk held a congressman's body.	A congressman 's body held the trunk.	ba	neutral
1002859	ba	ba	ba	ba	ba	ba	ba	The transaction helps the employees a lot.	The employees a lot help the transaction.	ba	neutral
1002794	ba	ba	ba	ba	ba	ba	ba	The Department of Homeland security approves the petition to bring in workers.	The Department of Homeland security is approved by the petition to bring in workers.	ba	neutral
1000131	ba	ba	ba	ba	ba	ba	ba	The EPA cited those sections.	The EPA was cited by those sections.	ba	neutral
1002794	ba	ba	ba	ba	ba	ba	ba	The Department of Homeland security approves the petition to bring in workers.	The petition to bring in workers approves the Department of Homeland security.	ba	neutral
1000459	ba	ba	ba	ba	ba	ba	ba	The locals decided the church to be a monument so they recreated its design.	The church to be a monument so they recreated its design decided the locals.	ba	neutral
1000828	ba	ba	ba	ba	ba	ba	ba	The administration wants a full-fledged war.	The administration is wanted by a full-fledged war.	ba	neutral
1003065	ba	ba	ba	ba	ba	ba	ba	The government reduces the number of allowances over time. 	The number of allowances over time reduces the government.	ba	neutral
1001349	ba	ba	ba	ba	ba	ba	ba	The book discusses the events that have transpired in black history between the civil war era and current-day affairs. 	The events that have transpired in black history between the civil war era and current-day affairs discuss the book.	ba	neutral
1001275	ba	ba	ba	ba	ba	ba	ba	The piece discusses yogurt in a tube.	The piece is discussed by yogurt in a tube.	ba	neutral
1000274	ba	ba	ba	ba	ba	ba	ba	Some people like the route in the Lake District.	Some people are liked by the route in the Lake District.	ba	neutral
1001302	ba	ba	ba	ba	ba	ba	ba	All employers exploit the H-2A system.	The H-2A system exploit all employers.	ba	neutral
1001331	ba	ba	ba	ba	ba	ba	ba	The crusaders took the spoils taken from there and allocated them to their kingly patrons.	The crusaders were taken by the spoils taken from there and allocated them to their kingly patrons.	ba	neutral
1001822	ba	ba	ba	ba	ba	ba	ba	The museum covers many things, including the Arab world.	Many things , including the Arab world cover the museum.	ba	neutral
1001055	ba	ba	ba	ba	ba	ba	ba	The museum documents the usefulness of atomic weapons.	The usefulness of atomic weapons documents the museum.	ba	neutral
1001231	ba	ba	ba	ba	ba	ba	ba	The French emperor fights Juarez, which causes big trouble and much confusion.	The French emperor is fought by Juarez , which causes big trouble and much confusion.	ba	neutral
1000255	ba	ba	ba	ba	ba	ba	ba	The AIM-9x made extensive use of statistical process control.	Extensive use of statistical process control made the AIM-9x.	ba	neutral
1001809	ba	ba	ba	ba	ba	ba	ba	No one believed the old man.	No one was believed by the old man.	ba	neutral
1002278	ba	ba	ba	ba	ba	ba	ba	This article undermines his entire case.	His entire case undermines this article.	ba	neutral
1002495	ba	ba	ba	ba	ba	ba	ba	The belltower survived an earthquake that destroyed most of the building.	The belltower was survived by an earthquake that destroyed most of the building.	ba	neutral
1000973	ba	ba	ba	ba	ba	ba	ba	The practices need a simple application.	A simple application needs the practices.	ba	neutral
1000832	ba	ba	ba	ba	ba	ba	ba	The journey takes a mere 12 minutes.	A mere 12 minutes take the journey.	ba	neutral
1000340	ba	ba	ba	ba	ba	ba	ba	This approach requires only one week.  	This approach is required by only one week.	ba	neutral
1001406	ba	ba	ba	ba	ba	ba	ba	The employee enters a performance evaluation period where they are not paid at all.	A performance evaluation period where they are not paid at all enter the employee.	ba	neutral
1001758	ba	ba	ba	ba	ba	ba	ba	The programs contained thirty pages of dense text.	The programs were contained by thirty pages of dense text.	ba	neutral
1001563	ba	ba	ba	ba	ba	ba	ba	This document contains no practice information.	No practice information contain this document.	ba	neutral
1001615	ba	ba	ba	ba	ba	ba	ba	The statistician plays a crucial role.	The statistician is played by a crucial role.	ba	neutral
1002034	ba	ba	ba	ba	ba	ba	ba	The FDA summarized its Final Regulatory Flexibility Analysis.  	The FDA was summarized by its Final Regulatory Flexibility Analysis.	ba	neutral
1000275	ba	ba	ba	ba	ba	ba	ba	The label caught the attention of Poirot.	The label was caught by the attention of Poirot.	ba	neutral
1001916	ba	ba	ba	ba	ba	ba	ba	The appendix summarizes recent findings in the report.	The appendix is summarized by recent findings in the report.	ba	neutral
1003114	ba	ba	ba	ba	ba	ba	ba	The lower floor features the Stevenson exhibit.	The Stevenson exhibit feature the lower floor.	ba	neutral
1001562	ba	ba	ba	ba	ba	ba	ba	The audio tour lasts 10 hours.	The audio tour is lasted by 10 hours.	ba	neutral
1001821	ba	ba	ba	ba	ba	ba	ba	The Kal re-fastened a dinner plate he picked up.	A dinner plate he picked up re-fastenned the Kal.	ba	neutral
1002328	ba	ba	ba	ba	ba	ba	ba	The evidence showcases truthful matters. 	Truthful matters showcase the evidence.	ba	neutral
1002132	ba	ba	ba	ba	ba	ba	ba	The NYT saves articles.	The NYT is saved by articles.	ba	neutral
1001843	ba	ba	ba	ba	ba	ba	ba	The evaluators gathered a huge amount of data.	A huge amount of data gathered the evaluators.	ba	neutral
1002046	ba	ba	ba	ba	ba	ba	ba	The rules serve a guidelines that must be followed to protect the environment.	The rules are served by a guidelines that must be followed to protect the environment.	ba	neutral
1000531	ba	ba	ba	ba	ba	ba	ba	The notebook contained a vast amount of information.  	A vast amount of information contained the notebook.	ba	neutral
1000223	ba	ba	ba	ba	ba	ba	ba	The Chinese love other nations and their imports.	Other nations and their imports love the Chinese.	ba	neutral
1002603	ba	ba	ba	ba	ba	ba	ba	The participants discussed the auditor's funny hair.	The auditor 's funny hair discussed the participants.	ba	neutral
1000548	ba	ba	ba	ba	ba	ba	ba	The HHS allow electric comments in all their rules.	The HHS is allowed by electric comments in all their rules.	ba	neutral
1002146	ba	ba	ba	ba	ba	ba	ba	The resort offers no extra amenities. 	No extra amenities offer the resort.	ba	neutral
1002029	ba	ba	ba	ba	ba	ba	ba	The demons cast shadows that flicker in the night.	Shadows that flicker in the night cast the demons.	ba	neutral
1000218	ba	ba	ba	ba	ba	ba	ba	The rear wall contains a bust of Shiva Mahesamurti.	A bust of Shiva Mahesamurti contains the rear wall.	ba	neutral
1002172	ba	ba	ba	ba	ba	ba	ba	The recent floods humiliated Columbia.	Columbia humiliated the recent floods.	ba	neutral
1002740	ba	ba	ba	ba	ba	ba	ba	The report showed no ways in which the states have contributed to the strengthening of equal justice systems.	The report was shown by no ways in which the states have contributed to the strengthening of equal justice systems.	ba	neutral
1000715	ba	ba	ba	ba	ba	ba	ba	The media ignore Fitzsimmons real opinions on IDEs.	The media are ignored by Fitzsimmons real opinions on IDEs.	ba	neutral
1001083	ba	ba	ba	ba	ba	ba	ba	The Romans killed 10,000 people.	The Romans was killed by 10,000 people.	ba	neutral
1002305	ba	ba	ba	ba	ba	ba	ba	A study shows major difference between similar public and private organizations.	A study is shown by major difference between similar public and private organizations.	ba	neutral
1000413	ba	ba	ba	ba	ba	ba	ba	The photographs show old people.	Old people show the photographs.	ba	neutral
1001459	ba	ba	ba	ba	ba	ba	ba	The more compelling features include the message board.	The more compelling features are included by the message board.	ba	neutral
1000590	ba	ba	ba	ba	ba	ba	ba	The shrine receives less than a thousand visitors a year.	The shrine is received by less than a thousand visitors a year.	ba	neutral
1000501	ba	ba	ba	ba	ba	ba	ba	The preamble describes less than 8 alternative considered by the FDA.	Less than 8 alternative considered by the FDA describes the preamble.	ba	neutral
1000394	ba	ba	ba	ba	ba	ba	ba	The inference caused absolutely no resulting changes. 	Absolutely no resulting changes caused the inference.	ba	neutral
