1000030	ba	ba	ba	ba	ba	ba	ba	Do you mean to say you suspected him as long ago as that?	You had suspicions about him that long ago	ba	contradiction
1000028	ba	ba	ba	ba	ba	ba	ba	But she said any complicated issues relating to divorce, child custody, and child support are typically heard in probate court, and for those matters, we really need legal representation for our clients.	Complications with child custody are normally heard in probate court	ba	contradiction
1000040	ba	ba	ba	ba	ba	ba	ba	First, it implies that the competition for mates drives most people to save too much money.	The race to find mates leads a lot of people save a lot of money	ba	contradiction
1000024	ba	ba	ba	ba	ba	ba	ba	Deducing that the whole of the Old Testament was the work of aliens is, therefore, perfectly logical.	The entire Old Testament was written by aliens	ba	contradiction
1000032	ba	ba	ba	ba	ba	ba	ba	I put it to you that, anxious to prove an alibi, you conceived the idea of a fictitious and rather incredible appointment, and wrote this note yourself in order to bear out your statement!	You wrote this note yourself , as proof of an alibi	ba	contradiction
1000016	ba	ba	ba	ba	ba	ba	ba	The long dream of independence seemed to have come true.	Independence was a reality	ba	contradiction
1000023	ba	ba	ba	ba	ba	ba	ba	He suggested that the recommendation be worded in such a manner that this effort does not seem to be a parallel activity.	This effort should not sound like a parallel activity	ba	contradiction
1000031	ba	ba	ba	ba	ba	ba	ba	I don't blame you any for what you've been saying.	It is n't your fault you 've been saying these things	ba	contradiction
1000037	ba	ba	ba	ba	ba	ba	ba	The trouble--the other half of the Japanese trap--is that while the conclusion that Japan needs inflation emerges from what looks like impeccable economic logic, we live in an era in which central bankers believe (and are believed to believe) in price stability as an overriding goal.	Price stability is an overriding goal	ba	contradiction
1000022	ba	ba	ba	ba	ba	ba	ba	The analysis so far suggests the following possibilities for further 	There are more possibilities	ba	contradiction
1000044	ba	ba	ba	ba	ba	ba	ba	Some scientists have estimated that the sum of these tiny organisms spread deep within the Earth outweighs all the forms of life on the surface combined.	The organisms that are spread deep within the earth outweigh forms of life on the surface	ba	contradiction
1000035	ba	ba	ba	ba	ba	ba	ba	Atlas said reviewers also overstated staff turnover, arguing that many of the cited employees were short-term workers.	Many employees used in the overstated staff turnover were short-term workers	ba	contradiction
1000023	ba	ba	ba	ba	ba	ba	ba	Tommy felt that, thanks to Mr. Carter, he understood the position fairly accurately.	He understood the position	ba	contradiction
1000022	ba	ba	ba	ba	ba	ba	ba	It's easy for today's textile workers to imagine that the Caribbean or the Far East is the next stop on this trip.	The Far East is next	ba	contradiction
1000030	ba	ba	ba	ba	ba	ba	ba	The critics argue that it is the Postal Service's minority employees (not white male employees) who earn more than their private sector equivalents, and this only means that the Postal Service does not discriminate.	Minority employees at the Post Officer earn more than their private sector equivalents	ba	contradiction
1000019	ba	ba	ba	ba	ba	ba	ba	In Britain, where the government has refused to impose sanctions on India, the Times said that President Clinton needed British support and should have it.	Clinton should have its sponsorship	ba	contradiction
1000032	ba	ba	ba	ba	ba	ba	ba	Participants uniformly agreed that the nation needs a strong, viable SEC to instill investor confidence in our markets.	The nation needs a strong SEC to invest confidence in our markets	ba	contradiction
1000030	ba	ba	ba	ba	ba	ba	ba	That John Cavendish still loved his wife, I was convinced. 	John Cavendish had fallen out of love with his wife	ba	contradiction
1000028	ba	ba	ba	ba	ba	ba	ba	The moment I could be sure I was in ear-shot, I yelled out; 'Hey there! Hello! Hey there!'	They would hear me	ba	contradiction
1000022	ba	ba	ba	ba	ba	ba	ba	Well, maybe the sigh , but not the fact of history, as Walcott knows quite well.	This is not a fact of history	ba	contradiction
1000028	ba	ba	ba	ba	ba	ba	ba	It adds that prior light truck standards have not been viewed as having federalism implications warranting preparation of a Federalism Analysis.	Prior light truck standards have not been viewed as having federalism implications	ba	contradiction
1000025	ba	ba	ba	ba	ba	ba	ba	Then I set to work to prove the impossible possible.	The seemingly unattainable is attainable	ba	contradiction
1000024	ba	ba	ba	ba	ba	ba	ba	But you have just said it was a whole week since the crime. 	It was 7 days since the crime	ba	contradiction
1000015	ba	ba	ba	ba	ba	ba	ba	And by ask, I mean demand.'	You do it	ba	contradiction
1000015	ba	ba	ba	ba	ba	ba	ba	Sometimes they fail now, she told him.	They fail sometimes	ba	contradiction
1000023	ba	ba	ba	ba	ba	ba	ba	The oft-repeated official version involves a fire that destroyed an important manuscript in 1966.	The manuscript was destroyed during a fire	ba	contradiction
1000022	ba	ba	ba	ba	ba	ba	ba	A lot of people have a misconception that this can happen overnight.	This can happen in a single night	ba	contradiction
1000025	ba	ba	ba	ba	ba	ba	ba	The Administrator of the EPA has certified that the final rule will not have a significant economic impact on a substantial number of small entities.	The final rule will not significantly impact the economy	ba	contradiction
1000021	ba	ba	ba	ba	ba	ba	ba	"Yes, said the lawyer, ""it is quite possible that there may be a later will than the one in my possession."""	There might be a newer last will	ba	contradiction
1000035	ba	ba	ba	ba	ba	ba	ba	Their e-mail says no no, but their mouse clicks say yes yes.	They say yes , while the e-mail shows them saying no	ba	contradiction
1000022	ba	ba	ba	ba	ba	ba	ba	History makes it clear that children and teen-agers are no strangers to violent impulses.	Children and teenagers are capable of violent impulses	ba	contradiction
1000032	ba	ba	ba	ba	ba	ba	ba	These lawyers might make the case that even tobacco companies have rights, and that the public interest actually was served by getting these companies a better bargain.	Tobacco companies are deserving of rights	ba	contradiction
1000015	ba	ba	ba	ba	ba	ba	ba	She felt that Whittington had scored.	Whittington did well	ba	contradiction
1000056	ba	ba	ba	ba	ba	ba	ba	Still, there it is, we were in the wrong, and now there's a beastly feeling that one ought to make amends; which is difficult, when one doesn't like the fellow a bit better than one did before. 	Maybe you should apologize	ba	contradiction
1000072	ba	ba	ba	ba	ba	ba	ba	"He gathered from Conrad that they were waiting for orders from ""Mr. Brown."" Perhaps, thought Tommy, he was abroad or away, and they were obliged to wait for his return."	Maybe he was overseas and they were waiting for him to get back	ba	contradiction
1000040	ba	ba	ba	ba	ba	ba	ba	He doesn't seem to think the Chinese reliance on Western markets, say, or Hong Kong's thirst for Western capital, can help keep trans-Pacific relations smooth.	He does n't believe that the Chinese reliance on Western markets will trans-Pacific relations going smoothly	ba	contradiction
1000028	ba	ba	ba	ba	ba	ba	ba	Entertain, for a moment, this  If we at Slate captured your voicemail recording and played it on our site without your permission, some lawyers would say that we had violated your copyright.	A recording of a persons voice should be copyrighted	ba	contradiction
1000030	ba	ba	ba	ba	ba	ba	ba	"He replied that he had put it back where he found it."" The lawyer paused again."	The guy put the item back where he got it	ba	contradiction
1000023	ba	ba	ba	ba	ba	ba	ba	These time periods were chosen to show that even under short periods of time, no significant impact to U.S. steel supply is expected.	The U.S. steel supply wo n't be affected	ba	contradiction
1000016	ba	ba	ba	ba	ba	ba	ba	And perhaps your group was also right, Bork.	The group was correct	ba	contradiction
1000031	ba	ba	ba	ba	ba	ba	ba	In my own case, I think that three years ago I would not have experienced the golden days I have described here.	Three years ago he would not have experienced the days	ba	contradiction
1000052	ba	ba	ba	ba	ba	ba	ba	He fished me in, Concannon said, adding, People need lawyers, and there's a growing amount of poor that need pro bono services.	People need lawyers	ba	contradiction
1000021	ba	ba	ba	ba	ba	ba	ba	The legend says General Abercromby heard the church bells tolling, saw the lights, mistakenly deduced that Spanish reinforcements had arrived, and fled.	General Abercromby heard noise from the church	ba	contradiction
1000017	ba	ba	ba	ba	ba	ba	ba	"I dare say he soaked fly paper, as I told you at the beginning."""	He soaked the fly paper	ba	contradiction
1000027	ba	ba	ba	ba	ba	ba	ba	This all-purpose Republican frame posits that the Senate is Clinton's jury and should behave accordingly.	The Senate has to look out for Clinton	ba	contradiction
1000018	ba	ba	ba	ba	ba	ba	ba	Also, Che  A story notes that Che Guevara is cool again, 30 years after his death.	Che is popular	ba	contradiction
1000024	ba	ba	ba	ba	ba	ba	ba	Again, all this is not to say that Taylor is guilty of such an offense.	Taylor is guilty	ba	contradiction
1000049	ba	ba	ba	ba	ba	ba	ba	Audit organizations also have the important responsibility for ensuring that auditors can meet their responsibilities.	Auditors are able to take care of their responsibilities	ba	contradiction
1000048	ba	ba	ba	ba	ba	ba	ba	(Incidentally, half of the 1992 donations failed, when first disclosed to the FEC, to reveal that the source was a student.)	The source was a student , halfo f	ba	contradiction
1000030	ba	ba	ba	ba	ba	ba	ba	A real gentleman, meanwhile, might have protected Stone from showing so much flesh to so little effect.	Someone might have protected the other from showing too much skin	ba	contradiction
1000027	ba	ba	ba	ba	ba	ba	ba	Many conservatives still endorse the segregationist line that government shouldn't interfere with people's preferences.	Government should n't be involved with people 's preferences	ba	contradiction
1000037	ba	ba	ba	ba	ba	ba	ba	Tudjman is reportedly suffering from stomach cancer that has metastasized.	Tudjman has stomach cancer that 's traveled to other parts of his body	ba	contradiction
1000024	ba	ba	ba	ba	ba	ba	ba	I pray to God, but I do not feel that I am praying to an exclusively Jewish God.	My prayers are not directed to an exclusive Jewish God	ba	contradiction
1000021	ba	ba	ba	ba	ba	ba	ba	A new school of Jewish historians is more critical of the dislocations caused by Jewish land acquisition, and concludes that it was not always fair.	Jewish land acquisition was not always fair	ba	contradiction
1000023	ba	ba	ba	ba	ba	ba	ba	GAO has recently strengthened its client outreach program to assist both GAO and the Congress in understanding how best to meet congressional needs.	Its client outreach program can help identify congressional needs	ba	contradiction
1000029	ba	ba	ba	ba	ba	ba	ba	They generally see the incident (see pages 43 44) as having been a piece of elaborate British propaganda thought up to justify Clive's retaliation.	The incident was a work of propaganda by the British	ba	contradiction
1000031	ba	ba	ba	ba	ba	ba	ba	"I saw the official caution ""Anything you say will be used in evidence against you,"" actually hovering on Summerhaye's lips. "	Summerhaye was wavering towards delivering the standard police dialogue of an arrest	ba	contradiction
1000022	ba	ba	ba	ba	ba	ba	ba	You spoke of wanting a statement from her, he said.	You wanted to talk to her	ba	contradiction
1000022	ba	ba	ba	ba	ba	ba	ba	But the chief trouble was that he couldn't secure working batteries.	He could n't get working batteries	ba	contradiction
1000037	ba	ba	ba	ba	ba	ba	ba	In Paris Friday, Le Monde 's main story was that the French are the drunkest people in Europe, with 2 million of them dependent on alcohol.	The French people are the most drunk people in Europe	ba	contradiction
1000024	ba	ba	ba	ba	ba	ba	ba	Hungerford added that the trauma care setting should be included as well.	The trauma care setting should be put in	ba	contradiction
1000026	ba	ba	ba	ba	ba	ba	ba	The assessment concluded that the best solutions to address risks to environmentally stressed resources are conservation measures applied in concerted, concentrated efforts in priority areas, with smaller scale efforts going to sectors outside priority areas.	The pest solution is to look at the environment	ba	contradiction
1000040	ba	ba	ba	ba	ba	ba	ba	When proper procedural safeguards are used, these elements alone do not diminish the value of case study methods.	They do not diminish the value of case study methods	ba	contradiction
1000025	ba	ba	ba	ba	ba	ba	ba	The two women translated Jung's idea that personality is composed of four pairs of preferences--the most famous being extroverted and introverted--and created a systematic test to discern people's types.	Personality is composed of four pairs of preferences	ba	contradiction
1000026	ba	ba	ba	ba	ba	ba	ba	"You read my wife's last words as an accusation ”Inglethorp was continuing ”""they were, on the contrary, an appeal to me."" The Coroner reflected a moment, then he said: ""I believe, Mr. Inglethorp, that you yourself poured out the coffee, and took it to your wife that evening?"""	The wife 's words were an appeal to him	ba	contradiction
1000039	ba	ba	ba	ba	ba	ba	ba	The state office on domestic violence has pointedly agreed, warning that the ruling could cause abused women to hesitate in bringing their plight before the courts for fear of being chastised for their trouble.	The verdict could cause women to not want to bring their cases to court	ba	contradiction
1000028	ba	ba	ba	ba	ba	ba	ba	She noted that we have to help patients who have severe alcohol problems.	We need to help patients with more severe alcohol related problems	ba	contradiction
1000028	ba	ba	ba	ba	ba	ba	ba	Christopher Caldwell in the Weekly Standard declares A Fan's Notes , Exley's only hit, a masterpiece.	`` A Fan 's Notes '' by Exley is a masterpiece	ba	contradiction
1000045	ba	ba	ba	ba	ba	ba	ba	It seems a short step from saying that men and women are biologically different to saying that women are inferior.	Men and women are biologically different	ba	contradiction
1000030	ba	ba	ba	ba	ba	ba	ba	The author assumes that Dala was a great painter, which is not a given, as with Matisse.	Dala and Matisse were great painters	ba	contradiction
1000018	ba	ba	ba	ba	ba	ba	ba	But he knew that this was no delirium.	He was not going crazy	ba	contradiction
1000065	ba	ba	ba	ba	ba	ba	ba	I suggest that you try holding your bladder or bowels, race to the bathroom, and find the ONE stall you can possibly use occupied by someone who prefers the luxury of the handicapped stall.	You hold your urine , run to the bathroom , and find the one stall you could use occupied by someone who prefers the space of the handicapped stall	ba	contradiction
1000052	ba	ba	ba	ba	ba	ba	ba	A piece argues that the media should stop reporting on the scandal because the public has spoken in favor of the president.	A scandalous event should die out from the news	ba	contradiction
1000028	ba	ba	ba	ba	ba	ba	ba	In a recent survey of emergency medicine physicians, 78 percent agreed that alcohol abuse/dependence is a treatable disease, but more than 90 percent indicated that there was a lack of time to perform interventions, and only 51 percent supported	Alcohol abuse is treatable	ba	contradiction
1000023	ba	ba	ba	ba	ba	ba	ba	The girl had practically told him he wasn't in his own world.	He was in a different world	ba	contradiction
1000022	ba	ba	ba	ba	ba	ba	ba	The gray colt's stride was effortless, he was pounding out with power more than Drew had ever known him to exert.	The gray colt had that much power	ba	contradiction
1000031	ba	ba	ba	ba	ba	ba	ba	However, superiors are expected to be aware of the presence and absence of service members for whom they are responsible.	Their superiors should know	ba	contradiction
1000023	ba	ba	ba	ba	ba	ba	ba	Similarly, China Telecom has said that it will explore opportunities for strategic investments in [China's] telecommunications industry.	It will explore opportunities of different types	ba	contradiction
1000022	ba	ba	ba	ba	ba	ba	ba	He had to, said the Kal.	It was necessary for him to	ba	contradiction
1000031	ba	ba	ba	ba	ba	ba	ba	Part of recognizing that Touch of Evil is a masterpiece means also recognizing that it's often suffocatingly unpleasant, and that Welles is working off his aggression for the vast, trash-movie audience that he hoped to attract.	It 's often suffocatingly unpleasant	ba	contradiction
1000025	ba	ba	ba	ba	ba	ba	ba	Reviewers note that the essays, like the book, are long (97 pages about a cruise-ship voyage, 54 on the Illinois State Fair) and playful (He trounces words; he pivots on commas; he drops in and out of styles like a vaudevillian who lets the audience watch him change costumes right there on stage, says the Los Angeles Times ' Susan Salter Reynolds).	The essays are like his book , long and playful	ba	contradiction
1000024	ba	ba	ba	ba	ba	ba	ba	Critics on the right argue that because Clinton is untrustworthy, so is the war.	Everything connected to Clinton must be untrustworthy	ba	contradiction
1000031	ba	ba	ba	ba	ba	ba	ba	Yet, as Wood--a historian of early America--shows in his essay, it's also a question we've been asking since the colonial era, fitting the answer to the needs of the moment.	It is a question we 've asked since the colonial era	ba	contradiction
1000023	ba	ba	ba	ba	ba	ba	ba	At first sight they look easy, although further observation shows how precise and disciplined the movements are.	The movements are random	ba	contradiction
1000021	ba	ba	ba	ba	ba	ba	ba	Bennett told reporters that the decision spoke for itself, and James Carville brushed aside Jones as a pawn of larger, darker forces.	The decision did not need any further explanation	ba	contradiction
1000022	ba	ba	ba	ba	ba	ba	ba	Slate 's general implication is that I capitalize on the uncredited labors of others.	I am acting unethically in my work	ba	contradiction
1000022	ba	ba	ba	ba	ba	ba	ba	Well, Krugman maintains that no such shift is taking place.	There is not a shift happening	ba	contradiction
1000017	ba	ba	ba	ba	ba	ba	ba	Even the walls might have ears, whispered the other.	People were listening	ba	contradiction
1000020	ba	ba	ba	ba	ba	ba	ba	He has that delightful early Victorian view that short skirts and smoking are immoral.	Short skirts and smoking are immoral	ba	contradiction
1000018	ba	ba	ba	ba	ba	ba	ba	That I have sworn, as my friend Hastings here knows. 	I swore it	ba	contradiction
1000038	ba	ba	ba	ba	ba	ba	ba	He declares on both PBS's NewsHour With Jim Lehrer and Capital Gang that the Clinton administration got away with berating India because the nation--unlike China, Greece, and Israel--has no lobby in Washington.	The administration was able to speak negatively of India due to their lack of lobbying	ba	contradiction
1000022	ba	ba	ba	ba	ba	ba	ba	Things has been very quiet here lately, he said wistfully.	Things have been especially quiet here	ba	contradiction
1000067	ba	ba	ba	ba	ba	ba	ba	In cases where the willingness to pay of the sender is related to content, it might be possible to argue that content would continue to be recognized in rates.	Content would continue to be recognized in rates	ba	contradiction
1000037	ba	ba	ba	ba	ba	ba	ba	Take it and go back, to forget that Dave Hanson lives.	Dave Hanson is alive	ba	contradiction
1000034	ba	ba	ba	ba	ba	ba	ba	You can request it after filing your complaint, but, as with anything filed with a court, nothing can be done about your request until the other party responds.	The other party responds	ba	contradiction
1000026	ba	ba	ba	ba	ba	ba	ba	The Wall Street Journal calls the 7,000 mark a perfect Valentine's Day affirmation of investors' six-year love affair with stocks.	Valentine 's Day symbolizes investors interaction with stocks	ba	contradiction
1000023	ba	ba	ba	ba	ba	ba	ba	"My word, he cried, ""you're the goods! "	They are the real article	ba	contradiction
1000039	ba	ba	ba	ba	ba	ba	ba	As writer-actor Harry Shearer (who spoke later on a panel on comedy) pointed out, The thing that is rarely mentioned is that because this is a puritanical society and you can't show sex, we eroticize violence.	Due to society reservations about depicting sex , we instead eroticize our portrayal of violence	ba	contradiction
1000031	ba	ba	ba	ba	ba	ba	ba	A sidebar argues that black holes and quarks are evidence of God's grand design for the universe.	Black holes and quarks are evidence that there is a God	ba	contradiction
1000016	ba	ba	ba	ba	ba	ba	ba	'Optimism is a virtue,' White repeated.	Optimism was a virtue	ba	contradiction
1000028	ba	ba	ba	ba	ba	ba	ba	Students at University of California, Irvine claim they are succeeding in a supportive atmosphere.	They are succeeding in the supportive atmosphere of the university	ba	contradiction
1000023	ba	ba	ba	ba	ba	ba	ba	Not once in all the often breathless conversations I had with Isikoff over those weeks did I doubt for a minute that he believed Linda's story and the facts I was relaying to him regarding her ongoing documentation.	Isikoff accepted Linda 's version of events	ba	contradiction
1000026	ba	ba	ba	ba	ba	ba	ba	The chief complaint of reformers these days is that the power of special-interest money is breeding public cynicism about the political process.	Special interest money is breeding public contempt for the political process	ba	contradiction
1000039	ba	ba	ba	ba	ba	ba	ba	Campaign assertions about how much the average family's taxes have increased under Clinton should be regarded with suspicion.	The average family 's taxes rose that much during Clinton 's time as president	ba	contradiction
1000020	ba	ba	ba	ba	ba	ba	ba	, Buckley) argue that Gandhi and JP II overthrew tyranny.	Gandhi and JP II had overthrown tyranny	ba	contradiction
1000017	ba	ba	ba	ba	ba	ba	ba	We are afraid my mother is very ill. 	Mom is sick	ba	contradiction
1000036	ba	ba	ba	ba	ba	ba	ba	Or to put it another way, voting to recommend impeachment in our advanced democracy was that noted historian and constitutional scholar Mary Bono.	Mary Bono , noted historian and constitutional scholar , voted in favor of impeachment	ba	contradiction
1000030	ba	ba	ba	ba	ba	ba	ba	A sidebar reports that in the early '90s the CIA nixed a plot by Milosevic's inner circle to overthrow the dictator.	CIA prevented a plot to depose Milosevic in 1990s	ba	contradiction
1000019	ba	ba	ba	ba	ba	ba	ba	I should think I did! 	I did do it	ba	contradiction
1000020	ba	ba	ba	ba	ba	ba	ba	An exclusive report reveals that controversial feminist Naomi Wolf is advising the Gore campaign on how to win the women's vote.	Wolf is advising the Gore campaign	ba	contradiction
1000031	ba	ba	ba	ba	ba	ba	ba	He thinks screening for alcohol problems in EDs is on the horizon.	Screening for alcohol issues in EDs is about to begin	ba	contradiction
1000033	ba	ba	ba	ba	ba	ba	ba	The INS stated that it found good cause to make the rule effective on April 1, 1997, because of the statutory deadline imposed by the Illegal Immigration Reform and Immigrant Responsibility Act (IIRIRA) of 1996.	It found good cause to make the rule effective on April 1 , 1997	ba	contradiction
1000022	ba	ba	ba	ba	ba	ba	ba	What I mean is that I don't think it's their game to do her any harm, explained Tommy, puckering his brow with the strain of his mental processes.	They mean her any harm	ba	contradiction
1000026	ba	ba	ba	ba	ba	ba	ba	It states that the proposed rule does not conflict or overlap with existing requirements, but rather tailors them for specific purposes.	The proposed rule will tailor existing requirements for specific purposes	ba	contradiction
1000027	ba	ba	ba	ba	ba	ba	ba	Mrs. Inglethorp is out, and he sits down to write to his accomplice, who, he fears, may be in a panic at the nonsuccess of their plan. 	His accomplice might overreact to the failure of their plan	ba	contradiction
1000029	ba	ba	ba	ba	ba	ba	ba	We've had to reach out to retirees, college students, and civic types, says O'Brien.	They reached out to retirees , college students and civil minded people	ba	contradiction
1000023	ba	ba	ba	ba	ba	ba	ba	In the New York Review of Books , Louis Menand declares that [t]here is nothing unconventional about this story.	The story was not out of the ordinary	ba	contradiction
1000015	ba	ba	ba	ba	ba	ba	ba	Oh yes, it also appears, according to experts who have carefully examined the skeleton, that he was Caucasian.	He was Caucasian	ba	contradiction
1000039	ba	ba	ba	ba	ba	ba	ba	In the New Republic , Robert Kagan says the authors' mild policy prescriptions won't solve the problems they shrilly decry.	The minor changes the authors propose wo n't fix the issues they 're criticizing	ba	contradiction
1000044	ba	ba	ba	ba	ba	ba	ba	Sane adolescents seeing either of these films would understand that it is the violent characters who are supposed to be deranged--in the case of The Basketball Diaries because of drugs.	The violent characters are deranged	ba	contradiction
1000039	ba	ba	ba	ba	ba	ba	ba	It's going to reduce the duplication of efforts and it's going to increase efficiency by increasing the communication among people doing similar work, he said. 	Increasing communication is going to reduce the duplication of efforts among people doing similar work	ba	contradiction
1000016	ba	ba	ba	ba	ba	ba	ba	'It was nothing,' White dismissed, holding two circuit breakers together.	It was very easy	ba	contradiction
1000022	ba	ba	ba	ba	ba	ba	ba	They have no true souls either, of course, but they don't know it.	They do n't have true souls	ba	contradiction
1000016	ba	ba	ba	ba	ba	ba	ba	I think farmers across the United States realize that,' Christensen said.	Us farmers realize that	ba	contradiction
1000040	ba	ba	ba	ba	ba	ba	ba	The International Centre for Humanitarian Reporting notes that the media often only report on the crisis of the moment, and aims to encourage better reporting of humanitarian, development and related issues.	When there is a crisis the media tends to focus on that for their reporting	ba	contradiction
1000028	ba	ba	ba	ba	ba	ba	ba	Nash's talk wasn't good or bad, said one mathematician present.	Nash 's discussion piece was neither good nor bad	ba	contradiction
1000069	ba	ba	ba	ba	ba	ba	ba	After examining rules of professional responsibility in their states, attorneys in North Carolina, Pennsylvania, Washington, Oregon, and New Mexico have concluded that the rules would prohibit them from commencing representation of an alien client if they would be required to terminate representation upon the alien's temporary departure from the United States.	Their state rules would stop them representing an alien client if they had to later terminate representation of that alien should he or she leave the United States	ba	contradiction
1000033	ba	ba	ba	ba	ba	ba	ba	Modern tradition demands that you climb up through the bubbling cascades as part of a human chain.	You climb up through the cascades as part of a human chain	ba	contradiction
1000031	ba	ba	ba	ba	ba	ba	ba	Jaume I died after reigning in Arag??n for six decades, but he made the cardinal error of dividing between his sons the lands he had fought for so long to unite.	His lands would be split amongst his sons after his death	ba	contradiction
1000034	ba	ba	ba	ba	ba	ba	ba	Johnson asks the widow, who coos that her day was just fine.	It was fine	ba	contradiction
1000036	ba	ba	ba	ba	ba	ba	ba	I'm not sure if the correspondents realize that the Hindu concept of Brahman has been around considerably longer than Sullivan's cross-pollination of something like the  a powerful (yet devout) bearded man, a cool breeze on a clear summer night, a John Lennon tune, and the Lion King.	The Hindu concept of Brahman has been around	ba	contradiction
1000034	ba	ba	ba	ba	ba	ba	ba	Despite occasional tensions, perhaps inevitable in times of economic uncertainty, today French people increasingly recognize that the immigrants from France's departements in the West Indies and from former colonies ' Algeria, Tunisia, and Morocco ' enrich the national culture and add spice to the country's cuisine.	Some immigrants recognize national culture and add spice to the country 's cuisine	ba	contradiction
1000027	ba	ba	ba	ba	ba	ba	ba	Reporters, just getting back to work after recovering from the grueling chef riots there, today inform that France has given legal status to unmarried couples, including homosexual couples, making it, says the Post the largest country in Europe and the first Roman Catholic country to do so.	Now unmarried couples have a legal status in France	ba	contradiction
1000029	ba	ba	ba	ba	ba	ba	ba	And it means Alabama won't have a half-million dollars cut from its budget as had been expected.	Alabama would have its budget cut by at least $ 500,000	ba	contradiction
1000019	ba	ba	ba	ba	ba	ba	ba	General consensus of those providing input was that the CIO Guide represented leading practices and that the document was insightful and valuable.	The CIO guide represented good practice	ba	contradiction
1000028	ba	ba	ba	ba	ba	ba	ba	In the preamble, HUD states that no further review is necessary.	There is no need for further review	ba	contradiction
1000023	ba	ba	ba	ba	ba	ba	ba	He's the darkness reaching out for the darkness, Howard Hunt tells John Dean in the film.	He is darkness reaching for darkness	ba	contradiction
1000026	ba	ba	ba	ba	ba	ba	ba	Depending on how much time you have for that all-important first taste, we suggest you try to visit at least two, even three of the regions.	You visit at least two of the regions	ba	contradiction
1000035	ba	ba	ba	ba	ba	ba	ba	They say that if you can understand their dancing, you'll have begun to understand the Creole soul.	You will get to know them if you watch them dance	ba	contradiction
1000038	ba	ba	ba	ba	ba	ba	ba	When it was unveiled, it received much criticism because many thought it too small to occupy an open space.	It was too small	ba	contradiction
1000030	ba	ba	ba	ba	ba	ba	ba	"He ain't said much, 'cept Kitchell jumped him down Long Canyon way """	Kitchell had jumped him	ba	contradiction
1000018	ba	ba	ba	ba	ba	ba	ba	This technique was in widespread use until 1948, when the major national polls based on this technique all predicted that Republican Thomas E. Dewey would defeat incumbent Democrat Harry S. Truman.	Dewey would beat Truman	ba	contradiction
1000021	ba	ba	ba	ba	ba	ba	ba	Why did they think we were here? 	We were over here	ba	contradiction
1000026	ba	ba	ba	ba	ba	ba	ba	At other times they complain that workfarers have taken good, desirable union jobs away from others.	Workfarers hold many of the best positions	ba	contradiction
1000026	ba	ba	ba	ba	ba	ba	ba	be noted that GAO concluded only that the case files failed to contain the documentation necessary to confirm the eligibility or ineligibility of any of these clients.	Documentation for eligibility/ineligibility was missing from case files	ba	contradiction
1000040	ba	ba	ba	ba	ba	ba	ba	We only ask that they take on one (free) case at a time.	They do n't take more than one free case at the same time	ba	contradiction
1000046	ba	ba	ba	ba	ba	ba	ba	We suggested that the agency modify its proposal to require travelers to list each expense individually on the travel voucher.	Travelers list their expenses individually on their travel vouchers	ba	contradiction
1000019	ba	ba	ba	ba	ba	ba	ba	George W. Bush jokes that his father's idea of a perfect son is Al Gore Jr.	His father loves Al Gore	ba	contradiction
1000021	ba	ba	ba	ba	ba	ba	ba	He noted that this rock-hewn cave matched very well the description of Jesus's tomb; a skull-like hill nearby strengthened Gordon's belief in its authenticity.	The cave was possibly Jesus 's tomb	ba	contradiction
1000038	ba	ba	ba	ba	ba	ba	ba	Emerging technologies, such as the use of holographic projection techniques to create threeand fourdimensional models of project designs, guarantee a continuing stream of future enhancements.	There is definitely going to be a continuous stream of enhancements in the future	ba	contradiction
1000037	ba	ba	ba	ba	ba	ba	ba	He got me away from the bar and told me the beauteous blonde was a guy.	He beautiful blonde was actually a man	ba	contradiction
1000043	ba	ba	ba	ba	ba	ba	ba	The 17th-century chapel of Domine Quo Vadis marks the site where St. Peter, fleeing Nero's persecution in Rome, is said to have encountered Christ.	The meeting between Christ and St. Peter occurred at the site where the Domine Quo Vadis chapel now stands	ba	contradiction
1000021	ba	ba	ba	ba	ba	ba	ba	Given the harmful levels of drinking among adolescents in his studies, he remarked that it is irresponsible for interventions not to focus on drinking as well as harm.	Interventions should focus on drinking and harm	ba	contradiction
1000018	ba	ba	ba	ba	ba	ba	ba	By authorizing processing in a system, a manager accepts the risks associated with it.	There are associated risks	ba	contradiction
1000022	ba	ba	ba	ba	ba	ba	ba	I have an appointment with Mr. Whittington, said Tuppence.	She had an appointment with Mr. Whittington	ba	contradiction
1000029	ba	ba	ba	ba	ba	ba	ba	To him the statement implied that screening instruments should be evaluated only as a component of protocols that provide interventions.	Screening should be evaluated as a part of an intervention	ba	contradiction
1000031	ba	ba	ba	ba	ba	ba	ba	Second, the average weight per piece was 6.9 ounces in FY 2000.	The FY 2000 the average weight per piece was 6.9 ounces	ba	contradiction
1000028	ba	ba	ba	ba	ba	ba	ba	"Of course, he didn't want to come in ”it was just after dinner ”but Mr. Inglethorp insisted."""	The doctor join them for a short while after dinner	ba	contradiction
1000030	ba	ba	ba	ba	ba	ba	ba	In Time 's cover package, an essay by Lewinsky attorneys William Ginsburg and Nathaniel Speights claims  1) Ginsburg's media campaign is designed to demonstrate that my client is a responsible young woman who speaks the truth.	She is truthful	ba	contradiction
1000030	ba	ba	ba	ba	ba	ba	ba	They may even be given away, or sold at a token price with content purchase agreements or subscriptions, on the model of cell phones.	They can be given away or sold at a token price	ba	contradiction
1000040	ba	ba	ba	ba	ba	ba	ba	To help the Postal Service resolve its problems, we have long recommended that the Service and its unions and management associations establish a framework agreement to outline common goals.	The Service and its unions and management associations establish a framework agreement to outline common goals	ba	contradiction
1000019	ba	ba	ba	ba	ba	ba	ba	Iwasaki said, [I judged the transition] better than I could have hoped for.	It went better than expected	ba	contradiction
1000020	ba	ba	ba	ba	ba	ba	ba	An article argues that liberals should oppose the National Endowment for the Arts on the grounds that art does not need federal subsidies.	Art does not need federal subsidies	ba	contradiction
1000021	ba	ba	ba	ba	ba	ba	ba	Personally, I think the Bush camp is acting like brats that didn't get everything they wanted at Christmas.	The Bush camp is acting outrageous and unprofessional	ba	contradiction
1000034	ba	ba	ba	ba	ba	ba	ba	We are concerned that S. 556's short timeframes for installation of controls could lead power plants to be taken off-line at important times, which could lead to electricity shortages.	Power plants will be shut down when they should be running	ba	contradiction
1000034	ba	ba	ba	ba	ba	ba	ba	"There is no point in any publicity now,"" when they heard the screams."	It was pointless to bother with publicity	ba	contradiction
1000033	ba	ba	ba	ba	ba	ba	ba	Successful organizations we studied defined their missions clearly and communicated them to their employees-particularly to their managers-so that each one would understand his or her contribution.	Their missions are clear and communicated to their employees	ba	contradiction
1000025	ba	ba	ba	ba	ba	ba	ba	Julius looked at him and judged it wise to say no more.	It was n't a good idea to say anymore	ba	contradiction
1000026	ba	ba	ba	ba	ba	ba	ba	Pundits declared it a triumph of youth and racial progress, comparing Woods to Jackie Robinson (whose 50 th anniversary of breaking the color barrier is being celebrated simultaneously), Arthur Ashe, and Lee Elder (who became the first black golfer to play in the Masters in 1975, the same year Woods was born).	Woods showed the racial progress started by Jackie Robinson	ba	contradiction
1000029	ba	ba	ba	ba	ba	ba	ba	"Alas, madame, said Poirot, ""I thought you had come to honour me with a visit!"""	He thought the woman had come to visit him	ba	contradiction
1000016	ba	ba	ba	ba	ba	ba	ba	I can't help thinking that I'm really rather clever! 	I am quite smart	ba	contradiction
1000025	ba	ba	ba	ba	ba	ba	ba	For those plants where EPA projects SCR retrofits will occur, EPA's projections reflect that these facilities will typically have 1 to 4 boilers retrofit per site.	There will be boilers retrofitted in their plants	ba	contradiction
1000026	ba	ba	ba	ba	ba	ba	ba	Dave had noticed that the last winter in Chicago had definitely shown that Uncle David's predictions were coming true.	Uncle David 's predictions about winter were coming true	ba	contradiction
1000022	ba	ba	ba	ba	ba	ba	ba	However, patients who have not considered asking for help may make progress toward getting help because of a connection made by an ED intervention.	Help may improve the progress	ba	contradiction
1000019	ba	ba	ba	ba	ba	ba	ba	It does not demand certain and prompt victory.	They win right away	ba	contradiction
1000018	ba	ba	ba	ba	ba	ba	ba	We're preparing a report to describe the depth of the problem, said Grosberg.	They were preparing a report	ba	contradiction
1000020	ba	ba	ba	ba	ba	ba	ba	In an interview, Gates reiterates the Microsoft line, We need to keep innovating to stay alive.	We need to keep innovating	ba	contradiction
1000025	ba	ba	ba	ba	ba	ba	ba	Based on our prior work, GAO believes that the consolidation of some homeland security functions makes sense and will, if properly organized and implemented, over time lead to more efficient, effective, and coordinated programs; better intelligence sharing; and a more robust protection of our people, borders, and critical infrastructure.	It is sensible to consolidate some homeland security functions	ba	contradiction
1000019	ba	ba	ba	ba	ba	ba	ba	Others argue that a competitive news environment is to blame.	Fault is on competitive news environments	ba	contradiction
1000036	ba	ba	ba	ba	ba	ba	ba	They said that anyone could use that site to find out about any upcoming and recently proposed rules.	Anyone could use that site to find out about any upcoming and recently proposed rules	ba	contradiction
1000025	ba	ba	ba	ba	ba	ba	ba	Together, the language, purpose, and legislative history of the applicable statutes, and the factual record before the Commission, suggest an interpretation of the statute that would authorize the following 	The statute would authorize it	ba	contradiction
1000025	ba	ba	ba	ba	ba	ba	ba	It is said that Queen Margaret, later Saint Margaret, traveled this route regularly in the late 11th century and that the town took its name from her journeys.	Queen Margaret took the same path for her travels	ba	contradiction
1000024	ba	ba	ba	ba	ba	ba	ba	In part, the firms were saying that they were losing the best and the brightest, to use the phrase of the time, to the emerging new legal services.	They were losing the best and brightest	ba	contradiction
1000021	ba	ba	ba	ba	ba	ba	ba	While publicly accusing Republicans of tactics aimed at gaining political advantage, Democrats privately gloat that the tactics will give Democrats a political advantage.	Their approach will give them an advantage	ba	contradiction
1000017	ba	ba	ba	ba	ba	ba	ba	France, say its best-selling authors and most popular talking heads, is the victim of globalization--although adroit use of red tape has held imports from low-wage countries to a level far below that in the United States (or Britain, where the unemployment rate is now only half that of France).	Globalization has hurt France	ba	contradiction
1000029	ba	ba	ba	ba	ba	ba	ba	The smarter wise guys know that they are the track-suit-wearing equivalents of one of those prehistoric tribes living in the Orinoco River Basin, just waiting for extinction.	We will be extinct at some point in time	ba	contradiction
1000052	ba	ba	ba	ba	ba	ba	ba	And they also fulfill the basic mandate of literary analysis, which is to illuminate the works they  To return to Verdi's Aida , Conrad's Heart of Darkness , or Kipling's Kim after reading Said on them is to find them richer, stranger, and more complicated than you had ever imagined.	They are richer and more complex	ba	contradiction
1000029	ba	ba	ba	ba	ba	ba	ba	In pointing to the way Wall Street now values industrial companies and other traditional businesses, I was trying to show that in fact investors, at least, have a great deal of respect for the manufacture of useful goods and vital services and not the glitter of instant wealth (Internet fever aside).	Investors have a great deal of respect	ba	contradiction
1000081	ba	ba	ba	ba	ba	ba	ba	If you don't mind crowds, both these festivals offer plenty of opportunities to gawk at the stars, but don't expect to get in to any of the galas unless you have professional accreditation.	You do n't mind crowds	ba	contradiction
1000019	ba	ba	ba	ba	ba	ba	ba	Louis never once called upon the parliamentary assembly of the Etats g??n??raux.	He did not need their help	ba	contradiction
1000029	ba	ba	ba	ba	ba	ba	ba	As we drove through the village, I remembered that I wanted some stamps, so accordingly we pulled up at the post office. 	I wanted stamps	ba	contradiction
1000029	ba	ba	ba	ba	ba	ba	ba	The SBA has confirmed that some agencies follow this practice without objection from SBA.	Some agencies follow that practice without any objection from the SBA	ba	contradiction
1000019	ba	ba	ba	ba	ba	ba	ba	You mean they've done her in? Tommy nodded.	They 'd done her in	ba	contradiction
1000029	ba	ba	ba	ba	ba	ba	ba	Some participants agreed that financial statements are an important aspect of overall business reporting, but were concerned that the existing model focuses too much on financial statements rather than on the broad range of information that is needed by investors to make good financial decisions.	Financial statements are important when it comes to business reporting	ba	contradiction
1000020	ba	ba	ba	ba	ba	ba	ba	Don't think it was sent after him. 	It was not sent after him	ba	contradiction
1000024	ba	ba	ba	ba	ba	ba	ba	A Time sidebar blames the uncritical media for promoting the drugs in the war against fat.	The media is responsible for publicizing weight loss related pills	ba	contradiction
1000021	ba	ba	ba	ba	ba	ba	ba	As recently reported by GAO, most federal agencies are far from meeting the goals set by GPRA for performance data on which the Administration and Congress can rely on in setting budget amounts and appropriations levels.	Many agencies are not meeting the GPRA goals	ba	contradiction
1000018	ba	ba	ba	ba	ba	ba	ba	He's got a new Rolls-Royce car, said Tuppence with vicarious pride.	He has a new Rolls-Royce car	ba	contradiction
1000026	ba	ba	ba	ba	ba	ba	ba	Say that you're from the Podunk Banner and that you want to talk to her about some new policy.	You want to talk to her about a new policy	ba	contradiction
1000024	ba	ba	ba	ba	ba	ba	ba	I don't mind, therefore, that your two gentlemen are interested, or that they aren't making much headway.	Your two gentlemen are n't making much headway	ba	contradiction
1000034	ba	ba	ba	ba	ba	ba	ba	We walked up to the great door of Styles, and at once the knowledge came to us that something was wrong. 	Something was wrong	ba	contradiction
1000052	ba	ba	ba	ba	ba	ba	ba	[F]rom the moment Cecilia Bartoli's vibrant Idamante arrives on stage, the performance takes wing, her luscious, tight vibrato perfectly capturing the adolescent trauma of the young prince, says the Independent 's Mark Pappenheim.	The moment Idamante arrives on stage is when the performance begins magnificent	ba	contradiction
1000026	ba	ba	ba	ba	ba	ba	ba	This is based on the city delivery carrier total cost of $33.	The total cost for city delivery carriers is $ 33	ba	contradiction
1000024	ba	ba	ba	ba	ba	ba	ba	Based on this faulty assumption, Landsburg then goes on to make the assertion that since our grandchildren are going to be so rich, they won't mind being reduced to seeing things like trees only in photographs, and they might prefer inheriting the proceeds of economic development to inheriting the redwoods, anyway.	Our grandchildren are going to be very rich	ba	contradiction
1000018	ba	ba	ba	ba	ba	ba	ba	My publishers will kill me if I don't mention my own biography of D.P.	I mention my previous work	ba	contradiction
1000017	ba	ba	ba	ba	ba	ba	ba	Had Bork slipped up--did the Satheri know that Hanson was still alive, and had they sent Ser Perth here to locate him?	Hanson had survived	ba	contradiction
1000016	ba	ba	ba	ba	ba	ba	ba	Scuba divers should remember that the coral and other marine life are protected species and are not to be picked or damaged.	Coral is protected	ba	contradiction
1000028	ba	ba	ba	ba	ba	ba	ba	That the radical enthusiasms of 1968 left no permanent political imprint upon the Western democracies is a conclusion that a simple electoral history of the ensuing decades, the decades of Reagan, Thatcher, and Kohl, would seem sufficient to prove.	The years would be enough to make their case	ba	contradiction
1000040	ba	ba	ba	ba	ba	ba	ba	RECORD -To give expression to a transaction on (or in) the books of account	A transaction has taken place	ba	contradiction
1000025	ba	ba	ba	ba	ba	ba	ba	Ned Devine is this year's stab at The Full Monty (1997), which made more than $100 million and even snagged an Oscar nomination.	The film was able to obtain an award nomination	ba	contradiction
1000025	ba	ba	ba	ba	ba	ba	ba	Interestingly, Bradley also believes that modern European Jews are Khazars, which means he must argue not only that biblical Hebrews were Neanderthals, but that so were Khazars.	Khazars were Neanderthals	ba	contradiction
1000030	ba	ba	ba	ba	ba	ba	ba	The contrary theory is that Gingrich is flaming out in a final, futile attempt to regain his authority in the GOP.	Gingrich is making a final attempt at regaining his GOP authority	ba	contradiction
1000045	ba	ba	ba	ba	ba	ba	ba	Wanniski, who invited Farrakhan to a conference last spring, argues that a Republican-nation alliance could guarantee an unbeatable electoral majority for the GOP.	A Republican-nation alliance could guarantee an unbeatable electoral majority for the GOP , as he invited Farrakhan to a conference last spring	ba	contradiction
1000026	ba	ba	ba	ba	ba	ba	ba	The answer is that the premise must be  When productivity in emerging economies rises, so must wages--that is, the supposed situation in which these countries are able to produce sophisticated goods and services at rock-bottom prices never materializes.	When productivity rises wages must also rise	ba	contradiction
1000036	ba	ba	ba	ba	ba	ba	ba	I should have told you that.  There was no electricity here with which to power anything, and their spells could not be made to work now.	Electricity is n't available for power	ba	contradiction
1000022	ba	ba	ba	ba	ba	ba	ba	Maybe it's been a while since Bode has partied till 4 a.m., but to Pundit Central 's eyes the models look like nothing more sinister than extremely tired and slender party trash, not emaciated junkies.	The models did n't look like junkies	ba	contradiction
1000037	ba	ba	ba	ba	ba	ba	ba	Walker urged that this research not be confined to academic medical centers, but be designed and carried out in partnerships with other stakeholders, particularly community-level providers.	Learning medical institutions as well as local providers participate in and guide the research	ba	contradiction
1000028	ba	ba	ba	ba	ba	ba	ba	Experience has also shown that specific site issues, while often a planning challenge, have not prevented installations of FGD systems.	The specific site issues do n't prevent FGD from being installed	ba	contradiction
1000013	ba	ba	ba	ba	ba	ba	ba	Supposing he's dead! 	He has died	ba	contradiction
1000017	ba	ba	ba	ba	ba	ba	ba	purposes we do not need great accuracy, we only need reasonable estimates in order to examine the sensitivity of total unit cost to volume per capita.	Estimates would be fine	ba	contradiction
1000032	ba	ba	ba	ba	ba	ba	ba	What with all the headlines about Democratic Party fundraising, you might think the Dems take in more dough than the Republicans.	The one party has more cash than the other	ba	contradiction
1000022	ba	ba	ba	ba	ba	ba	ba	I think you've given him too much, Tommy, said Tuppence innocently.	Tommy had handed over too much	ba	contradiction
1000023	ba	ba	ba	ba	ba	ba	ba	'My job isn't to help,' she said.	Her job was n't to be a help	ba	contradiction
1000031	ba	ba	ba	ba	ba	ba	ba	The basic press take is that Starr is pursuing Steele to vindicate Willey.	Starr is trying to get Steele to beat Willie	ba	contradiction
1000025	ba	ba	ba	ba	ba	ba	ba	We have made subtle hints and mentioned that they need to start looking for their own place.	They need to consider moving out	ba	contradiction
1000033	ba	ba	ba	ba	ba	ba	ba	The prevailing view is that the high growth of business mail reflects the healthy growth of the U.S. economy.	Large growth of business mail reflects the growth of the U.S. economy	ba	contradiction
1000026	ba	ba	ba	ba	ba	ba	ba	Several representatives stated that an underlying requirement for communications was establishing standard terms and reporting thresholds so that the magnitude of an incident could be easily and consistently understood and members could quickly determine an incident's potential impact on them.	An underlying requirement for communications was establishing standard terms	ba	contradiction
1000023	ba	ba	ba	ba	ba	ba	ba	For a moment he caught a look of terror in her eyes.	There was fear in her eyes	ba	contradiction
1000018	ba	ba	ba	ba	ba	ba	ba	"He was the master of the left-hand, right?""Yes,"" said Adrin."	The man had the left-hand mastered	ba	contradiction
1000016	ba	ba	ba	ba	ba	ba	ba	Critics argue that the subsidy is idiotic.	The subsidy was stupid	ba	contradiction
1000016	ba	ba	ba	ba	ba	ba	ba	The bottom line is, I need a job, Clinton allegedly fondled her breasts and placed her hand against his erect penis.	Clinton fondled her breasts	ba	contradiction
1000024	ba	ba	ba	ba	ba	ba	ba	In addition to the estimated benefits of reduced damages from releases of toxic substances, EPA's analysis also highlights what the agency believes to be additional qualitative benefits including those resulting from efficiency gains, increased technology transfer, indirect cost savings, increased goodwill, and increased public awareness.	It is possible to make efficiency gains	ba	contradiction
1000025	ba	ba	ba	ba	ba	ba	ba	Human-rights groups argue that the current tribunals, having no police force to back them up, are too weak to be effective.	Without police support tribunals are essentially powerless	ba	contradiction
1000038	ba	ba	ba	ba	ba	ba	ba	Many treatment providers believe that intensity of treatment should be determined by level of alcohol problem, although controlled trials do not always support the assumption.	Treatment should be based on the level of alcohol problem	ba	contradiction
1000031	ba	ba	ba	ba	ba	ba	ba	I firmly believe these protocols will help to ensure the consistency, fairness, and effectiveness of GAO's interactions with the agencies and thereby enable GAO to better serve the Congress and the American people.	Method will help ensure how fair GAO is towards the agencies	ba	contradiction
1000054	ba	ba	ba	ba	ba	ba	ba	Using a pun on Red Herring 's name, Perkins' note appeared to imply that a Bush donation would enhance readers' relationship to the publication.	A Bush donation would enhance readers ' relationship to the publication , because he used a pun on Red Herring 's name	ba	contradiction
1000020	ba	ba	ba	ba	ba	ba	ba	The fate of the ship was undecided, and at one time it was thought that it might be scrapped, but eventually it became a tourist attraction.	The ship would be scrapped	ba	contradiction
1000027	ba	ba	ba	ba	ba	ba	ba	From dawn to dusk, a lot of the activities that interest adults are fortunately likely to appeal to children as well.	They will all enjoy	ba	contradiction
1000023	ba	ba	ba	ba	ba	ba	ba	At one point, West quotes Du Bois--with no sense of irony--to the effect that we must have honest men or we die.	We must have honest men or death	ba	contradiction
1000037	ba	ba	ba	ba	ba	ba	ba	GAO, based on its own work as well as a review of other applicable studies of approaches to the organization and structure of entities, has concluded that the Congress should consider utilizing specific criteria as a guide to creating and implementing the new department.	Congress should think about utilizing specific criteria as a guide to create the new department	ba	contradiction
1000027	ba	ba	ba	ba	ba	ba	ba	Monti believed that a decision to screen only for patients with severe alcohol problems is premature.	It was time to screen for severe alcohol problems	ba	contradiction
1000024	ba	ba	ba	ba	ba	ba	ba	The ruling, which is expected in June, will turn on the court's interpretation of the White House counsel's mandate . No legal precedent presages the decision.	The ruling will be delivered in June	ba	contradiction
1000056	ba	ba	ba	ba	ba	ba	ba	Biblical tradition says that the southeastern corner of the Temple Mount is the Pinnacle of the Temple, where Jesus was tempted by Satan.	The southeastern corner of the Temple Mount is where Jesus was tempted by Satan	ba	contradiction
1000025	ba	ba	ba	ba	ba	ba	ba	These estimates also suggest that increasing U.S. national saving would not substantially decrease the return to capital and therefore could provide significant improvement to future incomes and consumption.	Raising national saving would not bring capital back	ba	contradiction
1000017	ba	ba	ba	ba	ba	ba	ba	New York 's John Simon, the lone sniper, says the play deserved to languish in obscurity because of its annoying cuteness.	The play was annoying	ba	contradiction
1000040	ba	ba	ba	ba	ba	ba	ba	In absence of its own standards, the Commission defined small business with respect to cellular services by utilizing the SBA definition for radiotelephone companies, e.g., an entity employing less than 1,500 persons.	A `` small business '' was based on its cellular services by utilizing the SBA definition for radiotelephone companies	ba	contradiction
1000048	ba	ba	ba	ba	ba	ba	ba	As to whether Lana would have sat in the car, Peirce admits that it's possible, but that it wouldn't have been as dramatic.	It 's possible that Lana would have sat in the car , but that would n't have been as dramatic	ba	contradiction
1000033	ba	ba	ba	ba	ba	ba	ba	Many of Knight's fellow minority law students also were interested in public service, she said.	Many of Knight 's fellow minority law students were also interested in public service	ba	contradiction
1000029	ba	ba	ba	ba	ba	ba	ba	The assumption of ACI as a mercury control method will be more conservative with regard to sorbent consumption since it will assume that all of the facilities installing sorbent injection for mercury control require AC.	The facilities installing sorbent injection for mercury control require AC	ba	contradiction
1000029	ba	ba	ba	ba	ba	ba	ba	The other story suggests that the young pundits on MSNBC may represent a sea change in American politics.	The young MSMBC experts may signal a sea change in US politics	ba	contradiction
1000048	ba	ba	ba	ba	ba	ba	ba	The home secretary asserted that most defendants demand jury trials for no good reason other than to delay proceedings.	Most defendants are just trying to delay proceedings when they demand a jury trial	ba	contradiction
1000026	ba	ba	ba	ba	ba	ba	ba	99 percent of the parts built on that process will be within the specified limits.	Way will be within the limits	ba	contradiction
1000035	ba	ba	ba	ba	ba	ba	ba	Yet Columbus (Columbo in Portuguese) returned six years later, by which time evidence suggests that he had become an experienced sugarcane merchant.	He had become experienced	ba	contradiction
1000020	ba	ba	ba	ba	ba	ba	ba	Still, writes Stewart, you have to plan well.	You have to plan well	ba	contradiction
1000021	ba	ba	ba	ba	ba	ba	ba	"I suppose, said Lawrence quietly, ""that I should."""	He probably should have done it	ba	contradiction
1000018	ba	ba	ba	ba	ba	ba	ba	"The woman said, in low, hurried tones, ""Really, dear, cook's that upset."	The cook was very upset	ba	contradiction
1000044	ba	ba	ba	ba	ba	ba	ba	Queen Victoria, who in the year 1876 would add the title Empress of India to her roll of honor, proclaimed that the Indian Civil Service would be open to  our subjects of whatever race and creed.  	The Indian Civil Service would be open to all demographics	ba	contradiction
1000037	ba	ba	ba	ba	ba	ba	ba	The Greek-Catholic Church in the centre of the animated market is the site of the synagogue where Jesus is said to have preached as a young man.	Jesus preached	ba	contradiction
1000016	ba	ba	ba	ba	ba	ba	ba	"Red said, ""Well, I was sort of--"""	He was kind of	ba	contradiction
1000039	ba	ba	ba	ba	ba	ba	ba	We must be careful not to employ screening techniques that do not address important subgroups.	The methods we are using to filter are not excluding relevant subgroups	ba	contradiction
1000047	ba	ba	ba	ba	ba	ba	ba	LSC had long noted that grantee programs provide referrals and community legal education, that they engage in outreach, and that they work cooperatively with other groups to address the needs of the low income community.	Grantee programs provide referals and legal education , engage in outreach , and work with groups to help needy low income communities	ba	contradiction
1000039	ba	ba	ba	ba	ba	ba	ba	And, Santayana asked me to add that Those who cannot remember the past are condemned to repeat it.	I add that those who forget the past are doomed to repeat it	ba	contradiction
1000023	ba	ba	ba	ba	ba	ba	ba	The FCC estimates that there will be 3,251 respondents with an estimated burden cost of $3,192 per respondent, and the total annual burden hours are estimated at 145,895.	The 3,251 respondents will cost $ 3,192 each	ba	contradiction
1000064	ba	ba	ba	ba	ba	ba	ba	According to Newsweek , Clinton attorney David Kendall is gathering dirt about Lewinsky's mendacity and presidential obsession.	A confederate of Hillary Clinton 's is seeking out dirty information about Monica Lewinsky	ba	contradiction
1000029	ba	ba	ba	ba	ba	ba	ba	In any event, the synergies in reducing total steel requirement over what would be needed for individual units is expected to be small.	The synergies to reduce steel needs will be small	ba	contradiction
1000029	ba	ba	ba	ba	ba	ba	ba	One of them Splendid China purports to show all of China in one day. 	It can show all of China in a single day	ba	contradiction
1000025	ba	ba	ba	ba	ba	ba	ba	France seized the chance to install the young grandson of Louis XIV on the Spanish throne.	Louis XIV would be the new ruler of Spain	ba	contradiction
1000021	ba	ba	ba	ba	ba	ba	ba	It is true it is told from the point of view primarily of those who tried to save preference, and one may be able to take issue with some of the journalistic flourishes, as you do, but aside from characterization of the participants I don't detect bias.	Accusations of bias are unfounded	ba	contradiction
1000022	ba	ba	ba	ba	ba	ba	ba	Heard tell as how once he was plannin' to be a real doc hisself.	He was planning to become a real doctor	ba	contradiction
1000016	ba	ba	ba	ba	ba	ba	ba	And you just happened to be on the spot, said Tommy.	You were very accurate	ba	contradiction
1000052	ba	ba	ba	ba	ba	ba	ba	Someone else made her trash her house and scrawl imprecations on the walls, but cutting her wrists, she says, giggling, was all her own work.	Someone else forced her to ruin her house and write on the walls	ba	contradiction
1000031	ba	ba	ba	ba	ba	ba	ba	Which might suggest that real business news is no more popular than it ever was.	Real business news is just as popular as it ever was	ba	contradiction
1000041	ba	ba	ba	ba	ba	ba	ba	If you can get up early enough, you can attend the pre-dawn auction held at the vast local wholesale fish market; otherwise, have a look at the street market that goes on later in the day.	You can get up early enough	ba	contradiction
1000019	ba	ba	ba	ba	ba	ba	ba	Sixteen to one, came a cry.	There was sixteen to one	ba	contradiction
1000030	ba	ba	ba	ba	ba	ba	ba	As the local chamber of commerce hilariously puts It is not only effective for overall beauty, but also for whiplash injuries caused by traffic accidents, and popular with newlyweds. 	It 's effective for whiplash injuries	ba	contradiction
1000025	ba	ba	ba	ba	ba	ba	ba	An assumed growth rate of US steel demand was chosen at 3 percent, a typical number for growth in GDP.	Growth rate of US steel was 3 %	ba	contradiction
1000038	ba	ba	ba	ba	ba	ba	ba	We have in some cases stated that when an excepting proviso is found unconstitutional the substantive provisions which it qualifies cannot stand, for to hold otherwise would be to extend the scope of the law . . . so as to embrace [situations] which the legislature passing the statute had, by its very terms, expressly excluded.	When a proviso is unconstitutional , the provisions it qualifies ca n't stand	ba	contradiction
1000028	ba	ba	ba	ba	ba	ba	ba	"How did you hear I wanted a houseparlourmaid?"""	I desired to be a houseparloumaid	ba	contradiction
1000024	ba	ba	ba	ba	ba	ba	ba	It's too early for the polls to mean anything, they say.	The polls ca n't mean anything at this stage	ba	contradiction
1000045	ba	ba	ba	ba	ba	ba	ba	Both Rivera and Bye added that despite the pinch in federal support, the generosity of their local bar associations and the Legal Aid Foundation keep the neediest in Northern Colorado well-represented.	Local bar associations and the Legal Aid Foundation had helped the needy in Northern Colorado despite federal support being pinched	ba	contradiction
1000014	ba	ba	ba	ba	ba	ba	ba	Something changed and everyone saw it.	Something had changed	ba	contradiction
1000030	ba	ba	ba	ba	ba	ba	ba	Romans who delight in Bernini's scorn for his rivals suggest that the Nile god covers his head rather than look at Borromini's church of Sant'Agnese in Agone, and the river god of the Americas is poised to catch it in case it collapses.	The Nile god prefers not to look at Sant ` Agnese in Agone	ba	contradiction
1000029	ba	ba	ba	ba	ba	ba	ba	They were writers, and therefore in a position to arrange their own schedules, correct?	As writers they could arrange their own schedule	ba	contradiction
1000044	ba	ba	ba	ba	ba	ba	ba	Domestic violence accounted for five of 12 murders in 2001 in Jackson, police have said.	Five of 12 murders that occured in Jackson in 2001 were cases of domestic violence	ba	contradiction
1000032	ba	ba	ba	ba	ba	ba	ba	The current capacity was originally built overseas to meet overseas demand or was subsequently built to meet U.S. demand for catalyst spurred by the NOX SIP Call and the build up of gas turbine power plants in the U.S.	An increased in catalyst capacity	ba	contradiction
1000026	ba	ba	ba	ba	ba	ba	ba	As the court reasoned in 1976, the message implicit in a campaign contribution--I support Candidate X--has little to do with the size of the contribution.	Support has little to do with contribution size	ba	contradiction
1000026	ba	ba	ba	ba	ba	ba	ba	For this purpose, a classification of worksharing types is proposed, with no requirement that the types be mutually exclusive.	The worksharing types be mutually exclusive in this proposal	ba	contradiction
1000019	ba	ba	ba	ba	ba	ba	ba	In its place, Neuharth declared, USA Today delivered a journalism of hope--an enterprise one can imagine James franchising under his Will to Believe.	USA Today was a hopeful newspaper	ba	contradiction
1000029	ba	ba	ba	ba	ba	ba	ba	"He is, of course, a German by birth, said Poirot thoughtfully, ""though he has practiced so long in this country that nobody thinks of him as anything but an Englishman. "	He had taken on the behaviors of someone from England	ba	contradiction
1000034	ba	ba	ba	ba	ba	ba	ba	Specifically, the majority of employees that responded indicated that they did not understand their workgroup's role in implementing FHWA's corporate management strategies that were based on the Malcolm Baldridge National Quality Award and the Presidential Quality Award Criteria-leadership, strategic planning, customer and partner focus, information and analysis, human resource development and management, process management, and business results.	They did not understand their role in implementing certain management strategies	ba	contradiction
1000029	ba	ba	ba	ba	ba	ba	ba	According to USA Today , most of the country will experience cloudy but good weather Tuesday.	There will be cloudy weather on Tuesday	ba	contradiction
1000017	ba	ba	ba	ba	ba	ba	ba	It's very difficult but you get very creative, she said. 	The difficulty was pretty high	ba	contradiction
1000023	ba	ba	ba	ba	ba	ba	ba	Trying to summon and express good judgment may be next to impossible--even good judgment about what will sell.	Good judgment is impossible in this case	ba	contradiction
1000033	ba	ba	ba	ba	ba	ba	ba	Elinor Walker commented that something about an intervention must be standardized in order to assess its cost-effectiveness.	An intervention needs to be assessed for how cost-effective it is	ba	contradiction
1000037	ba	ba	ba	ba	ba	ba	ba	Hungerford proposed that just as screening research should be carried out in the context of protocols that include interventions, those protocols should be integrated with the whole system of ED operations.	Screening research should be done in context of intervention protocols	ba	contradiction
1000030	ba	ba	ba	ba	ba	ba	ba	But the data on marine casualties indicated that accidents were often caused, not by deficiencies in the vessels or other factors, but by human error.	Accidents were often caused by human error .	ba	contradiction
1000023	ba	ba	ba	ba	ba	ba	ba	The more important concessions, however, were 1) Liggett's admission that the industry had consciously marketed tobacco to minors (which will increase congressional support for stiff regulation of the industry) and 2) its release--temporarily blocked by a North Carolina court--of documents from strategy meetings among lawyers for the five biggest tobacco companies, which industry critics believe will prove a conspiracy of deceit.	Tobacco had purposely been marketed to minors	ba	contradiction
1000019	ba	ba	ba	ba	ba	ba	ba	Clients could rarely, if ever, earn a positive net interest.	The clients earn a positive net interest	ba	contradiction
1000026	ba	ba	ba	ba	ba	ba	ba	According to LSC, a grantee in that position could argue as well that an agency policy violated existing law.	The policy was illegal	ba	contradiction
1000021	ba	ba	ba	ba	ba	ba	ba	Bob White, a respected Baltimore memorabilia dealer and owner of one of the world's largest collection of shrunken heads (35 and counting), says the Vietnam trophy skulls would find buyers.	Some people will buy Vietnam trophy skulls	ba	contradiction
1000024	ba	ba	ba	ba	ba	ba	ba	A sidebar repeats the traditional wisdom that Jordan helped advertisers become colorblind.	Jordan helped advertisers go beyond race	ba	contradiction
1000019	ba	ba	ba	ba	ba	ba	ba	News accounts agree that Arafat has finally shed his image as a terrorist and is now being honored by the White House not only as a virtual head of state but as the indispensable player in the peace process.	Arafat had repaired his image	ba	contradiction
1000024	ba	ba	ba	ba	ba	ba	ba	I hope we have not tired you?	You have not been made tired by us	ba	contradiction
1000032	ba	ba	ba	ba	ba	ba	ba	Until 1994 the stage for spectacular open-air operas in the summer, the calidarium was vast enough for the unique setting of Verdi's Aida and its processions of elephants, camels, and endless cast.	It could accommodate hoards of camels and elephants	ba	contradiction
1000020	ba	ba	ba	ba	ba	ba	ba	But, honestly, I don't think much of the idea.	The idea has much merit	ba	contradiction
1000032	ba	ba	ba	ba	ba	ba	ba	Wastes generated during toxicity testing must be properly handled and disposed of in an appropriate manner.	Any waste arising from toxicity testing is properly received and gotten rid of	ba	contradiction
1000029	ba	ba	ba	ba	ba	ba	ba	Pundit  Last week, President Clinton claimed on Meet the Press that he hasn't eaten at McDonald's since becoming president.	Since becoming President , he has not eaten at McDonald 's	ba	contradiction
1000035	ba	ba	ba	ba	ba	ba	ba	I could only hope that we had enough time to clear the blast radius.	We were fast enough to get out of the bomb 's impact zone	ba	contradiction
1000018	ba	ba	ba	ba	ba	ba	ba	Following this, ancient Egyptians believed that the monument possessed prophetic powers and it still has a mysterious hold on the modern psyche.	The monument possessed prophetic powers	ba	contradiction
1000026	ba	ba	ba	ba	ba	ba	ba	In an emergency department (ED) study of injured crash victims who had been drinking, Cherpitel found that more than one-third linked their drinking to being injured and thus were deemed good candidates for brief intervention.	More than one-third linked their drinking to being injured	ba	contradiction
1000036	ba	ba	ba	ba	ba	ba	ba	DEAR SIR, Referring to your advertisement in this morning's paper, I may be able to be of some use to you.	I may be useful to you	ba	contradiction
1000025	ba	ba	ba	ba	ba	ba	ba	The experience of stagflation--the combination of inflation and unemployment--badly damaged the prestige of economists in general and macroeconomics in particular, even though it was not that much of a theoretical surprise.	Stagflation would hurt the reputation of economists	ba	contradiction
1000025	ba	ba	ba	ba	ba	ba	ba	But prophecy is always strongest when based on coincidence--that is a prime rule.	Prophecies derived from coincidence are the strongest	ba	contradiction
1000017	ba	ba	ba	ba	ba	ba	ba	Pundit Central is shocked-- shocked!	It happened	ba	contradiction
1000032	ba	ba	ba	ba	ba	ba	ba	"The atomic bombs, returned the Astronomer, ""need not be the end of civilization."	Atomic bombs did n't have to spell the end of the world	ba	contradiction
1000040	ba	ba	ba	ba	ba	ba	ba	Do begin again, and Prudie predicts 1999 will be your year.	The year 1999 will be a lucky one for you	ba	contradiction
1000040	ba	ba	ba	ba	ba	ba	ba	Perhaps it is time I strolled round to the Ritz, agreed Tommy with a grin.	It was perhaps time for him to stroll round to the Ritz	ba	contradiction
1000019	ba	ba	ba	ba	ba	ba	ba	EPA has determined that the impacts would be minimal or nonexistent because, among other reasons, the phase-in of the remanufacturing requirements combined with the compliance flexibility given to small businesses during the initial years of the program will allow them to make the transition into the new marketplace for certified remanufactures without hardship.	The impacts will be very large	ba	contradiction
1000044	ba	ba	ba	ba	ba	ba	ba	Many dispute the modern scientific tests that have proven it to be a medieval fabrication, and crowds of faithful and merely curious still visit its black marble chapel, a masterpiece of Guarini's High Baroque, with its cone-shaped, six-tiered dome formed by a web of intersecting arches that rise to a 12-pointed star.	It is a falsehood from the medieval era	ba	contradiction
1000026	ba	ba	ba	ba	ba	ba	ba	But in child care, as in the behavioral sciences generally, we could have saved ourselves a lot of time and trouble by recognizing at the outset that people are animals, and pondering the implications of that fact.	People are animals	ba	contradiction
1000020	ba	ba	ba	ba	ba	ba	ba	Meanwhile, many members gripe that while the nation's businesses founder, Farrakhan and his closest advisers live in opulence, owning multiple homes and driving luxury cars.	The Farrakhan spends too much money	ba	contradiction
1000038	ba	ba	ba	ba	ba	ba	ba	And frankly, we do not pursue state planning because we want our naysayers to believe that LSC has reformed itself.	LSC has reformed itself	ba	contradiction
1000037	ba	ba	ba	ba	ba	ba	ba	Finally, OMB noted that the development and refinement of performance measures will be an ongoing process.	It expects creation and improvement of these measures will continue .	ba	contradiction
1000026	ba	ba	ba	ba	ba	ba	ba	'I really don't see why you're so impressed,' Derry said.	He was n't sure why you were impressed	ba	contradiction
1000033	ba	ba	ba	ba	ba	ba	ba	They did not believe that every agency should be required to have a regulations link on its home page, noting that many different organizational units and interests are vying for space on agencies' home pages.	Every organization should not have to have a regulations link on their home page	ba	contradiction
1000055	ba	ba	ba	ba	ba	ba	ba	Our 1996/97 survey of federal managers found that less than one-third of non-SES managers felt that to a great or very great extent they had the decisionmaking authority needed to accomplish strategic goals.	Less than one-third of non-SES managers felt that to a great or very great extent they had the decisionmaking authority	ba	contradiction
1000021	ba	ba	ba	ba	ba	ba	ba	Smith's press secretary, Ken Wolfe, boasts that by offering that bill, We have called their bluff.	Proposing the bill calls their bluff	ba	contradiction
1000025	ba	ba	ba	ba	ba	ba	ba	She noted that the short and long MAST for geriatric patients have been modified, eliminating the problems.	The short MAST for geriatric patients had been changed	ba	contradiction
1000024	ba	ba	ba	ba	ba	ba	ba	If there's no magic formula for the perfect bargain each person will have his own psychological approach you should avoid two  Don't be too eager, and don't, on the other hand, assume everybody is out to cheat you.	Every person intends to deceive you	ba	contradiction
1000044	ba	ba	ba	ba	ba	ba	ba	The plan, Thompson explained, enhances the likelihood of the lawyer having to look over his shoulder.	The plan increases the chances of lawyers having to cover their own butts	ba	contradiction
1000021	ba	ba	ba	ba	ba	ba	ba	Not because discussing them in public might violate the rules but because making proffers public seldom makes tactical sense . In discussing Lewinsky's proffer, Ginsburg suggests that Lewinsky either has already lied or will do so in the future for the right deal.	Lewinsky has lied or will lie	ba	contradiction
1000040	ba	ba	ba	ba	ba	ba	ba	He likes to cite Kerouac's I am not anti-anything (except racists and certain big corporations).	He is not anti-anything except racists and some big corporations , a line by Kerouac	ba	contradiction
1000029	ba	ba	ba	ba	ba	ba	ba	There are those who believe that if only the media would treat the public with proper respect, people would respond by acting responsibly--that they would turn away from salacious stories about celebrities and read earnest articles about the flat-panel-display initiative instead.	People would act more responsible if the media was respectful	ba	contradiction
1000021	ba	ba	ba	ba	ba	ba	ba	However, the census bureau's adjusted estimates for 2001 show an increase in poverty nationally. 	Poverty went up	ba	contradiction
1000032	ba	ba	ba	ba	ba	ba	ba	According to an editorial in the Daily Telegraph , The decision is cause for collective rejoicing among those who deplore Mr. Fayed's malevolent influence on our public affairs, particularly his disgraceful claim that the British secret services assassinated Diana, Princess of Wales.	Mr. Fayed made a disgraceful claim about the assassination of Princess Diana	ba	contradiction
1000023	ba	ba	ba	ba	ba	ba	ba	She thought state and federal policymakers should also be included in the statement.	All policymakers be included in the statement	ba	contradiction
1000028	ba	ba	ba	ba	ba	ba	ba	The third issue is addressed by assuming that deaths from chronic obstructive pulmonary disease (COPD) are advanced by 6 months, and deaths from all other causes are advanced by 5 years.	Deaths from COPD are 6 months sooner	ba	contradiction
1000041	ba	ba	ba	ba	ba	ba	ba	Such maneuvers can mean only one thing stolen animals are being gathered for a run to the border.	Animals that have been stolen are being grouped together for a run to the border	ba	contradiction
1000018	ba	ba	ba	ba	ba	ba	ba	He'll never know, said Julius.	Another man will never know	ba	contradiction
1000036	ba	ba	ba	ba	ba	ba	ba	If you'd said in Slate that you thought I didn't talk enough about this, that would have been a reasonable comment.	In Slate , I did n't talk enough about this	ba	contradiction
1000027	ba	ba	ba	ba	ba	ba	ba	The White House called the cuts a huge risk for the country, and Rep.	The cuts would have negative effects on the country	ba	contradiction
1000054	ba	ba	ba	ba	ba	ba	ba	Unfortunately, the vice-dean, who also thought that Ms. Ceracz fancied him, was among those who started to avoid the professor and walk backwards.	Ms. Ceracz fancied him	ba	contradiction
1000126	ba	ba	ba	ba	ba	ba	ba	The peculiar result of the credibility of modern central bankers as inflation hawks is that no matter how much money the Bank of Japan prints now , it doesn't  It can't lower the nominal interest rate, because that rate is already zero, and because people don't believe that it will allow inflation to break out any time in the future, it can't lower the real interest rate either.	It will allow inflation to break out any time in the future	ba	contradiction
1000020	ba	ba	ba	ba	ba	ba	ba	Various witnesses testified to the accuracy of these statements. 	These statements were correct	ba	contradiction
1000024	ba	ba	ba	ba	ba	ba	ba	Now they'll imagine we're going to Mr. Carter.	We are going to Mr. Carter now	ba	contradiction
1000024	ba	ba	ba	ba	ba	ba	ba	I merely realized that it was possible, from your story, for Monsieur Lawrence to go to the poison cupboard. 	Monsieur Lawrence could have gone to the poison cupboard	ba	contradiction
1000028	ba	ba	ba	ba	ba	ba	ba	Another wasted day, the ex-model said to her reflection in a huge tv screen and switched the channel to a women's talk-show:	The day was a waste while turning on the talk-show	ba	contradiction
1000049	ba	ba	ba	ba	ba	ba	ba	In her first ED study, CAGE, BMAST, AUDIT, and TWEAK were less sensitive among females, whites, and non-injured patients.	CAGE , BMAST , AUDIT , and TWEAK were not as sensitive with females , whites and non injured individuals	ba	contradiction
1000016	ba	ba	ba	ba	ba	ba	ba	The canvas appeared to be burned, worried Slim.	The canvas was burned	ba	contradiction
1000031	ba	ba	ba	ba	ba	ba	ba	And restructuring taxes should, at least in theory, encourage desirable types of economic behavior such as hard work, saving, and investment.	People will invest more If they pay less in taxes	ba	contradiction
1000057	ba	ba	ba	ba	ba	ba	ba	This analysis was revised when it was determined that the interim program, which began on January 1, 1995, would last 30 months rather than 18 months and there were changes in the estimated cost of deposit control testing and the addition, in the final rule, of a required deposit demonstration test to qualify test fuels for certification testing purposes.	The interim program , which began on January 1 , 1995 , would last 30 months rather than 18 months	ba	contradiction
1000023	ba	ba	ba	ba	ba	ba	ba	"WE'RE GOING TO SHOP!"" To most people the 29th, the much-heralded ""Labour Day,"" had passed much as any other day."	Labour Day was just like any other ordinary day	ba	contradiction
1000025	ba	ba	ba	ba	ba	ba	ba	"Anyway, snarled Whittington, ""you knew enough to come in here and plump out that name."""	You knew enough to plump out that name	ba	contradiction
1000023	ba	ba	ba	ba	ba	ba	ba	Then all I can say is that your ideas of humour are peculiar, my dear Rita. Mrs. Vandemeyer smiled.	Rita had a weird sense of humor	ba	contradiction
1000022	ba	ba	ba	ba	ba	ba	ba	"The doctor no longer practiced, had retired, the landlord believed, but he took a few private patients here the good fellow tapped his forehead knowingly ""balmy ones! "	The doctor no longer was in practice	ba	contradiction
1000029	ba	ba	ba	ba	ba	ba	ba	What's more, in our egalitarian times people resent the privilege that serves to insulate a somewhat random quasi-aristocracy from contact with citizens.	Other people have privilege and for a sort of aristocracy	ba	contradiction
1000033	ba	ba	ba	ba	ba	ba	ba	But the assumption that change would center around these two subclass may not be a good one.	The changes happen near these two subclasses	ba	contradiction
1000024	ba	ba	ba	ba	ba	ba	ba	Masonry came to be seen, as Hofstadter put it, as a standing conspiracy against republican government.	Masonry was an ongoing conspiracy against the republican government	ba	contradiction
1000018	ba	ba	ba	ba	ba	ba	ba	Locals, who believed that the house was haunted by her spirit, buried her nearby so that she could be reunited with her body and rest in peace.	The house was haunted	ba	contradiction
1000017	ba	ba	ba	ba	ba	ba	ba	You said just now that you had a long memory.	You have a good memory	ba	contradiction
1000051	ba	ba	ba	ba	ba	ba	ba	Another surprise was that in the new study, a single intervention session at the time of the emergency visit made no difference in any outcome measures at either 3 months or 1 year.	Single intervention sessions at the time of the emergency visit did n't make a difference to the outcome	ba	contradiction
1000026	ba	ba	ba	ba	ba	ba	ba	Based on its economic impact, the rule was determined by the Office of Management and Budget to be a significant regulatory action within the meaning of Executive Order	The rule was a regulatory action	ba	contradiction
1000030	ba	ba	ba	ba	ba	ba	ba	"Don't be scared I shan't expect you to love me all at once."" But a small hand was slipped into his."	It will take some time for you to love me	ba	contradiction
1000024	ba	ba	ba	ba	ba	ba	ba	"Th' boys he nodded at Drew and Anse ""were sittin' at that table, mindin' their own business."	The boys were interfering in anyone else 's business	ba	contradiction
1000040	ba	ba	ba	ba	ba	ba	ba	Notice the clever use of lighting wells to illuminate the lowest stories (there were four altogether).	The lighting wells are used in a clever manner to illuminate the lowest of the four stories	ba	contradiction
1000046	ba	ba	ba	ba	ba	ba	ba	Computer users, and others with access to information resources, cannot be expected to comply with policies that they are not aware of or do not understand.	Computer users comply with policies they do n't understand or were not made aware of	ba	contradiction
1000019	ba	ba	ba	ba	ba	ba	ba	It requires each federal agency to develop, no later than by the end of fiscal year 1997, strategic plans that cover a period of at least 5 years and include the agency's mission statement; identify the agency's long-term strategic goals; and describe how the agency intends to achieve those goals through its activities and through its human, capital, information, and other resources.	The federal agencies all develop strategic plans	ba	contradiction
1000027	ba	ba	ba	ba	ba	ba	ba	"Julius uncrossed his legs brusquely and continued: ""Just shows what an almighty fool a man can make of himself! "	A man can make a really big fool of himself	ba	contradiction
1000020	ba	ba	ba	ba	ba	ba	ba	How do these people decide that their doctor is the best?	Their doctor is superior	ba	contradiction
1000021	ba	ba	ba	ba	ba	ba	ba	'This was a demonstration of power- to show you all that they are vulnerable, that one man can take them on and win.	They are vulnerable	ba	contradiction
1000022	ba	ba	ba	ba	ba	ba	ba	Participants stated that such a group was proposed by the Jenkins Committee, but it was never established.	A group was proposed but never created	ba	contradiction
1000023	ba	ba	ba	ba	ba	ba	ba	He knew without question that he was well.	He was well	ba	contradiction
1000027	ba	ba	ba	ba	ba	ba	ba	He recognized it at once for that of the bearded and efficient German, and lay artistically inert.	It was that of the German with the beard	ba	contradiction
1000036	ba	ba	ba	ba	ba	ba	ba	And those words coupled with our revelations prophesy that _you_--not your uncle--can do the impossible.	You are the one who can do an impossible task , not your uncle	ba	contradiction
1000018	ba	ba	ba	ba	ba	ba	ba	Sometimes another shock does the trick.	Sometimes , another shock works	ba	contradiction
1000021	ba	ba	ba	ba	ba	ba	ba	I'm not sure it is right, in ways I hope it is wrong, and in the end, Richard, you might be  It might just not add up.	It is not right	ba	contradiction
1000028	ba	ba	ba	ba	ba	ba	ba	He also denied having quarrelled with his wife. 	He had not gotten into an altercation with his spouse	ba	contradiction
1000023	ba	ba	ba	ba	ba	ba	ba	The Young Adventurers take a lot of killing, boasted Tuppence.	The Young Adventurers take a lot of killing	ba	contradiction
1000028	ba	ba	ba	ba	ba	ba	ba	However, they said that such measurements would be difficult because it is costly to do the research and recordkeeping necessary to develop information on (1) the full cost of controls--both the initial cost and operational inefficiencies associated with the controls--and (2) the full cost of incidents or problems resulting from inadequate controls.	These measurements are costly because of the research and record keeping expenses	ba	contradiction
1000038	ba	ba	ba	ba	ba	ba	ba	This uncertainty is reflected in contractor estimates that more than 50 percent of the time charged to build the initial production missiles will be for engineering activities.	Engineering activities will take up more than half of the time charged for initial production	ba	contradiction
1000019	ba	ba	ba	ba	ba	ba	ba	I would encourage a reinterpretation of the exclusionary principle to keep criminals in jail where they belong, but only if the cops and prosecutors are severely punished for their crimes as well.	Criminals should stay in jail	ba	contradiction
1000020	ba	ba	ba	ba	ba	ba	ba	Another says an orphan was killed, salted, and eaten.	An orphan we salted and eaten	ba	contradiction
1000023	ba	ba	ba	ba	ba	ba	ba	Bush believed that Tucker was sincerely penitent and that she wanted to escape execution in order to help set other prisoners straight.	Tucker would like to help other prisoners	ba	contradiction
1000016	ba	ba	ba	ba	ba	ba	ba	Participants stated that the existing system for identifying board members might not always be attracting the right people.	System is n't working	ba	contradiction
1000027	ba	ba	ba	ba	ba	ba	ba	You don't have to pretend that you're not.	You are n't	ba	contradiction
1000024	ba	ba	ba	ba	ba	ba	ba	9 million, implying an increase of $109.	There was an increase of $ 109	ba	contradiction
1000022	ba	ba	ba	ba	ba	ba	ba	The key to peace lay in Nixon's decision to jettison his demand that Ho Chi Minh withdraw from South Vietnam--a demand that he could have renounced four years earlier, sparing 18,000 American lives.	Ho Chi Minh could stay in South Vietnam	ba	contradiction
1000038	ba	ba	ba	ba	ba	ba	ba	Those who already know Italy well will inevitably feel that a few of their favorite spots have been neglected (though they may also be grateful to not have their secret exposed), while they'll find others they never heard of.	A few of their favourite spots have been neglected	ba	contradiction
1000018	ba	ba	ba	ba	ba	ba	ba	"Shall I call a taxi?"" Tommy nodded."	They should call a taxi	ba	contradiction
1000018	ba	ba	ba	ba	ba	ba	ba	This took place in September 1997, with the majority supporting the creation of a Scottish Parliament, although many strident nationalists thought the proposals did not go far enough.	The proposals were too mild	ba	contradiction
1000033	ba	ba	ba	ba	ba	ba	ba	Fiss believes that the need for equal-time laws is as urgent today as it was in the 1970s, which is peculiar in light of the proliferation of media outlets.	Equal-time laws are just as important now as they were in the 1970s	ba	contradiction
1000023	ba	ba	ba	ba	ba	ba	ba	We have never been a moral majority, concedes one.	We have always been a moral minority	ba	contradiction
1000023	ba	ba	ba	ba	ba	ba	ba	"Isn't it possible that, as Inglethorp brought him through the hall, the doctor dropped something into the coffee in passing?"""	The doctor dropped something in the coffee	ba	contradiction
1000020	ba	ba	ba	ba	ba	ba	ba	"That's a lie!  ""Of course,"" Bork said mildly."	He had been lied to	ba	contradiction
1000018	ba	ba	ba	ba	ba	ba	ba	She agrees with me that one must set an example of economy. 	One must set an example	ba	contradiction
1000019	ba	ba	ba	ba	ba	ba	ba	The media focused on Liggett's admissions of the obvious--that cigarettes are addictive and cause cancer and heart disease--and its agreement to pay the states a quarter of its (relatively small) pretax profits for the next 25 years.	Cigarettes are harmful to health	ba	contradiction
1000025	ba	ba	ba	ba	ba	ba	ba	And do you agree with him that it was worth having made the start, even if the end was likely to be bad?	It was probably going to end badly	ba	contradiction
1000031	ba	ba	ba	ba	ba	ba	ba	I don't see how anyone could blame us for jumping to the conclusions we did. 	We can not be rebuked for the conclusions that we made	ba	contradiction
1000018	ba	ba	ba	ba	ba	ba	ba	1) Krugman claims that my opening sentence--In a way, Bill Gates's current troubles with the Justice Department grew out of an economics seminar that took place thirteen years ago, at Harvard's John F. Kennedy School of Government--is pure fiction.	My opening sentence is not true	ba	contradiction
1000024	ba	ba	ba	ba	ba	ba	ba	Calling bused students cogs in an experimental machine, Potter declared that all vestiges of harm wrought by the Jim Crow-era dual school system have evaporated.	The damage done by dual schools is gone	ba	contradiction
1000019	ba	ba	ba	ba	ba	ba	ba	I don't know, said the girl truthfully.	She did n't know	ba	contradiction
1000019	ba	ba	ba	ba	ba	ba	ba	Then he realized that there was no window.	There were no windows	ba	contradiction
1000024	ba	ba	ba	ba	ba	ba	ba	There are assertions that Chinese donations to members of Congress swayed Congress' 1994 vote to renew MFN.	Congress renewed MFN because of Chinese donations	ba	contradiction
1000061	ba	ba	ba	ba	ba	ba	ba	It means that she has discovered Monsieur Lawrence does not dislike her as much as she thought, replied Poirot philosophically. 	It means that she now realises that Monsieur Lawrence 's dislike of her is not as strong as she believed it to be	ba	contradiction
1000029	ba	ba	ba	ba	ba	ba	ba	The mergers required that the organization quickly adopt new organizational structures and address new business requirements.	The organization rapidly follow new organizational structures and address new business essentials	ba	contradiction
