1000022	ba	ba	ba	ba	ba	ba	ba	Lewis Grizzard asked that his ashes be thrown into the sea.	His ashes be thrown into the sea	ba	contradiction
1000041	ba	ba	ba	ba	ba	ba	ba	Senior executives felt that in the circumstances it made more sense to work together than to drag each other down.	In the circumstances it made more sense to work together than to drag each other down	ba	contradiction
1000031	ba	ba	ba	ba	ba	ba	ba	My belief is that we cannot be rebuked for the conclusions that we made.	We can not be rebuked for the conclusions that we made	ba	contradiction
1000019	ba	ba	ba	ba	ba	ba	ba	The report claims that the overestimation is spot on.	The overestimation is spot on	ba	contradiction
1000021	ba	ba	ba	ba	ba	ba	ba	Dave Hanson admitted that he had prepared breakfast that morning.	He had prepared breakfast that morning	ba	contradiction
1000019	ba	ba	ba	ba	ba	ba	ba	It is thought that total volume won't change.	Total volume wo n't change	ba	contradiction
1000041	ba	ba	ba	ba	ba	ba	ba	Thinking back to how reticent she had been in her demeanor, he assumed that she had been watched. 	She had been watched	ba	contradiction
1000031	ba	ba	ba	ba	ba	ba	ba	All of the migrant workers said that they felt fine and the business continued.	They felt fine and the business continued	ba	contradiction
1000035	ba	ba	ba	ba	ba	ba	ba	At he beginning of their career they did not think that major events would happen for them. 	Major events would happen for them	ba	contradiction
1000041	ba	ba	ba	ba	ba	ba	ba	Woolard says that screening, brief interventions and referrals are absolute useless whether they be in or outside of the emergency department.	Screening , brief interventions and referrals are absolute useless whether they be in or outside of the emergency department	ba	contradiction
1000029	ba	ba	ba	ba	ba	ba	ba	Millions of Americans have proposed that Al Gore takes another look into the program.	Al Gore takes another look into the program	ba	contradiction
1000027	ba	ba	ba	ba	ba	ba	ba	Governor Whitman and I agree that NOx, SO2, and mercury should be reduced.	NOx , SO2 , and mercury should be reduced	ba	contradiction
1000030	ba	ba	ba	ba	ba	ba	ba	Julius is in love with her and thinks that something may be wrong.	Something may be wrong	ba	contradiction
1000028	ba	ba	ba	ba	ba	ba	ba	The evidence suggests that these results also apply do people with drug problems also.	These results also apply do people with drug problems also	ba	contradiction
1000020	ba	ba	ba	ba	ba	ba	ba	All girls say that they would marry for money.	They would marry for money	ba	contradiction
1000036	ba	ba	ba	ba	ba	ba	ba	All that we require is that you believe in (a) superior being(s).	You believe in -LRB- a -RRB- superior being -LRB- s -RRB-	ba	contradiction
1000031	ba	ba	ba	ba	ba	ba	ba	It is said that the Hong Kong Space Museum and Theatre are known to host special events.	The Hong Kong Space Museum and Theatre are known to host special events	ba	contradiction
1000026	ba	ba	ba	ba	ba	ba	ba	A Fodder Brother interrupted the conversation to say that she wasn't available.	She was n't available	ba	contradiction
1000036	ba	ba	ba	ba	ba	ba	ba	John walked ahead and I made my suspicions known to Poirot that John was the thief.	John was the thief	ba	contradiction
1000017	ba	ba	ba	ba	ba	ba	ba	David Bowie said that he loved Harry Nilsson.	He loved Harry Nilsson	ba	contradiction
1000018	ba	ba	ba	ba	ba	ba	ba	Everyone knows that our criminal justice system is comforting.	Our criminal justice system is comforting	ba	contradiction
1000020	ba	ba	ba	ba	ba	ba	ba	Both magazines doubt that James Earl Ray was a government patsy.  	James Earl Ray was a government patsy	ba	contradiction
1000016	ba	ba	ba	ba	ba	ba	ba	I agree that health care is unfair.	Health care is unfair	ba	contradiction
1000025	ba	ba	ba	ba	ba	ba	ba	She said that she knows exactly where she is right now. 	She knows exactly where she is right now	ba	contradiction
1000024	ba	ba	ba	ba	ba	ba	ba	Many people believe that the advertising in the 1920s was no good.	The advertising in the 1920s was no good	ba	contradiction
1000025	ba	ba	ba	ba	ba	ba	ba	You could not argue that Metabolife was the winner in this circumstance. 	Metabolife was the winner in this circumstance	ba	contradiction
1000017	ba	ba	ba	ba	ba	ba	ba	Rooney said that he got the whole fee.	He got the whole fee	ba	contradiction
1000067	ba	ba	ba	ba	ba	ba	ba	I pretended that I had remembered, even though I hadn't, because I hated how they saw me as silly and incompetent, and wanted to prove that I was not. 	I had remembered , even though I had n't , because I hated how they saw me as silly and incompetent , and wanted to prove that I was not	ba	contradiction
1000030	ba	ba	ba	ba	ba	ba	ba	If someone is being read, that means that they are making more money.	They are making more money	ba	contradiction
1000029	ba	ba	ba	ba	ba	ba	ba	Randi Youells believes that a healthy legal services system can be made up of any members.	A healthy legal services system can be made up of any members	ba	contradiction
1000018	ba	ba	ba	ba	ba	ba	ba	You should not believe that he is innocent.	He is innocent	ba	contradiction
1000023	ba	ba	ba	ba	ba	ba	ba	It is important to realize that interventions are not superfluous.	Interventions are not superfluous	ba	contradiction
1000021	ba	ba	ba	ba	ba	ba	ba	I explained that he knew a great deal about poisons.	He knew a great deal about poisons	ba	contradiction
1000022	ba	ba	ba	ba	ba	ba	ba	Tuppence didn't know that anyone would believe in spiritualism.	Anyone would believe in spiritualism	ba	contradiction
1000025	ba	ba	ba	ba	ba	ba	ba	Participants admitted that standards have changed so different values were captured. 	Standards have changed so different values were captured	ba	contradiction
1000029	ba	ba	ba	ba	ba	ba	ba	They're being hypocritical when they say that weed is a gateway drug.	Weed is a gateway drug	ba	contradiction
1000015	ba	ba	ba	ba	ba	ba	ba	Julius said that he was listening.	He was listening	ba	contradiction
1000037	ba	ba	ba	ba	ba	ba	ba	She believes that although he is a kind and honest man, he has a motive in the crime.	Although he is a kind and honest man , he has a motive in the crime	ba	contradiction
1000023	ba	ba	ba	ba	ba	ba	ba	Only 4% parts built that way will be within the limits.	Way will be within the limits	ba	contradiction
1000018	ba	ba	ba	ba	ba	ba	ba	I recalled that Poirot depended on my diplomacy.	Poirot depended on my diplomacy	ba	contradiction
1000019	ba	ba	ba	ba	ba	ba	ba	Others argue that fault is on competitive news environments.	Fault is on competitive news environments	ba	contradiction
1000024	ba	ba	ba	ba	ba	ba	ba	Everyone was surprised that there wasn't a law against that.	There was n't a law against that	ba	contradiction
1000035	ba	ba	ba	ba	ba	ba	ba	It's believed that the Emperor Constantine built a Christian basilica here where a pagan temple once stood.	The Emperor Constantine built a Christian basilica here where a pagan temple once stood	ba	contradiction
1000021	ba	ba	ba	ba	ba	ba	ba	The relatives did not know that their relation was a criminal.	Their relation was a criminal	ba	contradiction
1000021	ba	ba	ba	ba	ba	ba	ba	Now will you trust that I am being sincere?	I am being sincere	ba	contradiction
1000019	ba	ba	ba	ba	ba	ba	ba	Tuppence rose and declared that it was off.	It was off	ba	contradiction
1000019	ba	ba	ba	ba	ba	ba	ba	Christensen doesn't believe that the farmers are aware.	The farmers are aware	ba	contradiction
1000030	ba	ba	ba	ba	ba	ba	ba	Mayakovsky suggests that these unholy things come together to help him form his poetry.	These unholy things come together to help him form his poetry	ba	contradiction
1000041	ba	ba	ba	ba	ba	ba	ba	He believed that the use of certain drugs would cause people to be indifferent about control by their political leaders. 	The use of certain drugs would cause people to be indifferent about control by their political leaders	ba	contradiction
1000018	ba	ba	ba	ba	ba	ba	ba	Bennett believes that only gay people are well educated.	Only gay people are well educated	ba	contradiction
1000026	ba	ba	ba	ba	ba	ba	ba	Colleoni thought that he would have a monument on the Piazza San Marco.	He would have a monument on the Piazza San Marco	ba	contradiction
1000040	ba	ba	ba	ba	ba	ba	ba	The Postal Service believes that 3 years will be more than enough time to evaluate the effectiveness of the service.	3 years will be more than enough time to evaluate the effectiveness of the service	ba	contradiction
1000035	ba	ba	ba	ba	ba	ba	ba	He tried to forget that Fowler just left him alone durign the fracas like that.	Fowler just left him alone durign the fracas like that	ba	contradiction
1000025	ba	ba	ba	ba	ba	ba	ba	Nema was surprised to see that he was still so unwell.	He was still so unwell	ba	contradiction
1000028	ba	ba	ba	ba	ba	ba	ba	We think that we are probably the best performance and accountability body in the world.	We are probably the best performance and accountability body in the world	ba	contradiction
1000016	ba	ba	ba	ba	ba	ba	ba	John said that it was Dr. Bauerstein. 	It was Dr. Bauerstein	ba	contradiction
1000023	ba	ba	ba	ba	ba	ba	ba	It seems that Milos Forman is invested in the Horatio Alger tone.	Milos Forman is invested in the Horatio Alger tone	ba	contradiction
1000025	ba	ba	ba	ba	ba	ba	ba	Nobody has ever thought that grotesque shifts in scale are funny.	Grotesque shifts in scale are funny	ba	contradiction
1000022	ba	ba	ba	ba	ba	ba	ba	Ca'daan said that Susan would like to stay.	Susan would like to stay	ba	contradiction
1000027	ba	ba	ba	ba	ba	ba	ba	Did you ever firmly believe that Mrs. Inglethorp was killed by her husband?	Mrs. Inglethorp was killed by her husband	ba	contradiction
1000034	ba	ba	ba	ba	ba	ba	ba	I am ashamed to say that we did a terrible job serving America in 2000. 	We did a terrible job serving America in 2000	ba	contradiction
1000042	ba	ba	ba	ba	ba	ba	ba	There are reasons for people to think that these attempts to turn back the clock aren't totally lost causes.	These attempts to turn back the clock are n't totally lost causes	ba	contradiction
1000034	ba	ba	ba	ba	ba	ba	ba	He knew that this had to change if they were to come out victorious.	This had to change if they were to come out victorious	ba	contradiction
1000037	ba	ba	ba	ba	ba	ba	ba	The public has to know that the agencies might do something that goes against their best interests.	The agencies might do something that goes against their best interests	ba	contradiction
1000034	ba	ba	ba	ba	ba	ba	ba	It is suggested that a chapel in the crypt could be the birthplace of the Virgin Mary.	A chapel in the crypt could be the birthplace of the Virgin Mary	ba	contradiction
1000035	ba	ba	ba	ba	ba	ba	ba	Federal information security officials believed that they had very little opportunity to discuss information security issues with their CIOs.	They had very little opportunity to discuss information security issues with their CIOs	ba	contradiction
1000023	ba	ba	ba	ba	ba	ba	ba	He said that small business grants were always appropriate for researchers.	Small business grants were always appropriate for researchers	ba	contradiction
1000023	ba	ba	ba	ba	ba	ba	ba	Blum says that chemistry has to due with sex differences	Chemistry has to due with sex differences	ba	contradiction
1000022	ba	ba	ba	ba	ba	ba	ba	The speaker believes that this is in fact Poirot's opinion. 	This is in fact Poirot 's opinion	ba	contradiction
1000041	ba	ba	ba	ba	ba	ba	ba	In the past several years, researchers have begun to believe that they are getting very close to finding the cause.	They are getting very close to finding the cause	ba	contradiction
1000027	ba	ba	ba	ba	ba	ba	ba	The coast guard ensured that everyone had the required clearance to do their work. 	Everyone had the required clearance to do their work	ba	contradiction
1000023	ba	ba	ba	ba	ba	ba	ba	He could see that the other two had died a painful death.	The other two had died a painful death	ba	contradiction
1000022	ba	ba	ba	ba	ba	ba	ba	It is believed that the final rule will not raise costs.	The final rule will not raise costs	ba	contradiction
1000028	ba	ba	ba	ba	ba	ba	ba	It can be any mail saying that I am somewhere in South America. 	I am somewhere in South America	ba	contradiction
1000017	ba	ba	ba	ba	ba	ba	ba	We're scared that mom is sick.	Mom is sick	ba	contradiction
1000014	ba	ba	ba	ba	ba	ba	ba	Everyone saw that something had changed	Something had changed	ba	contradiction
1000033	ba	ba	ba	ba	ba	ba	ba	Aronson said that when the freeze is over he want to stay in touch.	When the freeze is over he want to stay in touch	ba	contradiction
1000022	ba	ba	ba	ba	ba	ba	ba	People think that protections should cover both contributions and spending. 	Protections should cover both contributions and spending	ba	contradiction
1000022	ba	ba	ba	ba	ba	ba	ba	Julius suggested that they were happy to be there. 	They were happy to be there	ba	contradiction
1000042	ba	ba	ba	ba	ba	ba	ba	Mr. Gray said that cutting your income by two-thirds is unnecessary and is just done to look like a martyr.  	Cutting your income by two-thirds is unnecessary	ba	contradiction
1000024	ba	ba	ba	ba	ba	ba	ba	I trust that Netscape will not use my location for evil purposes.	Netscape will not use my location for evil purposes	ba	contradiction
1000029	ba	ba	ba	ba	ba	ba	ba	Hungerford said that the conference was for everyone to have significant and general agreement.	The conference was for everyone to have significant and general agreement	ba	contradiction
1000021	ba	ba	ba	ba	ba	ba	ba	The industry standard ensure that the Cpk must be below 1.00 	The Cpk must be below 1.00	ba	contradiction
1000020	ba	ba	ba	ba	ba	ba	ba	Poirot knew that the other person's opinion was wrong.	The other person 's opinion was wrong	ba	contradiction
1000020	ba	ba	ba	ba	ba	ba	ba	They said that the programs did not need the money.	The programs did not need the money	ba	contradiction
1000024	ba	ba	ba	ba	ba	ba	ba	He said that the boys were running around and causing trouble.	The boys were running around and causing trouble	ba	contradiction
1000024	ba	ba	ba	ba	ba	ba	ba	It was decided that the intent of severability was quite clear.	The intent of severability was quite clear	ba	contradiction
1000035	ba	ba	ba	ba	ba	ba	ba	Limbaugh believes that someone could lie about McDonald's but tell the truth about everything else. 	Someone could lie about McDonald 's	ba	contradiction
1000025	ba	ba	ba	ba	ba	ba	ba	Dole said that the size of the IRS staff should be increased.	The size of the IRS staff should be increased	ba	contradiction
1000028	ba	ba	ba	ba	ba	ba	ba	She took a pee and that signaled that she was now ready. 	She was now ready	ba	contradiction
1000023	ba	ba	ba	ba	ba	ba	ba	Bush believed that Tucker would like to help other prisoners.	Tucker would like to help other prisoners	ba	contradiction
1000018	ba	ba	ba	ba	ba	ba	ba	Isikoff could determine that the advance was welcome.	The advance was welcome	ba	contradiction
1000028	ba	ba	ba	ba	ba	ba	ba	The essay claims that quadruple jumps arent impressive enough to warrant as gold metal. 	Quadruple jumps arent impressive enough to warrant as gold metal	ba	contradiction
1000035	ba	ba	ba	ba	ba	ba	ba	While we know who you are, you should know that the true symbol is key.	The true symbol is key	ba	contradiction
1000050	ba	ba	ba	ba	ba	ba	ba	Bush was the first guy to say that he's not going to play by the old rules because they don't apply to him.	He 's not going to play by the old rules because they do n't apply to him	ba	contradiction
1000027	ba	ba	ba	ba	ba	ba	ba	I replied that I will be happy to make myself useful.	I will be happy to make myself useful	ba	contradiction
1000021	ba	ba	ba	ba	ba	ba	ba	People may feel that the advertisements are insulting their taste.	The advertisements are insulting their taste	ba	contradiction
1000026	ba	ba	ba	ba	ba	ba	ba	The Victorious Immune Evolutionary biologists suggest that there were no parasites in the past.	There were no parasites in the past	ba	contradiction
1000022	ba	ba	ba	ba	ba	ba	ba	Most British people can agree that British phlegm is a good thing.	British phlegm is a good thing	ba	contradiction
1000030	ba	ba	ba	ba	ba	ba	ba	Bennett thought that Jesse Jackson deserved the honor of sitting with Gingrich's wife.	Jesse Jackson deserved the honor of sitting with Gingrich 's wife	ba	contradiction
1000025	ba	ba	ba	ba	ba	ba	ba	One of the judgments is that vanilla ice cream is the best flavor.	Vanilla ice cream is the best flavor	ba	contradiction
1000024	ba	ba	ba	ba	ba	ba	ba	I find that I can type quicker than the Word Processing software.	I can type quicker than the Word Processing software	ba	contradiction
1000033	ba	ba	ba	ba	ba	ba	ba	It's clear that the medical records show that Al Gore has polyps in his colon.	Al Gore has polyps in his colon	ba	contradiction
1000033	ba	ba	ba	ba	ba	ba	ba	The programs requested that the Illinois State Bar Association and the Chicago Bar Association join them in the planning process.	The Illinois State Bar Association and the Chicago Bar Association join them in the planning process	ba	contradiction
1000039	ba	ba	ba	ba	ba	ba	ba	People believe that tossing a coin in the pond and bouncing it off a turtle's head is lucky.	Tossing a coin in the pond and bouncing it off a turtle 's head is lucky	ba	contradiction
1000014	ba	ba	ba	ba	ba	ba	ba	Some argue that censure is unconstitutional 	Censure is unconstitutional	ba	contradiction
1000025	ba	ba	ba	ba	ba	ba	ba	Ellison does not think that tropes in black fiction have deeper meaning.	Tropes in black fiction have deeper meaning	ba	contradiction
1000018	ba	ba	ba	ba	ba	ba	ba	The publications doubted that they misheard him repeatedly. 	They misheard him repeatedly	ba	contradiction
1000026	ba	ba	ba	ba	ba	ba	ba	George Stephanopoulos believed that Al Gore had a chance at becoming president.	Al Gore had a chance at becoming president	ba	contradiction
1000025	ba	ba	ba	ba	ba	ba	ba	You must get them to think that it was a failure. 	It was a failure	ba	contradiction
1000048	ba	ba	ba	ba	ba	ba	ba	If you look at any major textbook in international economics, you'll see that it is based on papers Mundell wrote.	It is based on papers Mundell wrote	ba	contradiction
1000015	ba	ba	ba	ba	ba	ba	ba	He thought that she was lying. 	She was lying	ba	contradiction
1000023	ba	ba	ba	ba	ba	ba	ba	I believed that Isikoff accepted Linda's version of events.	Isikoff accepted Linda 's version of events	ba	contradiction
1000019	ba	ba	ba	ba	ba	ba	ba	The factual record proves that this approach is quite reasonable.	This approach is quite reasonable	ba	contradiction
1000018	ba	ba	ba	ba	ba	ba	ba	The problem was that all four tires were flat. 	All four tires were flat	ba	contradiction
1000018	ba	ba	ba	ba	ba	ba	ba	He loved that Shannon didn't bother him.	Shannon did n't bother him	ba	contradiction
1000025	ba	ba	ba	ba	ba	ba	ba	The Virginia State Planning Assembly proposed that half of its staff be women.	Half of its staff be women	ba	contradiction
1000033	ba	ba	ba	ba	ba	ba	ba	It's clear that Americans universally agree that our cultural life has improved in recent decades.	Our cultural life has improved in recent decades	ba	contradiction
1000051	ba	ba	ba	ba	ba	ba	ba	The AMA has announced that most physician's have stopped using the Guide entitled Helping Patients with Alcohol Problems because it is full of outdated and meaningless data.	Most physician 's have stopped using the Guide entitled Helping Patients with Alcohol Problems because it is full of outdated and meaningless data	ba	contradiction
1000025	ba	ba	ba	ba	ba	ba	ba	The analysis says that guidance should help CLOs more than any other support.	Guidance should help CLOs more than any other support	ba	contradiction
1000055	ba	ba	ba	ba	ba	ba	ba	Administrators are somewhat cautious because they think that the ability to help patients with alcohol problems depends at least in part on the effectiveness of the screening.	The ability to help patients with alcohol problems depends at least in part on the effectiveness of the screening	ba	contradiction
1000026	ba	ba	ba	ba	ba	ba	ba	Matthews thought that it would be necessary to recruit more local attorneys.	It would be necessary to recruit more local attorneys	ba	contradiction
1000022	ba	ba	ba	ba	ba	ba	ba	Dad thought that mom was wrong and left the store.	Mom was wrong	ba	contradiction
1000025	ba	ba	ba	ba	ba	ba	ba	Poirot said that Inglethorp had to be innocent of the crime.	Inglethorp had to be innocent of the crime	ba	contradiction
1000037	ba	ba	ba	ba	ba	ba	ba	The officials said that Caterpillar designs and produces the product several times before they get what they want.	Caterpillar designs and produces the product several times before they get what they want	ba	contradiction
1000051	ba	ba	ba	ba	ba	ba	ba	If we know that other contributions were made, we don't have to report them, as long as we don't have concrete numbers.	Other contributions were made	ba	contradiction
1000022	ba	ba	ba	ba	ba	ba	ba	I sincerely believe that she pretended to be asleep.	She pretended to be asleep	ba	contradiction
1000019	ba	ba	ba	ba	ba	ba	ba	I didn't know that you cared so much.	You cared so much	ba	contradiction
1000035	ba	ba	ba	ba	ba	ba	ba	I am worried that complimenting a woman for her fashion sense will make me appear sexist.	Complimenting a woman for her fashion sense will make me appear sexist	ba	contradiction
1000017	ba	ba	ba	ba	ba	ba	ba	No one knows that she is six-feet tall.	She is six-feet tall	ba	contradiction
1000019	ba	ba	ba	ba	ba	ba	ba	She said that she was bothered by it.	She was bothered by it	ba	contradiction
1000017	ba	ba	ba	ba	ba	ba	ba	I soon thought that something was suspicious.	Something was suspicious	ba	contradiction
1000031	ba	ba	ba	ba	ba	ba	ba	The equation determined that 55% of the population was not adhering to the Clear Skies Act.	55 % of the population was not adhering to the Clear Skies Act	ba	contradiction
1000034	ba	ba	ba	ba	ba	ba	ba	Starr has said that there are no rules permitting the leaking of information under any circumstances.	There are no rules permitting the leaking of information under any circumstances	ba	contradiction
1000027	ba	ba	ba	ba	ba	ba	ba	The White House claimed that the cuts would have negative effects on the country.	The cuts would have negative effects on the country	ba	contradiction
1000022	ba	ba	ba	ba	ba	ba	ba	The literature shows that client outcomes are always made worse.	Client outcomes are always made worse	ba	contradiction
1000031	ba	ba	ba	ba	ba	ba	ba	Prudie thinks that the prudent course is to ship Dad off to the nearest Holiday Inn.  	The prudent course is to ship Dad off to the nearest Holiday Inn	ba	contradiction
1000025	ba	ba	ba	ba	ba	ba	ba	Riggs believes that legal-aid agencies would likely bring everything to ruin.	Legal-aid agencies would likely bring everything to ruin	ba	contradiction
1000041	ba	ba	ba	ba	ba	ba	ba	Rex and Hawks explained that it's because the angles and the momentum of the ball make it impossible otherwise.	It 's because the angles and the momentum of the ball make it impossible otherwise	ba	contradiction
1000016	ba	ba	ba	ba	ba	ba	ba	Poirot said that he had no idea.	He had no idea	ba	contradiction
1000030	ba	ba	ba	ba	ba	ba	ba	Locals suggest that the shoreline looks just as it did when Columbus arrived.	The shoreline looks just as it did when Columbus arrived	ba	contradiction
1000039	ba	ba	ba	ba	ba	ba	ba	It is easy to prove that a man is guilty if you already know that he is.	A man is guilty if you already know that he is	ba	contradiction
1000023	ba	ba	ba	ba	ba	ba	ba	It should be noted that the ISO 9000 guarantees a quality product.	The ISO 9000 guarantees a quality product	ba	contradiction
1000031	ba	ba	ba	ba	ba	ba	ba	The preview shows that in the next episode, Apu will make a donation to the sailors.	In the next episode , Apu will make a donation to the sailors	ba	contradiction
1000026	ba	ba	ba	ba	ba	ba	ba	Most people agree that Microsoft could single-handedly re-create the culture of Washington.	Microsoft could single-handedly re-create the culture of Washington	ba	contradiction
1000027	ba	ba	ba	ba	ba	ba	ba	The advertisements suggest that people aren't smart enough to have their own preferences.	People are n't smart enough to have their own preferences	ba	contradiction
1000034	ba	ba	ba	ba	ba	ba	ba	She said that the general public wasn't in need of the education although the legislature was.	The general public was n't in need of the education although the legislature was	ba	contradiction
1000022	ba	ba	ba	ba	ba	ba	ba	She mentions that she will be looking for financial support.	She will be looking for financial support	ba	contradiction
1000022	ba	ba	ba	ba	ba	ba	ba	You think that there's a connection between the two?	There 's a connection between the two	ba	contradiction
1000038	ba	ba	ba	ba	ba	ba	ba	Scuba divers remember that coral is protected so you will be fined heavily if you touch it.	Coral is protected so you will be fined heavily if you touch it	ba	contradiction
1000028	ba	ba	ba	ba	ba	ba	ba	The trade he learned always insisted that adding circuits increased complexity.	Adding circuits increased complexity	ba	contradiction
1000028	ba	ba	ba	ba	ba	ba	ba	Christopher Hitchens and Carol Blue did not claim that Blumenthal told them anything last March.	Blumenthal told them anything last March	ba	contradiction
1000032	ba	ba	ba	ba	ba	ba	ba	Economists estimate that federal deficits over 6 percent of GDP will significantly slow economic growth.	Federal deficits over 6 percent of GDP will significantly slow economic growth	ba	contradiction
1000021	ba	ba	ba	ba	ba	ba	ba	Time magazine agreed that the team has boosted its negotiating leverage.	The team has boosted its negotiating leverage	ba	contradiction
1000054	ba	ba	ba	ba	ba	ba	ba	Do people believe that Brokaw, Jennings and Rather--reading scripts written by others from their TelePrompTers--are making things up? It's an odd factor.	Brokaw , Jennings and Rather -- reading scripts written by others from their TelePrompTers -- are making things up	ba	contradiction
1000017	ba	ba	ba	ba	ba	ba	ba	Tuppence said that she knew for certain. 	She knew for certain	ba	contradiction
1000023	ba	ba	ba	ba	ba	ba	ba	The Republicans agreed that the contributions needed to have a limit.	The contributions needed to have a limit	ba	contradiction
1000024	ba	ba	ba	ba	ba	ba	ba	To reiterate, this isn't saying that Taylor is guilty.	Taylor is guilty	ba	contradiction
1000020	ba	ba	ba	ba	ba	ba	ba	The Shopping Avenger states that Delta has the worst customer service.  	Delta has the worst customer service	ba	contradiction
1000033	ba	ba	ba	ba	ba	ba	ba	Some black teens believe that tobacco use will only make their personal success more difficult to attain.	Tobacco use will only make their personal success more difficult to attain	ba	contradiction
1000035	ba	ba	ba	ba	ba	ba	ba	It's been claimed that world population will fall within 50 years, but nobody believes it.	World population will fall within 50 years	ba	contradiction
1000028	ba	ba	ba	ba	ba	ba	ba	Many voters believe that these candidates are saying whatever is most politically expedient.	These candidates are saying whatever is most politically expedient	ba	contradiction
1000025	ba	ba	ba	ba	ba	ba	ba	Auditors should report that the audit was generally accepted by the government.	The audit was generally accepted by the government	ba	contradiction
1000036	ba	ba	ba	ba	ba	ba	ba	The belief that race is primordial is incorrect, because scientific evidence proves that it is not.	It is not	ba	contradiction
1000028	ba	ba	ba	ba	ba	ba	ba	LSC was able to show that we weren't taking planning lightly.	We were n't taking planning lightly	ba	contradiction
1000022	ba	ba	ba	ba	ba	ba	ba	He wished that Tuppence was around to taste it.	Tuppence was around to taste it	ba	contradiction
1000046	ba	ba	ba	ba	ba	ba	ba	We are worried that power plants will be shut down by regulations imposed by the EPA when they should be running.	Power plants will be shut down by regulations imposed by the EPA	ba	contradiction
1000030	ba	ba	ba	ba	ba	ba	ba	I couldn't help regretting that my friend would get so upset over stupid things.	My friend would get so upset over stupid things	ba	contradiction
1000040	ba	ba	ba	ba	ba	ba	ba	Mathews said that the agency is appealing the decision regarding the loss of $470,000 from the Violence Against Women Act.	The agency is appealing the decision regarding the loss of $ 470,000 from the Violence Against Women Act	ba	contradiction
1000030	ba	ba	ba	ba	ba	ba	ba	Participants said that the right people more so than the right rules was what mattered. 	The right people more so than the right rules was what mattered	ba	contradiction
1000036	ba	ba	ba	ba	ba	ba	ba	Beyea said that often times Gals end up doing more legal counseling than they do social work. 	Often times Gals end up doing more legal counseling than they do social work	ba	contradiction
1000039	ba	ba	ba	ba	ba	ba	ba	The truth is that this kind of stuff happens very often, but not many people are aware of that.	This kind of stuff happens very often	ba	contradiction
1000030	ba	ba	ba	ba	ba	ba	ba	Seleyman decreed that there should be a mosque named after him for his achievements.	There should be a mosque named after him for his achievements	ba	contradiction
1000021	ba	ba	ba	ba	ba	ba	ba	They say that Mrs Inglethorp died from being poisoned.	Mrs Inglethorp died from being poisoned	ba	contradiction
1000023	ba	ba	ba	ba	ba	ba	ba	Some economists say that different situations give different values to a life.	Different situations give different values to a life	ba	contradiction
1000018	ba	ba	ba	ba	ba	ba	ba	A male reported that the circumstance was really bad. 	The circumstance was really bad	ba	contradiction
1000039	ba	ba	ba	ba	ba	ba	ba	participants didn't understand that accountants are taking a risk when they issue an opinion on the financial statements	Accountants are taking a risk when they issue an opinion on the financial statements	ba	contradiction
1000027	ba	ba	ba	ba	ba	ba	ba	Many members complain that the Farrakhan looks too poor to be taken seriously.	The Farrakhan looks too poor to be taken seriously	ba	contradiction
1000033	ba	ba	ba	ba	ba	ba	ba	I think that the risk management when it comes to our work is enough and satisfactory. 	The risk management when it comes to our work is enough and satisfactory	ba	contradiction
1000038	ba	ba	ba	ba	ba	ba	ba	People like to keep what they have because it ensures that they can't lose anything.	They ca n't lose anything	ba	contradiction
1000023	ba	ba	ba	ba	ba	ba	ba	She was told that only the dog could tell the him.	Only the dog could tell the him	ba	contradiction
1000030	ba	ba	ba	ba	ba	ba	ba	Heald said that all of the funding used to come from a single source.	All of the funding used to come from a single source	ba	contradiction
1000028	ba	ba	ba	ba	ba	ba	ba	Traditionally, it is countered that land is more efficiently used under private ownership.	Land is more efficiently used under private ownership	ba	contradiction
1000045	ba	ba	ba	ba	ba	ba	ba	It was announced that since the issues concerning security and safety are impossible to measure, the departments were granted an unlimited budget. 	Since the issues concerning security and safety are impossible to measure , the departments were granted an unlimited budget	ba	contradiction
1000027	ba	ba	ba	ba	ba	ba	ba	Internal controls can't assure that an agency will meet their objectives for staffing.	An agency will meet their objectives for staffing	ba	contradiction
1000031	ba	ba	ba	ba	ba	ba	ba	Congress mandated that LSC recipients will be given preference over their competition in the selection process	LSC recipients will be given preference over their competition in the selection process	ba	contradiction
1000021	ba	ba	ba	ba	ba	ba	ba	The lawyer thought that there might be a newer last will.	There might be a newer last will	ba	contradiction
1000025	ba	ba	ba	ba	ba	ba	ba	Yeah, I have seen that before, he said, bored.	Before , he said , bored	ba	contradiction
1000023	ba	ba	ba	ba	ba	ba	ba	Skeptics don't believe that internet issues will not change electorate minds.	Internet issues will not change electorate minds	ba	contradiction
1000076	ba	ba	ba	ba	ba	ba	ba	Our prophecy says that the fanatics of the Egg would have tried to kill you multiple times, but the fanatics of the Egg have left you alone, and we don't know why this is.	The fanatics of the Egg would have tried to kill you multiple times	ba	contradiction
1000031	ba	ba	ba	ba	ba	ba	ba	The GAO discovered that due to lack of training, case files were missing necessary documentation.	Due to lack of training , case files were missing necessary documentation	ba	contradiction
1000065	ba	ba	ba	ba	ba	ba	ba	Advocates believe that technophobic lobbying groups and their penchant for stoking the public's paranoia surrounding radioactive food while ignoring evidence are to blame for general reluctance to exposing food to radiation.	Technophobic lobbying groups and their penchant for stoking the public 's paranoia surrounding radioactive food while ignoring evidence are to blame for general reluctance to exposing food to radiation	ba	contradiction
1000045	ba	ba	ba	ba	ba	ba	ba	It is estimated that the air quality improvements under the Clear Skies Act will lead to 7,000 fewer cases of chronic bronchitis in 2020.	The air quality improvements under the Clear Skies Act will lead to 7,000 fewer cases of chronic bronchitis in 2020	ba	contradiction
1000019	ba	ba	ba	ba	ba	ba	ba	Poirot said that he was born in Italy.	He was born in Italy	ba	contradiction
1000034	ba	ba	ba	ba	ba	ba	ba	The legislative history of the 1996 revision proves that Congress altered practices regarding representation of aliens.	Congress altered practices regarding representation of aliens	ba	contradiction
1000024	ba	ba	ba	ba	ba	ba	ba	Time suggests that the water cooler serves a need for even quasientrepreneurs.	The water cooler serves a need for even quasientrepreneurs	ba	contradiction
1000042	ba	ba	ba	ba	ba	ba	ba	It's expected that by 2030, the number of workers per Social Security beneficiary will drop from 3.4 to 2.	By 2030 , the number of workers per Social Security beneficiary will drop from 3.4 to 2	ba	contradiction
1000048	ba	ba	ba	ba	ba	ba	ba	Many low and moderate income Americans in 1999 believed that they had a better chance of getting $500,000 through the lottery than through saving and investing.	They had a better chance of getting $ 500,000 through the lottery than through saving and investing	ba	contradiction
1000020	ba	ba	ba	ba	ba	ba	ba	One suspects that Alterman is worried by this example.	Alterman is worried by this example	ba	contradiction
1000021	ba	ba	ba	ba	ba	ba	ba	Dave admitted that he knew a great deal about magic.	He knew a great deal about magic	ba	contradiction
1000019	ba	ba	ba	ba	ba	ba	ba	Some people think that our criminal justice system is scary.	Our criminal justice system is scary	ba	contradiction
1000024	ba	ba	ba	ba	ba	ba	ba	The participants have determined that there are no obstacles for innovation.	There are no obstacles for innovation	ba	contradiction
1000026	ba	ba	ba	ba	ba	ba	ba	She ultimately decided that it was closer to heaven than hell.	It was closer to heaven than hell	ba	contradiction
1000045	ba	ba	ba	ba	ba	ba	ba	I was informed that I had in fact not spent the past seven minutes pushing buttons, it was just in my head.	I had in fact not spent the past seven minutes pushing buttons	ba	contradiction
1000019	ba	ba	ba	ba	ba	ba	ba	Tommy doesn't care that she lost her memory.	She lost her memory	ba	contradiction
1000018	ba	ba	ba	ba	ba	ba	ba	Everyone agreed that the election was free and fair.	The election was free and fair	ba	contradiction
1000033	ba	ba	ba	ba	ba	ba	ba	I was dismayed that he had continued on the subject of the poison and the coco.	He had continued on the subject of the poison and the coco	ba	contradiction
1000034	ba	ba	ba	ba	ba	ba	ba	The scout said that the pleasures he would have given your red-skinned women will be lost.	The pleasures he would have given your red-skinned women will be lost	ba	contradiction
1000029	ba	ba	ba	ba	ba	ba	ba	John Heilpern believes that the key to acting is the art of subtlety.	The key to acting is the art of subtlety	ba	contradiction
1000032	ba	ba	ba	ba	ba	ba	ba	Last year's eruption means that it has entered an active phase and visitors are prohibited.	It has entered an active phase and visitors are prohibited	ba	contradiction
1000023	ba	ba	ba	ba	ba	ba	ba	The FCC estimates that the 3,251 respondents will cost $3,192 each.	The 3,251 respondents will cost $ 3,192 each	ba	contradiction
1000038	ba	ba	ba	ba	ba	ba	ba	Those who know Italy well will feel that a few of their favourite spots have been neglected.	A few of their favourite spots have been neglected	ba	contradiction
1000023	ba	ba	ba	ba	ba	ba	ba	The Post reports that Jesse Ventura died yesterday in an automobile accident. 	Jesse Ventura died yesterday in an automobile accident	ba	contradiction
1000038	ba	ba	ba	ba	ba	ba	ba	Topham agreed that it was his privilege because he felt that it was what is right.	It was his privilege because he felt that it was what is right	ba	contradiction
1000027	ba	ba	ba	ba	ba	ba	ba	A lot of people agree that people become what they belittle.	People become what they belittle	ba	contradiction
1000026	ba	ba	ba	ba	ba	ba	ba	Bob claimed that the rocks would be a similar red to a rose.	The rocks would be a similar red to a rose	ba	contradiction
1000028	ba	ba	ba	ba	ba	ba	ba	I wish that I was the one to get it in the neck.	I was the one to get it in the neck	ba	contradiction
1000020	ba	ba	ba	ba	ba	ba	ba	We know that England is headed for a crisis.	England is headed for a crisis	ba	contradiction
1000019	ba	ba	ba	ba	ba	ba	ba	Tommy thought that he was either a Russian or Polish.  	He was either a Russian or Polish	ba	contradiction
1000025	ba	ba	ba	ba	ba	ba	ba	She indicated that Clinton already had around 300 electoral votes locked up.	Clinton already had around 300 electoral votes locked up	ba	contradiction
1000018	ba	ba	ba	ba	ba	ba	ba	Natalia said that I would like this place.	I would like this place	ba	contradiction
1000031	ba	ba	ba	ba	ba	ba	ba	It is thought that using adjusted costs wouldn't change the nature of the results.	Using adjusted costs would n't change the nature of the results	ba	contradiction
1000032	ba	ba	ba	ba	ba	ba	ba	It was easy to say that cooking is easy, but harder to do.	Cooking is easy , but harder to do	ba	contradiction
1000029	ba	ba	ba	ba	ba	ba	ba	Results so far show that the Mets-Yankees opener sold three times as much as the Padres-Angels.	The Mets-Yankees opener sold three times as much as the Padres-Angels	ba	contradiction
1000039	ba	ba	ba	ba	ba	ba	ba	Santayana requested that I add that those who forget the past are doomed to repeat it.	I add that those who forget the past are doomed to repeat it	ba	contradiction
1000072	ba	ba	ba	ba	ba	ba	ba	Because they thought that scientific evidence permitted the import of pork products from Sonora, and not permitting that importation would be contrary to trade agreements by the United States, APHIS rejected the first alternative.	Importation would be contrary to trade agreements by the United States	ba	contradiction
1000026	ba	ba	ba	ba	ba	ba	ba	The article states that inputting miles was a good way to incentivise employees. 	Inputting miles was a good way to incentivise employees	ba	contradiction
1000028	ba	ba	ba	ba	ba	ba	ba	They thought that stewardship reporting could be met with basic financial statements or RSI.	Stewardship reporting could be met with basic financial statements or RSI	ba	contradiction
1000020	ba	ba	ba	ba	ba	ba	ba	Whitehead does not think that women should be working.	Women should be working	ba	contradiction
1000029	ba	ba	ba	ba	ba	ba	ba	Thomas thinks that new rules among conservative campaigns are counterproductive, said the economist.	New rules among conservative campaigns are counterproductive	ba	contradiction
1000033	ba	ba	ba	ba	ba	ba	ba	Every leader in emergency medicine knows that they are the sort out experts on alcohol problems.	They are the sort out experts on alcohol problems	ba	contradiction
1000041	ba	ba	ba	ba	ba	ba	ba	Everyone was surprised that Poirot seemed to in charge of the presentation about the investigation instead of the official detectives. 	Poirot seemed to in charge of the presentation about the investigation instead of the official detectives	ba	contradiction
1000041	ba	ba	ba	ba	ba	ba	ba	Military intervention can only be defended on humanitarian grounds if one believes that European lives have more value than African lives.	European lives have more value than African lives	ba	contradiction
1000037	ba	ba	ba	ba	ba	ba	ba	The CIO ensures that business needs are met and plays a vital role in the successful function of a company.	Business needs are met and plays a vital role in the successful function of a company	ba	contradiction
1000017	ba	ba	ba	ba	ba	ba	ba	Red noted that it wasn't a spaceship.	It was n't a spaceship	ba	contradiction
1000031	ba	ba	ba	ba	ba	ba	ba	He thought that they were Muller's men because of what they were wearing.	They were Muller 's men because of what they were wearing	ba	contradiction
1000026	ba	ba	ba	ba	ba	ba	ba	I didn't think that anyone had broken into Mrs Inglethorp's bedroom.	Anyone had broken into Mrs Inglethorp 's bedroom	ba	contradiction
1000026	ba	ba	ba	ba	ba	ba	ba	Republicans, since 1994, have declared that the LSC engages in politics.	The LSC engages in politics	ba	contradiction
1000025	ba	ba	ba	ba	ba	ba	ba	It is important to accept that you are actually quite ugly.	You are actually quite ugly	ba	contradiction
1000032	ba	ba	ba	ba	ba	ba	ba	She was good at observing and saw that more was required than just the basics.	More was required than just the basics	ba	contradiction
1000024	ba	ba	ba	ba	ba	ba	ba	Gibbon thinks that late second century was the closest to a utopia.	Late second century was the closest to a utopia	ba	contradiction
1000027	ba	ba	ba	ba	ba	ba	ba	Tuppence felt better when she realized that it all made sense.	It all made sense	ba	contradiction
1000023	ba	ba	ba	ba	ba	ba	ba	The Strategic Directions said that no one needed access to legal services.	No one needed access to legal services	ba	contradiction
1000041	ba	ba	ba	ba	ba	ba	ba	There were some who thought that the provisions affected by other statements should've been marked by strikeouts.	The provisions affected by other statements should 've been marked by strikeouts	ba	contradiction
1000022	ba	ba	ba	ba	ba	ba	ba	The seventh and eighth stations require that you pass through them.	You pass through them	ba	contradiction
1000022	ba	ba	ba	ba	ba	ba	ba	Rubin reasons that investors can be protected in these economies.	Investors can be protected in these economies	ba	contradiction
1000033	ba	ba	ba	ba	ba	ba	ba	The slaves who began organizing revolts in 1760 saw that their efforts yielded minimal results. 	Their efforts yielded minimal results	ba	contradiction
1000040	ba	ba	ba	ba	ba	ba	ba	It means that the race to find mates leads a lot of people save a lot of money.	The race to find mates leads a lot of people save a lot of money	ba	contradiction
1000024	ba	ba	ba	ba	ba	ba	ba	Is indicated that EPA evaluated, for implementation, three different methodologies.	EPA evaluated , for implementation , three different methodologies	ba	contradiction
1000030	ba	ba	ba	ba	ba	ba	ba	Participants said that system isn't working because good candidates aren't offered good pay.	System is n't working because good candidates are n't offered good pay	ba	contradiction
1000050	ba	ba	ba	ba	ba	ba	ba	A court annulled a woman's marriage to the man she eloped with, agreeing that her parents had the sole authority to choose her spouse.	Her parents had the sole authority to choose her spouse	ba	contradiction
1000022	ba	ba	ba	ba	ba	ba	ba	The doctor casually suggested that Mr. Hersheimmer knew nothing at all.	Mr. Hersheimmer knew nothing at all	ba	contradiction
1000024	ba	ba	ba	ba	ba	ba	ba	It is thought that the waterwheel was invented in the Murcia region. 	The waterwheel was invented in the Murcia region	ba	contradiction
1000017	ba	ba	ba	ba	ba	ba	ba	Sophistication requires that people not have intellectual freedom.	People not have intellectual freedom	ba	contradiction
1000021	ba	ba	ba	ba	ba	ba	ba	Dowd was upset that Republicans treated Bush and Clinton differently.	Republicans treated Bush and Clinton differently	ba	contradiction
1000044	ba	ba	ba	ba	ba	ba	ba	Critics say that minority employees at the Post Officer earn more than their private sector equivalents, as an excuse to prove their point.	Minority employees at the Post Officer earn more than their private sector equivalents , as an excuse to prove their point	ba	contradiction
1000025	ba	ba	ba	ba	ba	ba	ba	He said that it was bolted when he saw it.	It was bolted when he saw it	ba	contradiction
1000019	ba	ba	ba	ba	ba	ba	ba	Tommy said that modesty was always your biggest fault.	Modesty was always your biggest fault	ba	contradiction
1000078	ba	ba	ba	ba	ba	ba	ba	Most don't notice any genuine musical ability, and note that the album is far more pop-oriented than the drum 'n' bass and jungle she spins live; instead, they praise her for being able to hold her own.	The album is far more pop-oriented than the drum 'n' bass and jungle she spins live	ba	contradiction
1000034	ba	ba	ba	ba	ba	ba	ba	It is thought that perhaps Kitchell's men like to carve wooden spoons out of twigs. 	Perhaps Kitchell 's men like to carve wooden spoons out of twigs	ba	contradiction
1000024	ba	ba	ba	ba	ba	ba	ba	Starr has explained that he only concerned with the Paula Jones case.	He only concerned with the Paula Jones case	ba	contradiction
1000021	ba	ba	ba	ba	ba	ba	ba	The speaker believes that accusations of bias are unfounded.	Accusations of bias are unfounded	ba	contradiction
1000027	ba	ba	ba	ba	ba	ba	ba	Remember that you don't have to attest to the data's reliability. 	You do n't have to attest to the data 's reliability	ba	contradiction
1000022	ba	ba	ba	ba	ba	ba	ba	Some are indeed surprised that the legislature is availing itself.	The legislature is availing itself	ba	contradiction
1000028	ba	ba	ba	ba	ba	ba	ba	Many feel that these long testimonies are a waste of time for listeners.	These long testimonies are a waste of time for listeners	ba	contradiction
1000022	ba	ba	ba	ba	ba	ba	ba	One of the problems is that Cambodians are terrible drivers.	Cambodians are terrible drivers	ba	contradiction
1000019	ba	ba	ba	ba	ba	ba	ba	Stephanopoulos is saying that you can avoid questions.	You can avoid questions	ba	contradiction
1000019	ba	ba	ba	ba	ba	ba	ba	The GAO did not suggest that reorganizations are warranted.	Reorganizations are warranted	ba	contradiction
1000021	ba	ba	ba	ba	ba	ba	ba	Dowd says that Starr is acting out of revenge.	Starr is acting out of revenge	ba	contradiction
1000042	ba	ba	ba	ba	ba	ba	ba	Ensuring that Justice Communities Become Diverse, Inclusive, and Multi culturally literate and Creating Cultures that impact a broad range of legal issues.	Justice Communities Become Diverse , Inclusive , and Multi culturally literate	ba	contradiction
1000026	ba	ba	ba	ba	ba	ba	ba	You privatization endorsement says that any water should be turned to lemonade.	Any water should be turned to lemonade	ba	contradiction
1000059	ba	ba	ba	ba	ba	ba	ba	"Jaipur has earned the name ""pink city"" because of the color of its sandstone, although you will see that it changes color with the season and time of day."	It changes color with the season and time of day	ba	contradiction
1000037	ba	ba	ba	ba	ba	ba	ba	It is said that the town's curious tangle of winding streets was designed to confuse enemies. 	The town 's curious tangle of winding streets was designed to confuse enemies	ba	contradiction
1000055	ba	ba	ba	ba	ba	ba	ba	The gradual decline in the economy of the nation means that the trend of people being unable to pay for legal help is likely to continue.	The trend of people being unable to pay for legal help is likely to continue	ba	contradiction
1000027	ba	ba	ba	ba	ba	ba	ba	We don't think that these additional authorities would be helpful to other agencies.	These additional authorities would be helpful to other agencies	ba	contradiction
1000033	ba	ba	ba	ba	ba	ba	ba	The Supplementary Information accompanying the final rule states that the final rule was not analyzed under Executive Order No.	The final rule was not analyzed under Executive Order No	ba	contradiction
1000044	ba	ba	ba	ba	ba	ba	ba	The general felt that he had to rely on a combination of special police, paramilitaries, and locals out of necessity.	He had to rely on a combination of special police , paramilitaries , and locals out of necessity	ba	contradiction
1000033	ba	ba	ba	ba	ba	ba	ba	He stated that he is trying to get away from the mortgage industry in Colorado.	He is trying to get away from the mortgage industry in Colorado	ba	contradiction
1000037	ba	ba	ba	ba	ba	ba	ba	The most shocking feature about the illustrations is that they focus on wants and not legitimate threats.	They focus on	ba	contradiction
1000060	ba	ba	ba	ba	ba	ba	ba	The head of the project since 2002 has been Rebecca Yee and she said that before the NLS was expanded, very few lawyers were capable of speaking Asian languages. 	Before the NLS was expanded , very few lawyers were capable of speaking Asian languages	ba	contradiction
1000028	ba	ba	ba	ba	ba	ba	ba	They knew that they'd never be lost now that they knew.	They 'd never be lost now that they knew	ba	contradiction
1000040	ba	ba	ba	ba	ba	ba	ba	They understood that the group didn't speak for everyone in the legal services community, like the pro-bono workers in NYC.	The group did n't speak for everyone in the legal services community , like the pro-bono workers in NYC	ba	contradiction
1000037	ba	ba	ba	ba	ba	ba	ba	Who knew that fellow citizens--even the scummy ones--endured such horrors due to poor life choices?	Fellow citizens -- even the scummy ones -- endured such horrors due to poor life choices	ba	contradiction
1000038	ba	ba	ba	ba	ba	ba	ba	The CEO was concerned that the activities described did not meet the strategic goals set out in company plans.	The activities described did not meet the strategic goals set out in company plans	ba	contradiction
1000066	ba	ba	ba	ba	ba	ba	ba	Poblete has claimed that the reports are completely finished, but cannot be released as of yet due to technical difficulties with Congress, but in the mean time, other reports will be released. 	The reports are completely finished	ba	contradiction
1000015	ba	ba	ba	ba	ba	ba	ba	She suggested that Bush be calm.	Bush be calm	ba	contradiction
1000040	ba	ba	ba	ba	ba	ba	ba	Brownell had found that finding lawyers who had that type of time was more challenging than expected.	Finding lawyers who had that type of time was more challenging than expected	ba	contradiction
1000019	ba	ba	ba	ba	ba	ba	ba	Topham explained that parole was signed but expired.	Parole was signed	ba	contradiction
1000030	ba	ba	ba	ba	ba	ba	ba	It's estimated that an individual life has a monetary value of about $6 million.	An individual life has a monetary value of about $ 6 million	ba	contradiction
1000023	ba	ba	ba	ba	ba	ba	ba	Key assumptions exist that the EPA embraced to quicken the evaluation.	The EPA embraced to quicken the evaluation	ba	contradiction
1000029	ba	ba	ba	ba	ba	ba	ba	people who did not provide input said that the CIO guide was bad.	The CIO guide was bad	ba	contradiction
1000027	ba	ba	ba	ba	ba	ba	ba	Burke thought that there was nothing that could unite party members.	There was nothing that could unite party members	ba	contradiction
1000030	ba	ba	ba	ba	ba	ba	ba	You need to get them to believe that you're actually Benjamin Franklin.	You 're actually Benjamin Franklin	ba	contradiction
1000063	ba	ba	ba	ba	ba	ba	ba	The Royal Mile is in fact, a mile in length, but has so many stops and things to see that it take all day to see everything on it.	It take all day to see everything on it	ba	contradiction
1000023	ba	ba	ba	ba	ba	ba	ba	Some worshippers believe that they should perform human sacrifice for Kali.	They should perform human sacrifice for Kali	ba	contradiction
1000024	ba	ba	ba	ba	ba	ba	ba	The look in his eyes showed that he had all the answers.	He had all the answers	ba	contradiction
1000034	ba	ba	ba	ba	ba	ba	ba	Poirot replied promptly that she meant that she found it on top of a wardrobe.	She found it on top of a wardrobe	ba	contradiction
1000032	ba	ba	ba	ba	ba	ba	ba	The author claims that Ted hates David because David married while Ted remained single. 	Ted hates David because David married while Ted remained single	ba	contradiction
1000013	ba	ba	ba	ba	ba	ba	ba	I pray that it will.	It will	ba	contradiction
1000017	ba	ba	ba	ba	ba	ba	ba	Most economists believe that the story is false.	The story is false	ba	contradiction
1000027	ba	ba	ba	ba	ba	ba	ba	Uncle David had the power to ensure that Dave couldn't work anymore.	Dave could n't work anymore	ba	contradiction
1000045	ba	ba	ba	ba	ba	ba	ba	It is recommended that you don't fly around the country because it will limit what you get to visit.	You do n't fly around the country because it will limit what you get to visit	ba	contradiction
1000018	ba	ba	ba	ba	ba	ba	ba	We are praying that it does not happen.	It does not happen	ba	contradiction
1000023	ba	ba	ba	ba	ba	ba	ba	Lukacs thinks that Hitlerism and modern collectivism are completely different things.	Hitlerism and modern collectivism are completely different things	ba	contradiction
1000060	ba	ba	ba	ba	ba	ba	ba	In response to my colleague telling me about how confusing it was, I said that I thought that he might put more effort into understanding it. 	I thought that he might put more effort into understanding it	ba	contradiction
1000035	ba	ba	ba	ba	ba	ba	ba	They found that the county was going too easy on them compared to others in their area.	The county was going too easy on them compared to others in their area	ba	contradiction
1000023	ba	ba	ba	ba	ba	ba	ba	She smiled when he chided that she would laugh. 	She would laugh	ba	contradiction
1000042	ba	ba	ba	ba	ba	ba	ba	It is often said that Fuji was created from piles of sand that the temple's construction workers left alone.	Fuji was created from piles of sand that the temple 's construction workers left alone	ba	contradiction
1000020	ba	ba	ba	ba	ba	ba	ba	She saw that Mrs. Inglethorp still had her despatch-case key.	Mrs. Inglethorp still had her despatch-case key	ba	contradiction
1000041	ba	ba	ba	ba	ba	ba	ba	It has been found that the bid and design processes should be combined to better take advantage of emerging construction techniques.	The bid and design processes should be combined to better take advantage of emerging construction techniques	ba	contradiction
1000031	ba	ba	ba	ba	ba	ba	ba	Saint Eugenia closes her robe so the friar does not discover that she is a woman.	She is a woman	ba	contradiction
1000028	ba	ba	ba	ba	ba	ba	ba	.NHTSA claimed that section 330 compelled them to forego completion of the analysis.	Section 330 compelled them to forego completion of the analysis	ba	contradiction
1000021	ba	ba	ba	ba	ba	ba	ba	Say that you do not think highly of the meeting.	You do not think highly of the meeting	ba	contradiction
1000023	ba	ba	ba	ba	ba	ba	ba	They believe that the women will be harmful to the town.	The women will be harmful to the town	ba	contradiction
1000038	ba	ba	ba	ba	ba	ba	ba	Some economists believe that government saving has some effect on households' expectations about future tax rates even across generations.	Government saving has some effect on households ' expectations about future tax rates even across generations	ba	contradiction
1000028	ba	ba	ba	ba	ba	ba	ba	Research says that each dollar of saving goes in part to domestic taxes.	Each dollar of saving goes in part to domestic taxes	ba	contradiction
1000023	ba	ba	ba	ba	ba	ba	ba	The laws of the Act ensure that all parties be consulted.	All parties be consulted	ba	contradiction
1000020	ba	ba	ba	ba	ba	ba	ba	It is said that Jesus never fed the multitudes.	Jesus never fed the multitudes	ba	contradiction
1000028	ba	ba	ba	ba	ba	ba	ba	All states agree that bounty hunters shouldn't have to register with the police. 	Bounty hunters should n't have to register with the police	ba	contradiction
1000017	ba	ba	ba	ba	ba	ba	ba	I hear that you've had fun.	You 've had fun	ba	contradiction
1000021	ba	ba	ba	ba	ba	ba	ba	Everyone has agreed that the defects will not be fatal.	The defects will not be fatal	ba	contradiction
1000035	ba	ba	ba	ba	ba	ba	ba	Experience shows that the quantity of limestone is high compared to other enhanced reagents like fine limestone.	The quantity of limestone is high compared to other enhanced reagents like fine limestone	ba	contradiction
1000023	ba	ba	ba	ba	ba	ba	ba	Editor Kaiser boasted that the Post was more efficient than the Times.	The Post was more efficient than the Times	ba	contradiction
1000040	ba	ba	ba	ba	ba	ba	ba	When analyzing Argentina remember that we have been cheated so much, we've learned to beat the system. 	We have been cheated so much	ba	contradiction
1000025	ba	ba	ba	ba	ba	ba	ba	The analysis indicates that there will be incremental costs to the industry.	There will be incremental costs to the industry	ba	contradiction
1000032	ba	ba	ba	ba	ba	ba	ba	The chilling words helped Ca'daan realize that he had to kill the man. 	He had to kill the man	ba	contradiction
1000019	ba	ba	ba	ba	ba	ba	ba	Sigmund Freud did not believe that people had dreams.	People had dreams	ba	contradiction
1000027	ba	ba	ba	ba	ba	ba	ba	What this means is that erections aren't just in the crotch.	Erections are n't just in the crotch	ba	contradiction
1000030	ba	ba	ba	ba	ba	ba	ba	Toby Rothschild found that being a policy wonk with Iwasaki was a more expensive option.	Being a policy wonk with Iwasaki was a more expensive option	ba	contradiction
1000048	ba	ba	ba	ba	ba	ba	ba	A basic tenet of biology used to be that the energy requirements of all living things are met ultimately by the sun from photosynthesis.	The energy requirements of all living things are met ultimately by the sun from photosynthesis	ba	contradiction
1000017	ba	ba	ba	ba	ba	ba	ba	This law demands that all cats have owners.	All cats have owners	ba	contradiction
1000020	ba	ba	ba	ba	ba	ba	ba	The approach assumes that catalyst production is increased every year.	Catalyst production is increased every year	ba	contradiction
1000027	ba	ba	ba	ba	ba	ba	ba	She knew that she would find Tommy immediately once Mrs. Vandemeyer left. 	She would find Tommy immediately once Mrs. Vandemeyer left	ba	contradiction
1000024	ba	ba	ba	ba	ba	ba	ba	The participants felt that the disclosures could have been written more clearly. 	The disclosures could have been written more clearly	ba	contradiction
1000022	ba	ba	ba	ba	ba	ba	ba	This CIO believes that his company spends too much on training.	His company spends too much on training	ba	contradiction
1000035	ba	ba	ba	ba	ba	ba	ba	Tommy knew that there was no way that she'd been in on it with them.	There was no way that she 'd been in on it with them	ba	contradiction
1000038	ba	ba	ba	ba	ba	ba	ba	A study by the University of California, Irvine determined that interactive computer programs help people fill out paperwork.	Interactive computer programs help people fill out paperwork	ba	contradiction
1000023	ba	ba	ba	ba	ba	ba	ba	LSC found that the guidance hadn't been updated in years.	The guidance had n't been updated in years	ba	contradiction
1000027	ba	ba	ba	ba	ba	ba	ba	The New Yorker's profile said that Michale Bloomberg has a lot of power.	Michale Bloomberg has a lot of power	ba	contradiction
1000054	ba	ba	ba	ba	ba	ba	ba	EPA says that there are two types of small entities that could be impacted: businesses involved in locomotive aftermarket parts production and remanufacturing and small railroads. 	There are two types of small entities that could be impacted : businesses involved in locomotive aftermarket parts production and remanufacturing and small railroads	ba	contradiction
1000019	ba	ba	ba	ba	ba	ba	ba	All Victorians believe that thrift is always a virtue.	Thrift is always a virtue	ba	contradiction
1000024	ba	ba	ba	ba	ba	ba	ba	I felt that the train's interior was poorly made and unsafe.	The train 's interior was poorly made and unsafe	ba	contradiction
1000038	ba	ba	ba	ba	ba	ba	ba	The Commission felt that it would be a waste of resources to examine the economic effect on smaller entities.	It would be a waste of resources to examine the economic effect on smaller entities	ba	contradiction
1000036	ba	ba	ba	ba	ba	ba	ba	I read your advertisement in this morning's paper and feel that I may be useful to you.	I may be useful to you	ba	contradiction
1000037	ba	ba	ba	ba	ba	ba	ba	She believed that there wouldn't be any hope of finding Tommy if Mrs. Vandemeyer got away. 	There would n't be any hope of finding Tommy if Mrs. Vandemeyer got away	ba	contradiction
1000026	ba	ba	ba	ba	ba	ba	ba	He easily said that he was helping to save you time.	He was helping to save you time	ba	contradiction
1000017	ba	ba	ba	ba	ba	ba	ba	He knew that the parties were inherently democratic.	The parties were inherently democratic	ba	contradiction
1000020	ba	ba	ba	ba	ba	ba	ba	Bailey believes that food prices have never been higher.	Food prices have never been higher	ba	contradiction
1000016	ba	ba	ba	ba	ba	ba	ba	White said that it was very easy.	It was very easy	ba	contradiction
1000018	ba	ba	ba	ba	ba	ba	ba	NRCS found that the economy is growing exponentially.	The economy is growing exponentially	ba	contradiction
1000020	ba	ba	ba	ba	ba	ba	ba	Trends show that automation has increased by 50 percent.	Automation has increased by 50 percent	ba	contradiction
1000024	ba	ba	ba	ba	ba	ba	ba	It is said that the Mississippi bubbles has yet to burst.	The Mississippi bubbles has yet to burst	ba	contradiction
1000054	ba	ba	ba	ba	ba	ba	ba	The Court agreed with the argument but still felt that a504(a)(16) wasn't in keeping with the spirit of the constitution.	A504 -LRB- a -RRB- -LRB- 16 -RRB- was n't in keeping with the spirit of the constitution	ba	contradiction
1000036	ba	ba	ba	ba	ba	ba	ba	He doesn't think that drinking in certain environments is any worse than drinking at a bar.	Drinking in certain environments is any worse than drinking at a bar	ba	contradiction
1000032	ba	ba	ba	ba	ba	ba	ba	It's thought that at least 6GWe of extra capacity might be added by 2005.	At least 6GWe of extra capacity might be added by 2005	ba	contradiction
1000021	ba	ba	ba	ba	ba	ba	ba	Why did they think that we were over here?	We were over here	ba	contradiction
1000020	ba	ba	ba	ba	ba	ba	ba	Your cousin asked that you would look after them.	You would look after them	ba	contradiction
1000030	ba	ba	ba	ba	ba	ba	ba	The Foundation anticipates that it would be best if the same approach is kept.	It would be best if the same approach is kept	ba	contradiction
1000035	ba	ba	ba	ba	ba	ba	ba	The National Academy of Sciences says that the increase comes from human activity such as driving cars.	The increase comes from human activity such as driving cars	ba	contradiction
1000020	ba	ba	ba	ba	ba	ba	ba	William Mark Lee said that Robert scolded him once.	Robert scolded him once	ba	contradiction
1000046	ba	ba	ba	ba	ba	ba	ba	Terry Russell, Florida Bar Association President, said that the hope was for earmarked surplus federal funds to be used for the welfare reform movement.	The hope was for earmarked surplus federal funds to be used for the welfare reform movement	ba	contradiction
1000019	ba	ba	ba	ba	ba	ba	ba	San'doro believes that it serves well.	It serves well	ba	contradiction
1000020	ba	ba	ba	ba	ba	ba	ba	They refuse to admit that they are wrong.	They are wrong	ba	contradiction
1000026	ba	ba	ba	ba	ba	ba	ba	It is speculated that there has been a shortage of boiler makers.	There has been a shortage of boiler makers	ba	contradiction
1000029	ba	ba	ba	ba	ba	ba	ba	She knew that her husband was unfaithful to her before he became president. 	Her husband was unfaithful to her before he became president	ba	contradiction
1000032	ba	ba	ba	ba	ba	ba	ba	Elie Wiesel believes that blacks should be happy they are even treated like humans.	Blacks should be happy they are even treated like humans	ba	contradiction
1000042	ba	ba	ba	ba	ba	ba	ba	It could be said that the Food Safety and Inspection Service went about and beyond at their job, following all requests to a T.	The Food Safety and Inspection Service went about and beyond at their job , following all requests to a T.	ba	contradiction
1000024	ba	ba	ba	ba	ba	ba	ba	Theodore Roosevelt predicted that many American tourists would travel there in winter.	Many American tourists would travel there in winter	ba	contradiction
1000038	ba	ba	ba	ba	ba	ba	ba	In today's Wall Street Journal is said that Merk's Propecia is not effective yet in restoring hair.	Merk 's Propecia is not effective yet in restoring hair	ba	contradiction
1000033	ba	ba	ba	ba	ba	ba	ba	The scout said that the pleasures he would have given your women will be lost.	The pleasures he would have given your women will be lost	ba	contradiction
1000035	ba	ba	ba	ba	ba	ba	ba	The communist leaders think that they can use Li to their advantage if they treat him correctly. 	They can use Li to their advantage if they treat him correctly	ba	contradiction
1000051	ba	ba	ba	ba	ba	ba	ba	He was looking to try to decipher what was there, and he was able to see that there was a rift.	There was a rift	ba	contradiction
1000031	ba	ba	ba	ba	ba	ba	ba	The AIM-9X designs require that the engineers have at least ten years experience in missile designing.	The engineers have at least ten years experience in missile designing	ba	contradiction
1000020	ba	ba	ba	ba	ba	ba	ba	More than one person confirmed that these statements were correct.	These statements were correct	ba	contradiction
1000041	ba	ba	ba	ba	ba	ba	ba	There is so much to see that it would take years for someone to see and appreciate it all.	It would take years for someone to see and appreciate it all	ba	contradiction
1000042	ba	ba	ba	ba	ba	ba	ba	The vice president of Legal Services Corp stated that the people living in poverty in Ohio dropped steeply in the 1990s. 	The people living in poverty in Ohio dropped steeply in the 1990s	ba	contradiction
1000020	ba	ba	ba	ba	ba	ba	ba	Messinger's stereotype was that she would like watermelon.	She would like watermelon	ba	contradiction
1000024	ba	ba	ba	ba	ba	ba	ba	Some CEOs believe that one person's talent can outperform an entire team.	One person 's talent can outperform an entire team	ba	contradiction
1000037	ba	ba	ba	ba	ba	ba	ba	Whatever speed you decide, know that most people can make it to the peak in one hour.	Most people can make it to the peak in one hour	ba	contradiction
1000046	ba	ba	ba	ba	ba	ba	ba	Modern tradition demands that you climb up through the bubbling cascades as part of a human chain, all holding each other's hands.	You climb up through the bubbling cascades as part of a human chain , all holding each other 's hands	ba	contradiction
1000017	ba	ba	ba	ba	ba	ba	ba	They thought that there would be more.	There would be more	ba	contradiction
1000020	ba	ba	ba	ba	ba	ba	ba	She believed that this shouldn't be in the recommendation	This should n't be in the recommendation	ba	contradiction
1000033	ba	ba	ba	ba	ba	ba	ba	He thinks that Tulare County Water Works should accept the protest votes as part of the democratic process.	Tulare County Water Works should accept the protest votes as part of the democratic process	ba	contradiction
1000042	ba	ba	ba	ba	ba	ba	ba	It was decided that guidance needed to be scrapped so that branch offices can create their own set of procedures.	Guidance needed to be scrapped so that branch offices can create their own set of procedures	ba	contradiction
1000032	ba	ba	ba	ba	ba	ba	ba	Many people feel that the research needs to end before it does acquire human capabilities.	The research needs to end before it does acquire human capabilities	ba	contradiction
1000041	ba	ba	ba	ba	ba	ba	ba	The agency feels that the implementation of GPRA will be successful even while waiting to implement a strategic information management department.	The implementation of GPRA will be successful even while waiting to implement a strategic information management department	ba	contradiction
1000029	ba	ba	ba	ba	ba	ba	ba	He is married and everyone has seen that he is having an affair.	He is having an affair	ba	contradiction
1000033	ba	ba	ba	ba	ba	ba	ba	It's unreasonable to say that Congress meant to limit and restrict GAO's review authority.	Congress meant to limit and restrict GAO 's review authority	ba	contradiction
1000026	ba	ba	ba	ba	ba	ba	ba	He claims that economies of scale do not apply to mail treatment.	Economies of scale do not apply to mail treatment	ba	contradiction
1000030	ba	ba	ba	ba	ba	ba	ba	The EPA's analysis showed that there would be a very small impact from regulation.	There would be a very small impact from regulation	ba	contradiction
1000026	ba	ba	ba	ba	ba	ba	ba	He didn't want clients to think that his services were cheap.	His services were cheap	ba	contradiction
1000039	ba	ba	ba	ba	ba	ba	ba	A rule that said that everyone must clock in when they came to work at GAGAS	Everyone must clock	ba	contradiction
1000064	ba	ba	ba	ba	ba	ba	ba	Care should be taken to ensure that copies of he reports are not sent to any that do not need them, or do not have clearance to receive them.	Copies of he reports are not sent to any that do not need them , or do not have clearance to receive them	ba	contradiction
1000017	ba	ba	ba	ba	ba	ba	ba	They think that history is behind them.	History is behind them	ba	contradiction
1000032	ba	ba	ba	ba	ba	ba	ba	The organizations involved in the study found that they could manage improper payments in multiple ways. 	They could manage improper payments in multiple ways	ba	contradiction
1000018	ba	ba	ba	ba	ba	ba	ba	They thought that there would be better sites.	There would be better sites	ba	contradiction
1000021	ba	ba	ba	ba	ba	ba	ba	Klimaszewski was upset that the energy circle had all the control.	The energy circle had all the control	ba	contradiction
1000036	ba	ba	ba	ba	ba	ba	ba	Preliminary data appear to confirm that the services provided by the program are making more people homeless.	The services provided by the program are making more people homeless	ba	contradiction
1000060	ba	ba	ba	ba	ba	ba	ba	Organizations that generally concentrate solely on providing legal help are forming coalitions with other types of agencies to ensure that clients get a complete solution to their problems.	Clients get a complete solution to their problems	ba	contradiction
1000023	ba	ba	ba	ba	ba	ba	ba	Many people believe that aging can be reduced with medical procedures.	Aging can be reduced with medical procedures	ba	contradiction
1000026	ba	ba	ba	ba	ba	ba	ba	This isn't saying that Dole was wondering about his wives' fertility.	Dole was wondering about his wives ' fertility	ba	contradiction
1000035	ba	ba	ba	ba	ba	ba	ba	Traditionalists complain that it will make the rivalries less intense because one team will be a powerhouse.	It will make the rivalries less intense because one team will be a powerhouse	ba	contradiction
1000027	ba	ba	ba	ba	ba	ba	ba	The IRS's expectation is that senior executives would address customer satisfaction every day.	Senior executives would address customer satisfaction every day	ba	contradiction
1000042	ba	ba	ba	ba	ba	ba	ba	Is the message that the Journal editors are trying to convey is that Dole could've won the election?	Dole could 've won the election	ba	contradiction
1000030	ba	ba	ba	ba	ba	ba	ba	Most think that military men are less intelligent than those that came before.	Military men are less intelligent than those that came before	ba	contradiction
