1002293	ba	ba	ba	ba	ba	ba	ba	Now on a Tripod home page, the site itself claims to have been hit only 1,110 times since December 1998.	Counting hits in December 1998 started the site.	ba	neutral
1000772	ba	ba	ba	ba	ba	ba	ba	This assault, in turn, helped reignite the PUK's war with the KDP.	The war between puk and kdp reignites the assault.	ba	neutral
1002412	ba	ba	ba	ba	ba	ba	ba	Republicans smell their opportunity.	Their chance feels the Republicans.	ba	neutral
1001015	ba	ba	ba	ba	ba	ba	ba	Once it survived the bailout, the company was unable to avoid rebounding.	A bailout got the company.	ba	neutral
1000286	ba	ba	ba	ba	ba	ba	ba	The LSC contract required NCPL to produce a 250-page Poverty Law Manual that introduces advocates to the fundamentals of poverty law.	A 250-page Poverty Law Manual require the NCPL.	ba	neutral
1000353	ba	ba	ba	ba	ba	ba	ba	A smart buyer is one who retains the requisite technical knowledge to accurately define the technical services needed, recognizes value during the acquisition of such technical services, and can evaluate the quality of services ultimately provided.	The technical knowledge to define the services they need retains a smart buyer.	ba	neutral
1000129	ba	ba	ba	ba	ba	ba	ba	One other--rather curious--explanation for the Republican defeat in the 1996 presidential race was proffered by a member of Bob Dole's polling staff.	The 1996 presidential race lost the Republican party.	ba	neutral
1000008	ba	ba	ba	ba	ba	ba	ba	The cape itself is the haunt of wild goats and the site of an isolated lighthouse and a watchtower, built high above the sea.	Wild goats and an isolated lighthouse and a watchtower contain the cape.	ba	neutral
1000019	ba	ba	ba	ba	ba	ba	ba	This exciting museum embraces France's tremendous creativity from 1848 to 1914 in the domains of painting, sculpture, architecture and industrial design, advertising, newspapers, book publishing, photography, and the early years of cinema.	Painting , sculpture , architecture , and more celebrates the museum.	ba	neutral
1001976	ba	ba	ba	ba	ba	ba	ba	In many circles, The Biological Differences Between Men and Women are fighting words.	Men and Women fight the Biological Differences.	ba	neutral
1002873	ba	ba	ba	ba	ba	ba	ba	The Germans are so efficient.	Things done quickly and easily get the Germans.	ba	neutral
1001081	ba	ba	ba	ba	ba	ba	ba	Also, these simulations reflect discretionary spending growing with inflation after 2001; in our earlier reports, discretionary spending was assumed to comply with statutory caps in effect through 2002.	A different amount of discretionary spending reflects these simulations.	ba	neutral
1001950	ba	ba	ba	ba	ba	ba	ba	Table 7 illustrates key criteria used by commercial companies that are currently lacking in DOD's policy.	Parameters used by companies that are n't included in the policy show the table.	ba	neutral
1000540	ba	ba	ba	ba	ba	ba	ba	Of course, this decision raises plenty of questions of its own.	A lot of questions of its own raises the decisions.	ba	neutral
1003149	ba	ba	ba	ba	ba	ba	ba	Or an archaeologist in the Yucatan who flies her own plane and owns a supper club called The Fuzzy Slipper.	A supper club own an archaeologist.	ba	neutral
1000521	ba	ba	ba	ba	ba	ba	ba	The city center lies within the walls of a vast fortress started by the Venetians and reinforced by the Turks.	A fortress which surrounds the city center built the Venetians.	ba	neutral
1002947	ba	ba	ba	ba	ba	ba	ba	The park features a monumental sculpture (by local artist Kitamura Seibo) that stirred considerable controversy when unveiled in 1955.	A massive sculpture that held a lot of controversies featured the park.	ba	neutral
1003139	ba	ba	ba	ba	ba	ba	ba	A lovely 14th-century Virgin and Child, emblematic of the cathedral's name, Notre-Dame de Paris (Our Lady of Paris), is to the right of the choir entrance.	An image of a child contains the Notre-Dame cathedral.	ba	neutral
1000625	ba	ba	ba	ba	ba	ba	ba	The small museum at the site traces the history of the island from the time of the Arawak.	Some history about the island showcases the museum.	ba	neutral
1002479	ba	ba	ba	ba	ba	ba	ba	the Data in the Final Report	Data contained the final report.	ba	neutral
1002684	ba	ba	ba	ba	ba	ba	ba	The Turks waged a titanic war to wrest the island from the Venetians.	A war to take the island away from the Venetians fought the Turks.	ba	neutral
1001090	ba	ba	ba	ba	ba	ba	ba	The applications previously discussed that involved multisite case studies are cross- that is, information from several sites is collected at the same time.	Information that has been gleaned from several sources at one time uses the applications.	ba	neutral
1002377	ba	ba	ba	ba	ba	ba	ba	Scotland suffered ten years of military rule under Cromwell's Commonwealth.	A very long time suffered the Scottish people.	ba	neutral
1002821	ba	ba	ba	ba	ba	ba	ba	Cumulative balances of available leave by type per employee are required to be maintained on record.	Each worker 's combined total number for all kinds of unutilized leave states the record.	ba	neutral
1002334	ba	ba	ba	ba	ba	ba	ba	Was it to stop that denunciation that the crime had been committed? 	A clear motive for why the crime might have been committed presented the denunciation.	ba	neutral
1000077	ba	ba	ba	ba	ba	ba	ba	Like the emblem on its coat of arms, the Ile de la Cite takes the form of a boat, with the romantic tree-shaded place du Vert Galant as its prow pointing downstream.	The form of a boat takes the building.	ba	neutral
1002023	ba	ba	ba	ba	ba	ba	ba	The Department reports that it reviewed this rule in relation to the requirements of the Regulatory Flexibility Act, 5 U.S.C.	The requirements of the Regulatory Flexibility Act follow the department.	ba	neutral
1001900	ba	ba	ba	ba	ba	ba	ba	And, even if the choice were up to each of us, it would be a choice we make in a community that still places strong constraints on what a black thinker can do.	Rules against African American people set the community.	ba	neutral
1002516	ba	ba	ba	ba	ba	ba	ba	Network legal analysts and reporters followed suit, marveling at Wright's guts and gumption, even as their own instant polls showed the public favored the ruling.	The ruling favored the public.	ba	neutral
1000309	ba	ba	ba	ba	ba	ba	ba	The factual record and the statutory scheme in which the language arises, on the other hand, provide an important context for consideration of the legal question of when an alien must be present in	An important context provides the record.	ba	neutral
1000397	ba	ba	ba	ba	ba	ba	ba	The main house is now a museum of antiques, including furniture from a variety of centuries and origins.	A many pieces of antique furniture contain the main house.	ba	neutral
1001044	ba	ba	ba	ba	ba	ba	ba	For me, every day when I'm working it's like a  you get up, go see all these people, and do the thing you love most.	Their job loves this person.	ba	neutral
1002492	ba	ba	ba	ba	ba	ba	ba	On the other hand, the Board believes that certain stewardship information should receive more audit scrutiny than it would if it were RSI.	Certain stewardship information to receive more audit scrutiny that it would if it were RSI want the board.	ba	neutral
1000734	ba	ba	ba	ba	ba	ba	ba	All the artifacts here were excavated at Tell al Amarna including two giant statues of the Pharaoh with his distinctive long chin and rounded belly.	The Pharaoh 's distinct features shows both huge statues.	ba	neutral
1002869	ba	ba	ba	ba	ba	ba	ba	 The executives receive a rating on how well they achieved their responsibilities during the year and the actions taken to support the accomplishment of the strategic goals and annual business plan.	A rating for how well they perform gets the executives.	ba	neutral
1000012	ba	ba	ba	ba	ba	ba	ba	He looked up to the hulking shadow of the Old One silhouetted against the blackening sky.	A shadow made the Old One.	ba	neutral
1000101	ba	ba	ba	ba	ba	ba	ba	1 ROLE OF THE STATISTICIAN	A role plays the statistician.	ba	neutral
1000021	ba	ba	ba	ba	ba	ba	ba	There are 16 El Grecos in this small collection.	16 El Grecos contain this small collection.	ba	neutral
1001433	ba	ba	ba	ba	ba	ba	ba	Their fees, which can range between $75 and $150 per hour under a private system, are paid for by the family, said Muskie Fellowship recipient Alison Beyea.	The funds for the private system fees provide the family.	ba	neutral
1000274	ba	ba	ba	ba	ba	ba	ba	For those who want a slightly more challenging walk, but without a lot of hills to walk up and down, there are a number of routes in the Lake District with little or no gradient.	The route in the Lake District likes some people.	ba	neutral
1002806	ba	ba	ba	ba	ba	ba	ba	"Then of the four elements--"" Dave gulped, but kept silent, ""--of the four elements the universe is built."	The universe built the four elements that.	ba	neutral
1000989	ba	ba	ba	ba	ba	ba	ba	Ireland Under the Normans	Ireland ruled the Normans.	ba	neutral
1000456	ba	ba	ba	ba	ba	ba	ba	Among the additional ingredients are morsels of squid and shrimp, mussels, rabbit, sausage, peppers, chicken, onions, peas and beans, tomatoes, garlic . . . and whatever else happens to inspire the cook at the moment.	Mussels and onions include the supplementary ingredients.	ba	neutral
1001653	ba	ba	ba	ba	ba	ba	ba	A tightly wrapped head, with encapsulated eyes, nose, and mouth, doubtless suited the publicly shrouded female of antiquity, whose intelligence flowered wholly unseen.	The shrouded female of antiquity whose intelligence flowered secretly suited a tightly wrapped face.	ba	neutral
1002744	ba	ba	ba	ba	ba	ba	ba	In the former residence of an 18th-century cardinal, this charming small hotel occupies part of the city's medieval fortifications.	Part of the city 's medieval fortifications occupies the hotel.	ba	neutral
1000384	ba	ba	ba	ba	ba	ba	ba	This approach requires a total time of 16 months.	16 months require this approach.	ba	neutral
1001068	ba	ba	ba	ba	ba	ba	ba	However, one participant questioned that since almost 10 years have gone by since the Jenkins Committee made its recommendations, is there really a demand for change?	The need for change questions some people.	ba	neutral
1003067	ba	ba	ba	ba	ba	ba	ba	The present site covers 28 hectares (70 acres) of ground divided into several different natural environments.	A large area of diverse environments covers the current site.	ba	neutral
1000134	ba	ba	ba	ba	ba	ba	ba	The newcomers were the Hittites, and their domination of Anatolia can be divided into three distinct  the Old Kingdom (c. 1600 1450 b.c. ), then the New or Empire Period (c.1450 1200 b.c. ), and the Late Hittite Period (c. 1200 700 b.c. ). Their first capital city was Hattusa (now Bo azk??y, near Ankara), which dates from the 13th century b.c. and has tombs, fortifications, enclosed temples, and a citadel containing an impressive library of more than 3,300 cuneiform tablets.	Anatolia dominated the Hittites.	ba	neutral
1002380	ba	ba	ba	ba	ba	ba	ba	The Voth stared out at the packs of marauders racing through the ruins of the village.	People running in the village saw the Voth.	ba	neutral
1002929	ba	ba	ba	ba	ba	ba	ba	Its impact analyses do consider information and comments developed in connection with its fee schedule rules for prior years.	A consideration for the information demonstrates the analyses.	ba	neutral
1002294	ba	ba	ba	ba	ba	ba	ba	Interacting with the Council is an important way to influence research priorities, she said.	Research priorities influence the council.	ba	neutral
1001872	ba	ba	ba	ba	ba	ba	ba	The final rule contains a modification of a previously approved information collection requirement under the Paperwork Reduction Act.	A modification with the previously approved information contains the final rule.	ba	neutral
1000964	ba	ba	ba	ba	ba	ba	ba	Only then did he realize how one chair could complicate his life.	The person 's life more complicated made the chair.	ba	neutral
1000009	ba	ba	ba	ba	ba	ba	ba	The carriage creaked and groaned in protest; the whole thing wavering with stress.	A lot of noise made the carriage.	ba	neutral
1002667	ba	ba	ba	ba	ba	ba	ba	On June 6th, the President announced a proposal to establish a Department of Homeland Security (DHS) and on June 18th he transmitted draft legislation to the Congress for its consideration.	The Department of Homeland Security created the President.	ba	neutral
1002222	ba	ba	ba	ba	ba	ba	ba	The object of the game is to come as close as possible to 9; the only real skill involved is deciding whether to bet on the player or the bank (i.e., the dealer).	A player and a bank involves the game.	ba	neutral
1000660	ba	ba	ba	ba	ba	ba	ba	An interview in which, after an initial or lead question, subsequent questions are determined by topics brought up by the person being interviewed; the concerns discussed, their sequence, and specific information obtained are not predetermined and the discussion is unconstrained, able to move in unexpected directions.	The future questions shape the interviewee.	ba	neutral
1002651	ba	ba	ba	ba	ba	ba	ba	The saber rang off of his chestguard buckle and then struck the ground past him, the chain still tangled in the claws of the scorpion guard.	The armor hits the sword.	ba	neutral
1003066	ba	ba	ba	ba	ba	ba	ba	He drank deep.	A deep drink took the man.	ba	neutral
1001508	ba	ba	ba	ba	ba	ba	ba	The older Royal Malaysian Police Museum (1961) on Jalan Semarakiaighlights the war against the communist insurgents from 1948 to 1960, known as The Emergency. 	The war against communist insurgents highlights the museum.	ba	neutral
1002042	ba	ba	ba	ba	ba	ba	ba	Liberals have been like the pre-Civil War Whigs, at least as rendered by Louis Hartz in his classic Liberal Tradition in America . The Whigs kept seeing the proles through the lens of Europe's old feudal societies, imagining that America's lower orders wanted to seize property rather than acquire it.	Things like in the feudal societies framed the Whigs.	ba	neutral
1001311	ba	ba	ba	ba	ba	ba	ba	Statements such as these add a great deal of spice to Johnson's ambitious History . No one can accuse him of waffling.	Johnson 's history a lot affects these statements.	ba	neutral
1001649	ba	ba	ba	ba	ba	ba	ba	Evidence Indicative of Fraud, Illegal Acts, Or Other Noncompliance	Illegal acts or other noncompliance show the evidence.	ba	neutral
1003078	ba	ba	ba	ba	ba	ba	ba	An undulating coastal highway completely encircles this mountainous and densely forested island, but it's much too long a trip to make comfortably in one day.	This mountainous and heavily forested island surrounds a coastal highway.	ba	neutral
1002126	ba	ba	ba	ba	ba	ba	ba	The divisions resulted in Veneto (Venice and its hinterland), Emilia (between Ravenna and Modena), and Pentapolo (between Rimini and Perugia), plus Rome and Naples (with Sicily and Calabria).	Veneto , Pentapolo , also Rome and Naples caused the split.	ba	neutral
1000381	ba	ba	ba	ba	ba	ba	ba	Ironically, the British occupation gave Guadeloupe's economy a big  between 20,000 and 30,000 more slaves were transported in and new cane-grinding windmills built, all of which spurred the sugar trade to unprecedented prosperity.	Guadeloupe 's economy boosted the British occupation.	ba	neutral
1001478	ba	ba	ba	ba	ba	ba	ba	The PKK has also bombed Turkish targets in Germany.	Turkish targets in Germany bombed the PKK.	ba	neutral
1001965	ba	ba	ba	ba	ba	ba	ba	The FCC prepared both an Initial Regulatory Flexibility Analysis and a Final Regulatory Flexibility Analysis in connection with the proposed and final rules, respectively.	The final rules proposed the FCC.	ba	neutral
1000780	ba	ba	ba	ba	ba	ba	ba	It is the largest of the gardens, with 12 terraces and lined with fine cedars and cypresses.	Terraces lined with cedar and cypress trees feature the largest garden.	ba	neutral
1000109	ba	ba	ba	ba	ba	ba	ba	They go blind.	Their eyesight loses the people.	ba	neutral
1001453	ba	ba	ba	ba	ba	ba	ba	The Secretaries found that the requirements are effective January 1, 1998, under the provisions of the MHPA and that plan administrators and sponsors, issuers, and participants needed guidance on the new statutory provisions before the effective date.	Requirements in which become effective on the first on January found the secretaries.	ba	neutral
1000431	ba	ba	ba	ba	ba	ba	ba	GAO will usually not solicit agency comments if a report summarizes information from a recently issued GAO report.	Different types of agencies examine the GAO.	ba	neutral
1002507	ba	ba	ba	ba	ba	ba	ba	The territory is divided into nearly 6000 delivery areas.	Nearly 6000 areas contain the territory.	ba	neutral
1000156	ba	ba	ba	ba	ba	ba	ba	We'll need food, water, and shelter.	Basic necessities need the people.	ba	neutral
1000298	ba	ba	ba	ba	ba	ba	ba	Romans infused Greek refinement with their own energy to create a unique mixture of elegance and realism, delicacy and strength, which have remained the essence of Italian life and art.	Parts of the Greek culture adopted the Romans.	ba	neutral
1001307	ba	ba	ba	ba	ba	ba	ba	He writes, Not the Jews but Marxism and Social Democracy served as the prime scapegoats of Nazi propaganda during their rise to power.	Marxism and Social Democracy as their scapegoats used the Nazis.	ba	neutral
1000980	ba	ba	ba	ba	ba	ba	ba	Three days later another atomic bomb devastated the southern port of Nagasaki.	Nagasaki hits an atomic bomb.	ba	neutral
1001741	ba	ba	ba	ba	ba	ba	ba	Attributing its facts to a report by the country's High Audit Commission, the paper said that 43,000 state officials had been found to have abused their positions for illegal financial gain.	Many state officials that have been doing illegal actions expose the paper.	ba	neutral
1000108	ba	ba	ba	ba	ba	ba	ba	 First, a note about the lavish traditional  the men sport red hats (similar to the Catalonian model), bandannas tied round their necks, gold-trimmed black corduroy or cotton jackets over their loose-fitting white shirts, bright red cummerbunds, baggy trousers of white linen , wide at the thighs but tight at the ankles, and the familiar Ibicenco straw shoes for comfort.	Elaborate local garb which can be very noteworthy wears the men.	ba	neutral
1002838	ba	ba	ba	ba	ba	ba	ba	Alcohol and injury, as well as brief interventions, are on the list.	Alcohol and injury include the list.	ba	neutral
1000656	ba	ba	ba	ba	ba	ba	ba	LSC representation of aliens is limited to certain classes of aliens who broadly may be described as lawful permanent residents, prospective lawful permanent residents and one specific group of temporary, nonimmigrants.	Aliens who are lawful residents represent the LSC.	ba	neutral
1000559	ba	ba	ba	ba	ba	ba	ba	This office is intended to, among other things, help taxpayers who cannot get their problems resolved through normal IRS channels.	Taxpayers help the office.	ba	neutral
1002682	ba	ba	ba	ba	ba	ba	ba	The term residence is defined in the INA as the place of general abode; the place ofgeneral abode of a person means his principal, actual dwelling place in fact, without regard to intent.	A definition of the term residence gives the INA.	ba	neutral
1003040	ba	ba	ba	ba	ba	ba	ba	These routes are largely a suburban phenomenon, they reach more stops in a day and hence, have more volume.	More stops each day reach the routes.	ba	neutral
1002016	ba	ba	ba	ba	ba	ba	ba	It has ranges of barren hills and mountains as well as green fertile valleys that produce grapes and olives in abundance.	Grapes and olives grow the valleys.	ba	neutral
1000868	ba	ba	ba	ba	ba	ba	ba	It jumped again after Congress demanded that the IRS prevent cheating on the Earned Income Tax Credit.	Cheating prevented the IRS.	ba	neutral
1000758	ba	ba	ba	ba	ba	ba	ba	In both notices, the Commission prepared and published an Initial Regulatory Flexibility Analysis and invited written public comments on the proposed rulemaking, including comments on the initial regulatory flexibility analysis.	An analysis published the Commission.	ba	neutral
1000753	ba	ba	ba	ba	ba	ba	ba	According to the Department, this rule affects the determination of eligibility and benefit levels; it does not affect the current information collection requirements for making such determinations.	The determination of eligibility affects the rule.	ba	neutral
1003052	ba	ba	ba	ba	ba	ba	ba	This report focuses on best practices for achieving knowledge points 2 and 3, particularly at how successful companies design and manufacture a product within established cost, schedule, and quality targets.	The best practices to design and manufacture a product within several parameters outline this guide.	ba	neutral
1000739	ba	ba	ba	ba	ba	ba	ba	Room 21: Vittore Carpaccio depicts in nine canvases the bizarre Story of St. Ursula, a British princess, said to have led 11,000 virgins on a pilgrimage to Rome, all of whom were raped and slaughtered on their way back.	The story of St. Ursula , a princess from Britain tells the nine canvases.	ba	neutral
1002145	ba	ba	ba	ba	ba	ba	ba	Its church, the Eglise Saint-Etienne, harmoniously combines Roman?­esque towers and nave with Gothic steeples, choir, and chancel.	Roman and Gothic features combines the church.	ba	neutral
1001063	ba	ba	ba	ba	ba	ba	ba	The climax is the movie starring John Travolta.	John Travolta star the movie.	ba	neutral
1003148	ba	ba	ba	ba	ba	ba	ba	The analysis further describes the small entities covered by the Report and Order, addressing separately cellular licensees, broadband personal communication service licensees, and specialized mobile radio licensees.	The small entities describe the analysis.	ba	neutral
1002941	ba	ba	ba	ba	ba	ba	ba	Oh yes, only the day after after after tomorrow, and maybe even after, the manager replied and began to eat quickly to change the subject, 'hmm...good, those multi-flavor ones.'	The subject changed the manager.	ba	neutral
1003041	ba	ba	ba	ba	ba	ba	ba	A few moments later, he found the barber also using a jar to collect the hair and shaving stubble.	The hair and shaving stubble collects the barber.	ba	neutral
1000925	ba	ba	ba	ba	ba	ba	ba	The Jamaican People's Museum of Craft and Technology, housed in a reconstructed corner of the house, features a model of how the building looked before the fire.	A model of how the building looked before the fire features the Museum.	ba	neutral
1001684	ba	ba	ba	ba	ba	ba	ba	There is also a museum illustrating the history of the horse in Ireland (including the skeleton of the legendary racehorse Arkle).	The history of the horse shows the museum.	ba	neutral
1002763	ba	ba	ba	ba	ba	ba	ba	He came a cropper, and the girl was left an orphan and penniless. 	A poor orphan became the girl.	ba	neutral
1002983	ba	ba	ba	ba	ba	ba	ba	To provide GAO evaluators with basic information about the more commonly used methodologies, GAO's policy guidance includes documents such as methodology transfer papers and technical guidelines.	Documents about commonly used methodologies publish the GAO.	ba	neutral
1001249	ba	ba	ba	ba	ba	ba	ba	The modular construction offered practically unlimited possible combinations in creating a new character, and several suggested on the back of the box gave a taste of this incredible action-figure adventure: Rambie 3, Winnie the Poohman, Donald Potter, or Atomic Ostrich.	Combinations such as Atomic Ostrich and Donald Potter offered the modular construction.	ba	neutral
1000533	ba	ba	ba	ba	ba	ba	ba	The Robert W. Carey Quality Award is VA's most prestigious award for quality achievement.	The Robert W. Cary Quality Award for quality achievement offer the VA.	ba	neutral
1000843	ba	ba	ba	ba	ba	ba	ba	Company officials told us that these two tools enabled a smooth transition from product development to production, resulting in better program outcomes.	Positive feedback received the two tools.	ba	neutral
1000586	ba	ba	ba	ba	ba	ba	ba	These giants weigh anything from 90 to 165 kg (200 to 350 pounds), yet they have grace, dignity, and suppleness that belie their massive bulk.	Hundreds of pounds weigh the giants.	ba	neutral
1002647	ba	ba	ba	ba	ba	ba	ba	In fact, the average IOLTA interest rate paid in 2000 by all of the participating banks was 1.6 percent.	1.6 percent in interest payed the participating banks.	ba	neutral
1000635	ba	ba	ba	ba	ba	ba	ba	These two principles provide the foundation for the CIOas effectiveness in carrying out the CIO organizationas specific responsibilities.	The foundation for the CIOas effectiveness provides these two principles.	ba	neutral
1001823	ba	ba	ba	ba	ba	ba	ba	2 The principals ultimately decide upon the principles and standards.	Decisions make the principals.	ba	neutral
1000792	ba	ba	ba	ba	ba	ba	ba	At the other end of the fortifications, the terrace of the Logis Royal (Royal Lodge) affords a delightful view over the village and the Indre Valley.	A delightful view over the village affords the terrace.	ba	neutral
1001852	ba	ba	ba	ba	ba	ba	ba	Both these conclusions play to Clinton's advantage.	Clinton 's advantage helps those conclusions.	ba	neutral
1002857	ba	ba	ba	ba	ba	ba	ba	The Olafsons are delighted with the new owners.	The people that bought it like the Olafsons.	ba	neutral
1001878	ba	ba	ba	ba	ba	ba	ba	Porcelain friezes adorn the rooftops and ridgepoles, telling the story of the Romance of the Three Kingdoms.	The tale of the Romance of the Three Kingdoms tells the porcelain.	ba	neutral
1000443	ba	ba	ba	ba	ba	ba	ba	Internal Validity The extent to which the causes of an effect are established by an inquiry.	Internal validity established an inquiry.	ba	neutral
1002569	ba	ba	ba	ba	ba	ba	ba	Determined to cloak himself in the legend of his uncle's grandeur, he saw his own role as that of champion of the people.	The need to follow in his uncle 's footsteps felt the man.	ba	neutral
1001857	ba	ba	ba	ba	ba	ba	ba	Much better served by the rains, with some parts benefitting from the peninsula's two monsoon seasons, in the summer and early winter, the south's vegetation is luxuriant and colorful.	Two monsoon seasons experience the peninsula.	ba	neutral
1002070	ba	ba	ba	ba	ba	ba	ba	A moment later he was glad that he had, for it was not Conrad who entered, but a girl.	The room entered a girl.	ba	neutral
1002273	ba	ba	ba	ba	ba	ba	ba	The chateau also houses Stras?­bourg's Mus??e des Beaux-Arts, noteworthy for its Giotto Cru?­ci?­fixion, Raphael's La For?­na?­rina, and the remarkable somber realism of Watteau's L'Ecureuse de cuivre.	Several famous artworks house the chateau.	ba	neutral
1000501	ba	ba	ba	ba	ba	ba	ba	The preamble also describes the seven alternatives considered by FDA in promulgating this rule and why it believes that the alternative selected (the mammalian-to-ruminant prohibition--with exceptions) is the most cost-effective regulatory alternative that meets the objective of the agency.	Less than 8 alternative considered by the FDA describes the preamble.	ba	neutral
1002635	ba	ba	ba	ba	ba	ba	ba	Coma Longer Than Expected	A while lasted the coma.	ba	neutral
1002085	ba	ba	ba	ba	ba	ba	ba	Some of the best food in the country is produced poultry from Bresse; freshwater fish from the Savoie lakes; Charolais beef; pears, apples, and cherries from orchards to the north of town, and peaches and apricots from the ones to the south.	Poultry , fish , beef , and many types of fruit produces the country.	ba	neutral
1002653	ba	ba	ba	ba	ba	ba	ba	America faces a demographic tidal wave that poses significant challenges for individuals' retirement security and our economy as a whole.	Challenges for the American economy pose a demographic shift.	ba	neutral
1002934	ba	ba	ba	ba	ba	ba	ba	Gimme a spoon, the CEO said, and like a true connoisseur began to sniff the mixture first.	A spoon to smell the mixture wanted the CEO.	ba	neutral
1002066	ba	ba	ba	ba	ba	ba	ba	In addition, the women wear various heavy rings.	Heavy jewelry wears the women.	ba	neutral
1001767	ba	ba	ba	ba	ba	ba	ba	The island has good white sandy beaches and offers some pleasant walks in the jungle.	Beaches and a jungle contain the island.	ba	neutral
1000121	ba	ba	ba	ba	ba	ba	ba	In addition, the MCCJ sponsored, with funding from the Maryland Legal Services Corporation and the Project for the Future of Equal Justice, a thorough evaluation of the state's delivery system by consultant John A. Tull.	An evaluation of the delivery system sponsored the MCCJ.	ba	neutral
1002351	ba	ba	ba	ba	ba	ba	ba	Once, the huge man swung so hard he lost his balance and stumbled forward.	His balance lost the huge man.	ba	neutral
1000628	ba	ba	ba	ba	ba	ba	ba	The Townies have been going to school in Washington forever, and they hate the popular newcomer who has displaced them in prestige.	The popular newcomer who has displaced them in prestige at the very least hates the Townies.	ba	neutral
1001718	ba	ba	ba	ba	ba	ba	ba	The show vainly leads each week with a high-minded story designed to appeal to good-government liberals.	A story to make liberals happy shows the show.	ba	neutral
1000701	ba	ba	ba	ba	ba	ba	ba	It growls and snaps at the air, and though it does manage to stomp one victim (who, in a nice touch, sticks to the bottom of its foot like a piece of gum), in general it moves with such a lumbering gait that we might as well be back in the '60s watching Valley of the Gwangi . Where is the lethal swiftness of the predator?	One victim stomped the predator.	ba	neutral
1002672	ba	ba	ba	ba	ba	ba	ba	1 Many of the challenges discussed in that series represent long-standing, difficult, and complex problems that our work has shown will not be easily or quickly resolved.	Several challenges that wo n't be easily overcome discuss that series.	ba	neutral
1002174	ba	ba	ba	ba	ba	ba	ba	The market developed during the Fatimid period on the main street of Cairo that connected the main city gates of Bab Zuweila in the south and Bab El-Futah in the north.	The main street developed the fatimid period.	ba	neutral
1002376	ba	ba	ba	ba	ba	ba	ba	It is said that 30,000 defenders died but there were 118,000 fatalities among the besiegers.	Almost quadruple the number of lives lost the besiegers.	ba	neutral
1002083	ba	ba	ba	ba	ba	ba	ba	Watch for onyx from Argentina and shark-cartilage pendants from Uruguay, among other exotic items.	Uruguayan shark pendants and Argentinian onyx include some exotic items.	ba	neutral
1001064	ba	ba	ba	ba	ba	ba	ba	Just behind the back wall of the main chapel, the Transparente is the cathedral's most unforgettable innovation.	The Transparente behind the main chapel contains the cathedral.	ba	neutral
1001299	ba	ba	ba	ba	ba	ba	ba	Oh, probably not, [because] it would create a huge political scene.	Huge political scenes cause some things.	ba	neutral
1001578	ba	ba	ba	ba	ba	ba	ba	The pattern shown by these graphs is clear.	A clear pattern shows the graphs.	ba	neutral
1002685	ba	ba	ba	ba	ba	ba	ba	In the interim, the consolidated financial reports should include such summary or selected information as is feasible.	The consolidated financial reports contain the interim.	ba	neutral
1001880	ba	ba	ba	ba	ba	ba	ba	In addition to women, other subgroups such as adolescents, older adults, pregnant women, psychiatric patients, and Spanish speakers may need screening with modified or unique tests.	Their own tests need some subgroups.	ba	neutral
1001237	ba	ba	ba	ba	ba	ba	ba	You're sure to find a little remote spot all to yourself.	Your discovery awaits a secluded spot.	ba	neutral
1002458	ba	ba	ba	ba	ba	ba	ba	Here you can browse upcoming events, locate your favorite stores in our store directory, shop online or find products before coming to the mall.	Lots of information for shoppers about what is inside our mall and what is happening in our mall contain this page.	ba	neutral
1003038	ba	ba	ba	ba	ba	ba	ba	"It bore the inscription, ""Mr. Edward Whittington."" Below the name were the words ""Esthonia Glassware Co.,"" and the address of a city office."	A name and the address of a city office included the inscription.	ba	neutral
1000440	ba	ba	ba	ba	ba	ba	ba	What I hadn't realized when I posted this question was that two different types of responses were possible--those that mock the idiocy of Warren Weideman for proposing truly stupid movies, frequently involving an abstruse philosopher, and those that mock Showtime for making truly stupid movies, frequently involving Shannon Tweed with her shirt off.	The idocy of Warren Weideman mocks some people.	ba	neutral
1001876	ba	ba	ba	ba	ba	ba	ba	Nevertheless, the Board reiterates its position that entities should be provided maximum flexibility when applying the stewardship standards.	Its position confirms the Board.	ba	neutral
1003137	ba	ba	ba	ba	ba	ba	ba	To see where the British and Canadians, with the support of the Free French forces, attacked on the eastern half of the beaches, start out at the port town of Ouistreham-Riva-Bella.	The British and Canadians in their attack supported the Free French forces.	ba	neutral
1002179	ba	ba	ba	ba	ba	ba	ba	mudejar elements, it maintains a poignant souvenir on the outer wall the chains that held Christian prisoners of the Moors.	Christian prisoners of the Moors held the outer wall.	ba	neutral
1001810	ba	ba	ba	ba	ba	ba	ba	Through him, the Japanese imperial court developed Chinese patterns of centralized government, with its formal bureaucracy of eight court ranks.	Chinese patterns developed the Japanese imperial court.	ba	neutral
1000000	ba	ba	ba	ba	ba	ba	ba	The New York Times ' Janet Maslin says the film works precisely because it is derivative--its stars, Matt Dillon and Gary Sinise, emulate the characters in The Usual Suspects , which gives them extraordinary opportunities to preen.	Matt Dillon and Gary Sinise star the movie.	ba	neutral
1001499	ba	ba	ba	ba	ba	ba	ba	So we come to the usual question how much? Tuppence was in a dilemma.	Tuppence in a conundrum puts the question.	ba	neutral
1000423	ba	ba	ba	ba	ba	ba	ba	However, the structure was never finished and lacks the epic reliefs (carved images) found at Philae and Denderah (see pages 70 and 62).	The carved images that are found at Philae lacked the structure.	ba	neutral
1000834	ba	ba	ba	ba	ba	ba	ba	In that instance, the public was probably expressing disapproval of the press.	The press dislikes the general public.	ba	neutral
1001018	ba	ba	ba	ba	ba	ba	ba	Visitors can tour the palace only when the monarch is not in residence.	Visitors on certain days welcome the palace.	ba	neutral
1000781	ba	ba	ba	ba	ba	ba	ba	The SEC received 39 comments and in the preamble to the final rule discusses the comments received and the modifications made to the proposed rule as a result of the comments.	Some comments got the SEC.	ba	neutral
1000622	ba	ba	ba	ba	ba	ba	ba	Even if you take the cable car, drink much more liquid than normal; dehydration and sunstroke are common throughout the Dead Sea region.	Sunstroke in the Dead Sea region gets some people.	ba	neutral
1000488	ba	ba	ba	ba	ba	ba	ba	A massive fortress was built overlooking the Temple Mount, which Herod named  Antonia  in honor of his Roman friend and benefactor, Mark Antony.	The Temple Mount overlooked the fortress.	ba	neutral
1001091	ba	ba	ba	ba	ba	ba	ba	Crawling out of that salt-water tank at an ungodly hour of the morning, stumbling to Derry's... The lab looked just the same as it had that night; tubes filled with fleshy bodies.	Tubes filled with fleshy bodies contained the lab.	ba	neutral
1001262	ba	ba	ba	ba	ba	ba	ba	Many souvenir shops in the major resorts tend to cater to the popular; however, you don't need to look far to find locally produced goods that make wonderful remembrances of your trip and the narrow streets of the old towns are the perfect places to browse for hours.	Many locally produced goods that make suitable souvenirs offer the old towns.	ba	neutral
1000222	ba	ba	ba	ba	ba	ba	ba	The enviros watch them with mixed pleasure and concern.	A mixture of pleasure and concern feels the enviros.	ba	neutral
1001122	ba	ba	ba	ba	ba	ba	ba	The British tabloids gave major coverage to a recent photograph of Cherie Blair, the British prime minister's wife, showing her wearing a bioelectric pendant round her neck to protect her from harmful energy rays.	A lot of photos of Cherie Blair showed the British papers.	ba	neutral
1000302	ba	ba	ba	ba	ba	ba	ba	Both mags run wine stories.	Wine stories covered the two magazines.	ba	neutral
1001971	ba	ba	ba	ba	ba	ba	ba	Black slaves from Africa also arrived in the earliest years of the colony.	Several black slaves received the colony.	ba	neutral
1000200	ba	ba	ba	ba	ba	ba	ba	Publishers regularly write bonuses into contracts to factor in the possibility that a book will makes the Times list.	Bonuses in contracts include some publishers.	ba	neutral
1002400	ba	ba	ba	ba	ba	ba	ba	One action was to task a training committee to develop and implement a Training Needs Assessment tool to determine employees' training needs and to schedule training for fiscal year 2002.	A tool to determine training needs created the committee.	ba	neutral
1001082	ba	ba	ba	ba	ba	ba	ba	As discussed above, the Commission noted that the Securities Exchange Act of 1934 (15 U.S.C.	The Securities Exchange Act discussed the Commission.	ba	neutral
1002616	ba	ba	ba	ba	ba	ba	ba	That boy needs an editor.	His work to be edited needs that boy.	ba	neutral
1002062	ba	ba	ba	ba	ba	ba	ba	Seven centuries later, the Bene?­dictine mon?­as?­tery was disbanded by the Revolution.	The Benedictine monastery disbanded the Revolution.	ba	neutral
1000057	ba	ba	ba	ba	ba	ba	ba	A man approached from the trail to the large house.	The large house approached a man.	ba	neutral
1001789	ba	ba	ba	ba	ba	ba	ba	 The man snorted.	Indignation expressed the man.	ba	neutral
1002912	ba	ba	ba	ba	ba	ba	ba	The case for not acting until you have to was put most vividly by Senate Assistant Majority Leader Don Nickles of Oklahoma, in a remark that also captures the hard-nosed attitude regarding humanitarian concerns.	Their sentiment summarized the statement.	ba	neutral
1000052	ba	ba	ba	ba	ba	ba	ba	In contrast, this may not be the case in Sunni-dominated Pakistan and Saudi Arabia.	Pakistan dominates the Sunnis.	ba	neutral
1002988	ba	ba	ba	ba	ba	ba	ba	The best view is from the riverbank near the Ceteau Saint-Privat, beyond the aqueduct.	The best view gives the riverbank.	ba	neutral
1002496	ba	ba	ba	ba	ba	ba	ba	They'd gotten the right man for the name, all right.	The man fitted the name.	ba	neutral
1001140	ba	ba	ba	ba	ba	ba	ba	The Government has designed this program to use the legal profession and the established Judiciary of the States and the Federal Government to accomplish its end of assisting welfare claimants in determination or receipt of their benefits.	A program to end its role of assisting welfare claimants in determination or receipt of their benefits created the Government.	ba	neutral
1000763	ba	ba	ba	ba	ba	ba	ba	The Department did not discuss comments beyond the scope of the rule or comments on the requirement to establish a deduction since the requirement was mandated by statute.	Questions going against the rule refused the Department.	ba	neutral
1003036	ba	ba	ba	ba	ba	ba	ba	In hot weather, the locals drink it with ice.	Ice in hot weather drinks the locals.	ba	neutral
1001032	ba	ba	ba	ba	ba	ba	ba	The online Times offers a daily Whitewater, Etc. update, as well as flashbacks to Whitewater coverage from a year and two years ago.	A lot of Whitewater coverage contains the online Times.	ba	neutral
1001358	ba	ba	ba	ba	ba	ba	ba	The heads of the many fashionably attired women present were busily laid together, and their whispers became so loud that the judge angrily threatened to have the court cleared if there was not immediate silence. 	Immediate silence demanded the judge.	ba	neutral
1002707	ba	ba	ba	ba	ba	ba	ba	The various towers offer splendid views across the town and harbour.	A good place to look out at the town and the harbour provides the towers.	ba	neutral
1000903	ba	ba	ba	ba	ba	ba	ba	Time 's Ginia Bellafante says the show seesaws--often uncomfortably--between earnestness and camp.	A thin line between being campy and earnest walks the show.	ba	neutral
1002899	ba	ba	ba	ba	ba	ba	ba	It now covers localities from Lee County to Christiansburg.	Services in Lee County and Christiansburg give the office.	ba	neutral
1002897	ba	ba	ba	ba	ba	ba	ba	Also in Time , a piece explores the massive empire of Martha Stewart, who has just launched a new venture with Kmart.	The giant empire of Martha Stewart explores a piece.	ba	neutral
1000007	ba	ba	ba	ba	ba	ba	ba	At times in recent years, the office has received its state and federal funding on a month-to-month basis, which one federal official called one step short of defunding.	State and federal funding gets the office.	ba	neutral
1001804	ba	ba	ba	ba	ba	ba	ba	The London Independent noted that while the Turks could assault the [Kurdish] PKK with US attack helicopters, for Turkish civilians 24 hours after the earthquake.	Attack helicopters used the Turks.	ba	neutral
1000378	ba	ba	ba	ba	ba	ba	ba	"all my years of devotion go for nothing."" Poirot nodded sympathetically. "	His head moved the man.	ba	neutral
1001924	ba	ba	ba	ba	ba	ba	ba	Free for the blind mail would continue to be available only if the Government continued to provide a subsidy to support it.	A subsidy for blind mail provides the Government.	ba	neutral
1001319	ba	ba	ba	ba	ba	ba	ba	The All-True Travels and Adventures of Lidie Newton , by Jane Smiley (Knopf).	The book wrote the woman.	ba	neutral
1000769	ba	ba	ba	ba	ba	ba	ba	Most of the labor is necessary for the construction of the facility.	A majority of the labor requires the facility.	ba	neutral
1000174	ba	ba	ba	ba	ba	ba	ba	The chain swung again and the woman twirled low, her gray cloak fanning out.	A gray cloak wore the woman.	ba	neutral
1000022	ba	ba	ba	ba	ba	ba	ba	The Bay Area was one of three geographical areas in the United States involuntarily reconfigured by LSC.	The Bay Area reconfigured the LSC.	ba	neutral
1002789	ba	ba	ba	ba	ba	ba	ba	In a magical space looking out over the sea, the beautifully sculpted columns of the cloister create a perfect framework of grace and delicacy for a moment's meditation.	A flawless framework for a moment to sit back and relax makes the columns.	ba	neutral
1001805	ba	ba	ba	ba	ba	ba	ba	The tympanum of its facade shines with gold mosaics depicting Christ as he prayed in Gethsemane.	Christ praying in Gethsemane show the facade.	ba	neutral
1002015	ba	ba	ba	ba	ba	ba	ba	[T]he passion and pain of the affair that shook the world has been exposed in the lovers' own words.	Everyone 's attention got the affair.	ba	neutral
1000030	ba	ba	ba	ba	ba	ba	ba	The dialogue moves ahead--there are great gobs of exposition--but the images continually double  to Stamp and Lesley Ann Warren, as his daughter's acting teacher, simply gazing at each other; or to Stamp sitting on a plane, remembering his daughter as a girl on the beach, the lens of his home movie camera creating an eerily bright--almost supernatural--spot that dances over her face.	A large amount of exposition contains the dialogue.	ba	neutral
1000536	ba	ba	ba	ba	ba	ba	ba	This war of attrition ended in 1739, when agreement was reached between the two sides.	An agreement which ended the war reached the two sides.	ba	neutral
1001101	ba	ba	ba	ba	ba	ba	ba	The insurance and gambling industries are based on these proclivities.	Industries like insurance and gambling allow these tendencies.	ba	neutral
1002241	ba	ba	ba	ba	ba	ba	ba	Make an early start, travel by RER (see page 103), and you can fit in a morning tour of part of the palace.	Morning tours for early risers offer the palace.	ba	neutral
1002324	ba	ba	ba	ba	ba	ba	ba	FDA estimates the overall compliance costs of the rule to be from $174 million to $187 million in one-time costs and $149 million to $185 million in annual operating costs.	The compliance costs of the rule to increase operating costs on an annual basis expect the FDA.	ba	neutral
1003004	ba	ba	ba	ba	ba	ba	ba	Pollock asked for a more specific definition of prioritization.	A more detailed definition wanted the person.	ba	neutral
1002939	ba	ba	ba	ba	ba	ba	ba	The admission charge at hotel lounges includes the first drink.	Charge admission lounge the hotel.	ba	neutral
1000018	ba	ba	ba	ba	ba	ba	ba	With the exception of the lowest volume post (Poste Italiane) the model's predicted percentages are close to the actual percentages for delivery.	Percentages that are quite accurate predict the model.	ba	neutral
1000383	ba	ba	ba	ba	ba	ba	ba	DOT officials said the system had saved the department more than a million dollars each year in administrative costs and facilitated the rulemaking process in other ways.	The department money saved the system.	ba	neutral
1000561	ba	ba	ba	ba	ba	ba	ba	And  Visual surprise is natural in the Caribbean; it comes with the landscape, and faced with its beauty, the sigh of History dissolves.	A Visual surprise that comes naturally to it features the Caribbean.	ba	neutral
1001715	ba	ba	ba	ba	ba	ba	ba	Finally, the Commission considered two significant alternatives that could minimize the impact on small  (1) not including within the purview of telephones provided for emergency use those telephones in workplace noncommon areas, in confined settings and in hotels and motels and (2) not requiring volume controls on the covered telephones.	Two alternatives that could minimize the impact on telephones considered the commission.	ba	neutral
1002486	ba	ba	ba	ba	ba	ba	ba	The filmmakers reverse the trajectory (and the actual chronology of Kaufman's career), so that he seems to achieve a magical synthesis of warmth and aggression--and then gets cut down at his prime.	The tide to change the appearance of the character reversed the filmmakers.	ba	neutral
1001533	ba	ba	ba	ba	ba	ba	ba	This section discusses the traditional payment process, modifications to the traditional payment process, and the importance of internal control in effectively administering the payment process.	The importance of internal control on the payment process highlights this section.	ba	neutral
1000097	ba	ba	ba	ba	ba	ba	ba	Immediately inside the gate is the richly decorated Throne Room (Arz Odase), where the sultan received foreign ambassadors.	Foreign ambassadors in the Throne Room which was found immediately inside the gate received the sultan.	ba	neutral
1001411	ba	ba	ba	ba	ba	ba	ba	When the phone rings do you hurry to get it first?	A noise when someone calls emits the phone.	ba	neutral
1000762	ba	ba	ba	ba	ba	ba	ba	  The Italian landmass covers 301,245 sq km (116,228 sq miles).	301,245 sq km cover the Italian landmass.	ba	neutral
1000910	ba	ba	ba	ba	ba	ba	ba	So Abraham, the first Patriarch, led his nomadic group of Israelites from Mesopotamia to the mountains of Canaan, where they fought the ruling Egyptians.	The Egyptians fought the Israelites.	ba	neutral
1001844	ba	ba	ba	ba	ba	ba	ba	The farmers tended their crops.	Care of their crops took the farmers.	ba	neutral
1002885	ba	ba	ba	ba	ba	ba	ba	At one point, the room erupts in cries of Bullshit!	Bullshit cried the room.	ba	neutral
1001429	ba	ba	ba	ba	ba	ba	ba	In addition, each chapter identifies specific audit objectives and documentation expected for the major activities at that point in the acquisition process.	Specific audit objectives identify each chapter.	ba	neutral
1002043	ba	ba	ba	ba	ba	ba	ba	Accordingly, the Board has not included guidance on social insurance in this Statement and has added a Social Insurance Accounting project to its agenda.	Social Insurance Accounting in the agenda included the board.	ba	neutral
1001377	ba	ba	ba	ba	ba	ba	ba	Finally, the Commission solicited comments on a variety of alternatives regarding interconnection, roaming and resale obligations for commercial mobile radio service providers in compliance with section 603(c).	Opinions of different alternatives wanted the commission.	ba	neutral
1000320	ba	ba	ba	ba	ba	ba	ba	Audiovisual shows are presented in the hospital complex.	Audiovisual shows present the hospital.	ba	neutral
1001416	ba	ba	ba	ba	ba	ba	ba	Just a couple of hundred yards north of the Sao Francisco gardens, the streets rise sharply.	North of the Sao Francisco gardens rises the streets.	ba	neutral
1002499	ba	ba	ba	ba	ba	ba	ba	This approach not only provides periodic estimates of payment and service accuracy rates to help measure the results of existing enforcement and detection efforts, but also helps deter future erroneous and fraudulent billings.	Erroneous and fraudulent billings deter this approach.	ba	neutral
1000178	ba	ba	ba	ba	ba	ba	ba	EPA published a Notice of Proposed Rulemaking on November 9, 1994.	The notice published the EPA.	ba	neutral
1001212	ba	ba	ba	ba	ba	ba	ba	Most articles remain in the current contents list for a week.	Most articles list the current contents.	ba	neutral
1002872	ba	ba	ba	ba	ba	ba	ba	Those witnesses were mistaken. I was puzzled. 	An error made the witnesses.	ba	neutral
1000537	ba	ba	ba	ba	ba	ba	ba	The town's temples and shrines and a major museum are all encompassed by the park.	A major museum encompasses the park.	ba	neutral
1000692	ba	ba	ba	ba	ba	ba	ba	The results of these reanalyses confirmed and expanded those of the original investigators.	The original investigations confirmed the reanalysis results.	ba	neutral
1002933	ba	ba	ba	ba	ba	ba	ba	The Commission identified 21 sites with rates for industrial countries and eight sites with rates for developing countries.	21 sites that had rates for industrial countries saw the commission.	ba	neutral
1002865	ba	ba	ba	ba	ba	ba	ba	FFC's study discusses the results of a questionnaire survey of nine federal agencies that acquire, maintain, and operate a significant inventory of buildings and other constructed facilities in supporting their mission.	Entities that own and manage properties as part of their operations covered the survey.	ba	neutral
1002415	ba	ba	ba	ba	ba	ba	ba	To fill the gap in missing FPA rates, the Commission calculated an extra ounce rate between the two highest weight intervals for which there were rates.	A rate that 's between the two highest weight intervals calculated the commission.	ba	neutral
1001295	ba	ba	ba	ba	ba	ba	ba	Another slam of the warclub caved in the dog helm in an explosion of blood.	The dog helm crushed the warclub.	ba	neutral
1001510	ba	ba	ba	ba	ba	ba	ba	OIRA approved the final rule on June 19, 1996 as complying with the requirements of the Order based on the information supplied by the Departments, including a planned regulatory action document describing the reason for the rule and an assessment of the costs and budgetary impact of the rule.	Information that enabled OIRA 's approval provided the Departments.	ba	neutral
1002515	ba	ba	ba	ba	ba	ba	ba	It's not always an easy city to love, but few leave unimpressed.	An impression on almost everyone leaves the city.	ba	neutral
1001917	ba	ba	ba	ba	ba	ba	ba	Soon, the spa experienced a flood of clients eager for new sensations.	A lot of business got the spa.	ba	neutral
1001070	ba	ba	ba	ba	ba	ba	ba	The preamble to the proposed rule stated that the entities that would be required to comply with the rule are public utilities and transmitting utilities that do not fall within the Regulatory Flexibility Act's definition of small entity.	A preamble included the proposal.	ba	neutral
1000168	ba	ba	ba	ba	ba	ba	ba	This landmark was completed in 1933 and contains a fine restaurant and hotel as well as the city's first swimming pool.	A swimming pool and a fancy place to eat features this attraction.	ba	neutral
1001514	ba	ba	ba	ba	ba	ba	ba	Defeated last month for re-election, Gov.	Last month lost the Gov..	ba	neutral
1000219	ba	ba	ba	ba	ba	ba	ba	Written material, if provided, will be used to confirm that the critical facts and key information used to formulate GAO's analyses and findings are current, correct, and complete.	Written material to confirm that critical facts and information are current uses the GAO.	ba	neutral
1001423	ba	ba	ba	ba	ba	ba	ba	TV watchdogs complain about the cartoon's violence.	Violence that is offense to some viewers contains the cartoon.	ba	neutral
1002020	ba	ba	ba	ba	ba	ba	ba	A cover story tracks the gestation of Paul Simon's The Capeman , a Broadway musical opening in January.	The beginning of Paul Simon 's broadway musical follows the coverstory.	ba	neutral
1001633	ba	ba	ba	ba	ba	ba	ba	Today it is the site of bullfights.	Bullfight today hosts this place.	ba	neutral
1002398	ba	ba	ba	ba	ba	ba	ba	The mare whinnied and Ca'daan froze.	A noise made the mare.	ba	neutral
1001432	ba	ba	ba	ba	ba	ba	ba	Finally, a glossary is attached that defines a wide range of technical and procurement terminology.	A wide selection of terminology defines a glossary.	ba	neutral
1003114	ba	ba	ba	ba	ba	ba	ba	The Stevenson exhibition on the lower floor is particularly interesting, with photographs of the author traveling around the world before his untimely death at the age of 44 in Samoa.	The Stevenson exhibit feature the lower floor.	ba	neutral
1001177	ba	ba	ba	ba	ba	ba	ba	Albany In the morning, the phones ring relentlessly at Albany's Legal Aid office, each call bringing another story of low-income troubles, legal crisis or bureaucratic confusion.	Every morning at Albany 's Legal Aid office rings the phones.	ba	neutral
1002203	ba	ba	ba	ba	ba	ba	ba	A piece describes the alarming world of executive kidnappings.	Executive kidnappings discuss the piece.	ba	neutral
1002349	ba	ba	ba	ba	ba	ba	ba	By the eighth century, the Byzantines held the balance of power with the Lombards (a Germanic tribe), who had invaded Italy in 568 and set up their capital at Pavia four years later.	Italy in 568 invaded the Lombards.	ba	neutral
1001663	ba	ba	ba	ba	ba	ba	ba	This document established twin goals to be attained by the national legal services community by 2004: to dramatically increase the provision of legal services to eligible persons	Two goals set the document.	ba	neutral
1001506	ba	ba	ba	ba	ba	ba	ba	Critics line up on opposing sides.	Two opposing lines form the critics.	ba	neutral
1001067	ba	ba	ba	ba	ba	ba	ba	The project will enable victims of domestic violence to use teleconferencing and videoconferencing technology and on-line filing to confer with Pine Tree advocates, prepare and file Protection from Abuse petitions, and confer with judges if necessary, all without leaving the security of a domestic violence shelter.	Domestic violence victims video conference with legal help help the project.	ba	neutral
1001048	ba	ba	ba	ba	ba	ba	ba	She suggested SIR instead.	SIR recommended a woman.	ba	neutral
1003026	ba	ba	ba	ba	ba	ba	ba	All-inclusive couples-only resort has rooms with king-sized beds, air conditioning, cable TV, clock radio, and coffee-making facilities.	Multiple electronic devices and technology items contain the rooms.	ba	neutral
1001093	ba	ba	ba	ba	ba	ba	ba	Records indicate that Congress and the Justice Department received files detailing the devices used in the raid much earlier than previously thought.	Detailed the devices used in the raid received the files.	ba	neutral
1002986	ba	ba	ba	ba	ba	ba	ba	This guide provides a logical framework for evaluating information technology acquisitions.	A framework to evaluate acquired information technology provides this guide.	ba	neutral
1002202	ba	ba	ba	ba	ba	ba	ba	For reactionary nobles, the king was the guarantor of their hereditary status.	Reactionary nobles ' hereditary status guaranteed the king.	ba	neutral
1000216	ba	ba	ba	ba	ba	ba	ba	VA supplied to the Office of Information and Regulatory Affairs a planned regulatory action document that described the reason for the amendment to existing VA regulations and also assessed the costs and budgetary impact of the rule.	A planned regulatory action document that explained the need to amend the VA regulations that were in existence supplied the VA.	ba	neutral
1000257	ba	ba	ba	ba	ba	ba	ba	, the government--borrowing a lot of money).	A great deal of money borrows the government.	ba	neutral
1002480	ba	ba	ba	ba	ba	ba	ba	Each year in an important ceremony, the emperor plants rice in a symbolic field, reinforcing his role as the hereditary link between the Japanese people and their Shinto gods.	Japanese culture , traditions , and religions respects the emperor.	ba	neutral
1001594	ba	ba	ba	ba	ba	ba	ba	The development of control technology alternatives to selective catalytic reduction (SCR) under the NOX State Implementation Plan (SIP) Call is another example of how alternative solutions may require fewer resources than the projected approach.	The use of some resources requires the projected approach.	ba	neutral
1000526	ba	ba	ba	ba	ba	ba	ba	Pundits oohed and aahed over the quarrel.	The attention of pundits got the quarrel.	ba	neutral
1002360	ba	ba	ba	ba	ba	ba	ba	In the preamble to the rule, FDA presents a summary of its economic analyses, discussing the potential benefits of the proposed rule and the economic impact that could occur as a result of its implementation.	An analysis of the benefits of the rule and its effect on the economy contains the preamble.	ba	neutral
1000214	ba	ba	ba	ba	ba	ba	ba	The Houston Comets won the Women's National Basketball Association championship.	The final game won the team.	ba	neutral
1001610	ba	ba	ba	ba	ba	ba	ba	(c) As a share of GDP, government now takes 40 cents on the dollar.	At least 40 cents per dollar make the government.	ba	neutral
1000415	ba	ba	ba	ba	ba	ba	ba	This report looks at the core of the acquisition process, specifically product development and ways to successfully design and manufacture the product.	The acquisition process examine the report.	ba	neutral
1000020	ba	ba	ba	ba	ba	ba	ba	The Project adopted six guiding principles.	Principles adopted the project.	ba	neutral
1003120	ba	ba	ba	ba	ba	ba	ba	In deference to foreign habits, full breakfast (desayuno completo) is served at most tourist hotels.	A complete morning meal serve some hotels.	ba	neutral
1000131	ba	ba	ba	ba	ba	ba	ba	The EPA has cited sections 202, 203, 204, 205, 206, 207, 208, 209, 213, 215, 216, and 301(a) of the Clean Air Act, as amended, (42 U.S.C.	Those sections cited the EPA.	ba	neutral
1002591	ba	ba	ba	ba	ba	ba	ba	Today it marks the transition between Hapsburg Madrid and the city expansion of the Bourbon kings.	Place between Hapsburg Madrid and the Bourbon kings took a transition.	ba	neutral
1001759	ba	ba	ba	ba	ba	ba	ba	During construction of the church, workers found artifacts, tombs, and ruins from Jerusalem's history, some dating from late Bronze Age times (about 1600 b.c. ).	A lot of historical items found the workers.	ba	neutral
1002713	ba	ba	ba	ba	ba	ba	ba	Before then, despite the peninsula's obvious geographical unity bounded by the Alps and the Mediterranean, its story is a fragmented tale of independent-minded cities, regions, and islands and the outside powers who coveted them.	A large amount of independent-minded cities contains the peninsula.	ba	neutral
1002182	ba	ba	ba	ba	ba	ba	ba	The DART (railway) travels north and south along the coast, a pleasant scenic ride.	The pleasant scenic route along the coast takes the DART.	ba	neutral
1000285	ba	ba	ba	ba	ba	ba	ba	The analysis describes, and estimates the number of, small entities to which the rule will apply as required by section 604(a)(3).	Small entities to which the rule will apply describe the analysis.	ba	neutral
1001200	ba	ba	ba	ba	ba	ba	ba	The tabloid interviews 81-year-old actor Kirk Douglas, who reveals that his English teacher seduced him when he was 14.	Kirk Douglas , who reveals how he was seduced by his English teacher at 14 interview the tabloid.	ba	neutral
1000017	ba	ba	ba	ba	ba	ba	ba	A Note on the Impact of Hedonics and Computers on Real GDP	Information on Real GDP contains this document.	ba	neutral
1003020	ba	ba	ba	ba	ba	ba	ba	Give yourself plenty of time for a spectacular walk out on the roof.	A great view offers the roof.	ba	neutral
1002772	ba	ba	ba	ba	ba	ba	ba	The final rule contains a modified information collection and the preamble to the final rule requests comments from the public regarding the collection.	A modified information collection contain the final rule.	ba	neutral
1001763	ba	ba	ba	ba	ba	ba	ba	It was a foreigner, German Emperor Frederick II, who launched the movement for a national language at his court in Palermo, but Florentine-born Dante Alighieri (1265 1321) provided the ardor, moral leadership, and literary example to bring it to fruition.	A push to have one language for the nation started the German Emperor.	ba	neutral
1002728	ba	ba	ba	ba	ba	ba	ba	Ten years ago Robert Reich, having seen the French Minitel experiment, warned that Europe would beat the United States to the next communication revolution--instead, U.S.	Europe they had a chance to beat the U.S. when it came to communication told the man.	ba	neutral
1001256	ba	ba	ba	ba	ba	ba	ba	With a stride, the doctor reached the bed, and seizing her arms worked them energetically, applying what I knew to be 26 artificial respiration. 	Her oxygen gave the doctor.	ba	neutral
1003160	ba	ba	ba	ba	ba	ba	ba	You are sure of what you say? asked the Coroner sternly. 	The witness to be absolutely sure of what he was saying pressed the Coroner.	ba	neutral
1002825	ba	ba	ba	ba	ba	ba	ba	The Museum boasts a major collection of Greek and Roman antiquities, European paintings (by Rembrandt, Monet, Renoir, and Van Gogh, among others), drawings (including a few by Michelangelo, Leonardo da Vinci, and Raphael), illuminated medieval manuscripts, photographs, sculpture, and French decorative arts displayed within five two-story pavilions.	Many magnificent works of art , including works from Van Gogh , Michelangelo , and Leonardo da Vinci host the museum.	ba	neutral
1002341	ba	ba	ba	ba	ba	ba	ba	The magazines run identical cover photos ( U.S.	Photos on their front covers display the magazines.	ba	neutral
1001656	ba	ba	ba	ba	ba	ba	ba	Between 1789 and 1815 the chapel served variously as a flour warehouse, a clubhouse for high-ranking dandies, and finally as an archive for Bonaparte's Consulate.	Three different purposes between 1789 and 1815 served the chapel.	ba	neutral
1001858	ba	ba	ba	ba	ba	ba	ba	To the dismay of Franco diehards, the king brilliantly managed the transition to democracy, then stood back to allow it full rein, even intervening during a brief attempt at a military coup.	Democracy full reign , which dismayed Franco diehards allowed the king.	ba	neutral
1001149	ba	ba	ba	ba	ba	ba	ba	A sound and light show mocking the beliefs of Hindus, Buddhists, and Muslims.	Fun of religions made a sound and light show.	ba	neutral
1001598	ba	ba	ba	ba	ba	ba	ba	A chilling story about an American man's murder of his mail-order wife exposes the dark side of the hired-bride industry.	His mail-order bride murdered an American man.	ba	neutral
1001135	ba	ba	ba	ba	ba	ba	ba	The Cheong Fatt Tze Mansion, on Lebuh Leith, with its striking outer walls of a rich blue color, was built around 1860 by Thio Thaw Siat, a Chinese businessman.	The Cheong Fatt Tze Mansion built a Chinese businessman.	ba	neutral
1001387	ba	ba	ba	ba	ba	ba	ba	The former medieval palace clings to a 16th-century tranquillity.	Its serene atmosphere keeps the 16th-century mansion.	ba	neutral
1000655	ba	ba	ba	ba	ba	ba	ba	In a 660-page tome, the MIT psycholinguist popularizes a controversial theory of evolutionary  that the brain is like a computer program that has been shaped by natural selection.	An MIT psycholinguist 's theory of evolution contained the tome.	ba	neutral
1002807	ba	ba	ba	ba	ba	ba	ba	The red colour was ebbing out of his face.	His face left the redness.	ba	neutral
1002333	ba	ba	ba	ba	ba	ba	ba	Even without the originally designed crowning gable, the sculpted multi-colored marble facade makes an impact, with statues of prophets, saints, and apostles above the medallion reliefs of Roman emperors.	Statues of religious figures such as saints and prophets display the facade.	ba	neutral
1001961	ba	ba	ba	ba	ba	ba	ba	The lead essay bemoans the replacement of objective, authoritative, Walter Cronkite-style news by opinionated, entertaining talk.	New entertainment talk replacing the more Walter Cronkite style news of the past condemn the essay.	ba	neutral
1001344	ba	ba	ba	ba	ba	ba	ba	The regulation that codifies uniform acquisition	Uniform acquisition codifies a regulation.	ba	neutral
1000592	ba	ba	ba	ba	ba	ba	ba	Senior executives receive a level of achievement of exceptional, fully successful, or less than fully successful for each element in their individual performance plan as measured against the established performance requirements.	Feedback on their performance receives the senior executives.	ba	neutral
1002612	ba	ba	ba	ba	ba	ba	ba	In the Commission's Notice of Proposed Rulemaking, it deferred consideration of the NSA proposal, citing legal uncertainty regarding the consistency of negotiated rates with the Reorganization Act's	Deferred consideration of the NSA proposal notices the Commission 's.	ba	neutral
1003107	ba	ba	ba	ba	ba	ba	ba	Sisters are, you know, Mr. Hastings. 	Mr Hastings knew the sisters.	ba	neutral
1000502	ba	ba	ba	ba	ba	ba	ba	The model assumes that there are two primary determinants of cost for a postal  volume and size of the network.	Two primary determinants assume the model.	ba	neutral
1002828	ba	ba	ba	ba	ba	ba	ba	Our boys an' theirs, too, got real expert toward th' end could heat up a rail an' tie a regular noose in it, were some tree handy to rope it 'round.	Experts became the boy.	ba	neutral
1002509	ba	ba	ba	ba	ba	ba	ba	By 600 b.c. , the Indo-Aryans had formed monarchies in the Ganga plain, surrounded by smaller tribes resisting the Brahmanic orthodoxy and its authoritarianism.	A government which was not accepted by all created the Indo-Aryans.	ba	neutral
1002701	ba	ba	ba	ba	ba	ba	ba	GSA issues regulations under its Brooks Act authority.	Rules because of the Brooks Act make the GSA.	ba	neutral
1001395	ba	ba	ba	ba	ba	ba	ba	This factual record provided an important context for consideration of the legal question of the meaning of the presence requirement.	Context that was important for legal questioning gave the record.	ba	neutral
1003133	ba	ba	ba	ba	ba	ba	ba	2 million subsidy to close the gap in the organization's $7 million annual budget, and advocates are planning a strong push in the General Assembly.	A sizable grant to bolster its budget requires the entity.	ba	neutral
1000972	ba	ba	ba	ba	ba	ba	ba	This document summarizes LSC management's internal practices with respect to accessing information contained in records maintained by LSC recipients.	LSC management 's internal practices summarize the document.	ba	neutral
1002747	ba	ba	ba	ba	ba	ba	ba	A piece profiles Manhattan's real-estate barons.	A description of Manhattan 's real-estate owners gives a piece.	ba	neutral
1002575	ba	ba	ba	ba	ba	ba	ba	Based on These interventions in other medical settings, a number of researchers have recommended the involvement of the physician in the emergency setting in the alcohol intervention.	The physician getting involved in the intervention recommended some researchers.	ba	neutral
1001879	ba	ba	ba	ba	ba	ba	ba	The northern islands produce beautiful, heavy-knitted Fair Isle and Arran sweaters, which are available in stores throughout the city.	Sweaters , which are available to buy at stores produce the northern islands.	ba	neutral
1000976	ba	ba	ba	ba	ba	ba	ba	Over the weekend the square hosts a flea market, where vendors lay out a variety of new and second-hand goods.	A flea market over the weekend host the square.	ba	neutral
1001187	ba	ba	ba	ba	ba	ba	ba	The houses display old farm tools and cooking utensils, and some operate as workshops where you can watch the much-vaunted local craftsmen demonstrating their skills in lacquerwork, carving, weaving, and dyeing.	Old tools show the houses.	ba	neutral
1000507	ba	ba	ba	ba	ba	ba	ba	Produced by NYD2, a communications firm based in Somerset, the documentary features case histories of clients whose needs ranged from housing to fighting off deportation.	Clients and their various needs covered the documentary.	ba	neutral
1002316	ba	ba	ba	ba	ba	ba	ba	TREASURY WARRANT -An official document that the Secretary of the Treasury issues pursuant to law and that establishes the amount of monies authorized to be withdrawn from the central accounts that Treasury maintains.	Central accounts maintain the Treasury.	ba	neutral
1001106	ba	ba	ba	ba	ba	ba	ba	On a wave of Hugo chic--the publication of a new biography and Hollywood versions of The Hunchback of Notre Dame and Les Miserables --an exhibit reveals the 19 th century French novelist to have been a great draftsman as well.	A novelist that was good at drawing as well shows the exhibit.	ba	neutral
1000541	ba	ba	ba	ba	ba	ba	ba	The results of this alternative calculation reduce the overall Base Estimate for the Clear Skies Act by 43 percent for the more extreme adjustment derived from Jones-Lee (1989), and by 9 percent for the less extreme adjustment derived from Jones-Lee (1993), as summarized in Exhibits 15 and 16 below.	The Base Estimate for the Clear Skies Act reduce the new calculations.	ba	neutral
1000806	ba	ba	ba	ba	ba	ba	ba	These ratings include the following.	These examples comprise the ratings.	ba	neutral
1002517	ba	ba	ba	ba	ba	ba	ba	The modeling domain for this analysis encompasses most of the eastern U.S., bounded on the east by the 67 degrees west longitude and on the west by the 99 degrees west longitude.	A broad portion of the Eastern United States covers this analysis.	ba	neutral
1000766	ba	ba	ba	ba	ba	ba	ba	Smith's decision this year to push a measure in the House that would spend as much birth-control money as the president asked might seem like progress.	Birth control funding addrest the measure.	ba	neutral
1002426	ba	ba	ba	ba	ba	ba	ba	Each faith worships a single god and recognizes elements of the others' beliefs.	Some parts of the others ' faith and each worships one god accept each faith.	ba	neutral
1002459	ba	ba	ba	ba	ba	ba	ba	To address those issues the public--represented by the casual museum visitor--needed an understanding of the lives and practices of the gay community, so long hidden from view.	An understanding of the lives of the gay community needed the public.	ba	neutral
1001794	ba	ba	ba	ba	ba	ba	ba	"Fancied he might be sweet on the missus, that's all, explained the girl, adding with an appearance of sulkiness: ""How you do take one up!"""	The reason for what she did explained the girl.	ba	neutral
1000517	ba	ba	ba	ba	ba	ba	ba	For each household in Diary Survey from 1986 to 1994, BLS computes a sampling weight giving the representativeness of that household in the population of US households during the year it is sampled	A certain sampling weight gets each population.	ba	neutral
1000084	ba	ba	ba	ba	ba	ba	ba	All student magicians take up the Medical Art for a time.	The Medical Art for a while when they are a student learn every magician.	ba	neutral
1001253	ba	ba	ba	ba	ba	ba	ba	On December 17, 1993, EPA published a notice of proposed rulemaking on the integrated air and water rules in the Federal Register.	A notice of proposed rules for the air and water in the Federal Register published the EPA.	ba	neutral
1000901	ba	ba	ba	ba	ba	ba	ba	But even as a new light rail system wends its way through the capital, progress has not entirely buried the past under chrome and concrete.	A new light rail system introduced the capital.	ba	neutral
1002554	ba	ba	ba	ba	ba	ba	ba	These organizations establish a central management focal point, promote awareness, link policies to business risks, and develop practical risk assessment procedures that link security to business needs.	Business security handle the organizations.	ba	neutral
1000495	ba	ba	ba	ba	ba	ba	ba	The light increased. 	Brighter became the light.	ba	neutral
1000585	ba	ba	ba	ba	ba	ba	ba	The man struck hard.	Something hits the man.	ba	neutral
1000907	ba	ba	ba	ba	ba	ba	ba	Such approvals represent that the actual work schedule recorded by the employee or timekeeper is to the best of	Real work schedules recorded by employees represent the approvals.	ba	neutral
1000508	ba	ba	ba	ba	ba	ba	ba	The analysis provides a statement of the need for and the objective of the rule and the fact that there were no comments received with respect to the Initial Regulatory Flexibility Analysis.	A statement regarding the objective of the rule gives the analysis.	ba	neutral
1001818	ba	ba	ba	ba	ba	ba	ba	The resident monks still offer mass sung in Gregorian chant every Sunday.	Mass sung in Gregorian chant every Sunday offers the monks.	ba	neutral
1001806	ba	ba	ba	ba	ba	ba	ba	The changing role of Chinese culture in Japanese life was epitomized in the language itself.	The changing role of Chinese culture in Japan showed the Japanese language.	ba	neutral
1001671	ba	ba	ba	ba	ba	ba	ba	However, if an impasse is ultimately reached in a particular state, it is critical that LSC maintain its statutory right to decide the configuration of service areas in order to foster greater access and service for all eligible low-income clients.	The configuration of service areas decides the LSC.	ba	neutral
1001315	ba	ba	ba	ba	ba	ba	ba	Room three is devoted to the so-called heretic period of Egyptian history when Ahkenaten established a religion based on only one god and founded a capital at Tell al Amarna in central Egypt.	Pieces made during the rule of Ahkenaten contain the third room.	ba	neutral
1002289	ba	ba	ba	ba	ba	ba	ba	The lawyer went across to his desk, and returned with a small newspaper cutting, which he handed to Jane.	A newspaper clipping to Jane handed the lawyer.	ba	neutral
1002792	ba	ba	ba	ba	ba	ba	ba	The analysis also discusses alternative approaches which were considered by EPA but were found lacking because they did not either significantly reduce the burden on small entities or would have jeopardized the program's projected air quality benefits.	Alternative approaches which were considered by EPA discuss the analysis.	ba	neutral
1003017	ba	ba	ba	ba	ba	ba	ba	The Kal didn't help much.	Very little assistance provided the Kal.	ba	neutral
1000033	ba	ba	ba	ba	ba	ba	ba	While some French politicians have been willing to say nice things about budget deficits, nobody seems willing to challenge the dogma that European integration is the answer.	Soft support of budget deficits gives a few French politicians.	ba	neutral
1002839	ba	ba	ba	ba	ba	ba	ba	The model simulates the size of the pool of exchangeable base cations in the soil.	The size of the pool of base cations in the dirt simulates the model.	ba	neutral
1002733	ba	ba	ba	ba	ba	ba	ba	Producers fell hard for the schtick, making him the most expensive writer in Hollywood.	The idea likes the producers.	ba	neutral
1002107	ba	ba	ba	ba	ba	ba	ba	The big fellow was reloading his scattershot.	His weapon reloaded the big man.	ba	neutral
1002434	ba	ba	ba	ba	ba	ba	ba	It was recognized that the standard auditor's report could be made more useful to users who are seeking greater information about what the auditor did and found, as well as expanded assurances.	A report that was useful to users wrote the standard auditor.	ba	neutral
1000304	ba	ba	ba	ba	ba	ba	ba	From the Saint-Pierre bridge, there is a lovely view of its flowery river banks, weeping willows, and timbered houses, with the tower of Saint Martin's church in the distance.	A captivating view of its flowery river banks provides the Saint-Pierre bridge.	ba	neutral
1002954	ba	ba	ba	ba	ba	ba	ba	The paintings that cover the walls depict the Nile at its most splendid with abundant fruit and depictions of wine-making.	A lot of fruit and wine shows the paintings.	ba	neutral
1002263	ba	ba	ba	ba	ba	ba	ba	The man with the iron jaw carried a large knobbed war club.	A war club held the man.	ba	neutral
1000345	ba	ba	ba	ba	ba	ba	ba	Sample  Topping the list of top 20 shortest books of the century-- Al  The Wild Years .)	The top 20 books that were the shortest contained the list.	ba	neutral
1002184	ba	ba	ba	ba	ba	ba	ba	From working as migrant laborers in France and Germany, Italian factory and farm workers brought back expert knowledge of union organization and strikes.	Knowledge of how the company works gained the farmers.	ba	neutral
1002313	ba	ba	ba	ba	ba	ba	ba	Persevering along the bumpy cobblestone road with its hairpin bends you'll crosetwo green, modern, metal bridges.	Sharp turns as well as two bridges feature the cobblestone road.	ba	neutral
1002868	ba	ba	ba	ba	ba	ba	ba	The mountains shield us and our swords are the torrents.	The people protect the mountains.	ba	neutral
1001932	ba	ba	ba	ba	ba	ba	ba	Figure 1 displays the minutes per box per day as a function of density.	The relationship between time and density shows the first figure.	ba	neutral
1002075	ba	ba	ba	ba	ba	ba	ba	One is that the theories of the doubters could be characterized as demented ravings, probably induced by dairy deficiency.	More dairy needed the doubters.	ba	neutral
1000133	ba	ba	ba	ba	ba	ba	ba	    V   The knife had pierced Dave's chest until the hilt pressed against his rib cage.	Dave 's chest pierced the knife.	ba	neutral
1003131	ba	ba	ba	ba	ba	ba	ba	Last year, the state domestic violence coalition received a VAWA grant to set up 13 new local pro bono programs in the 13 communities where there are domestic violence shelters.	A grant to set up 13 new local pro bono programs received the state.	ba	neutral
1001183	ba	ba	ba	ba	ba	ba	ba	Instead of the notice and comment procedures in the Administrative Procedure Act, the EPA promulgated this rule using the procedures, which have similar notice and comment requirements, contained in section 307(d) of the Clean Air Act, as amended.	Clean Air Act requirements rather than the Administrative Procedure Act follow the EPA.	ba	neutral
1000716	ba	ba	ba	ba	ba	ba	ba	Price includes breakfast.	Breakfast for two includes the price.	ba	neutral
1002451	ba	ba	ba	ba	ba	ba	ba	The spectacular cloister is a superb example of mostly late-Gothic style, with elaborate stone carvings.	Intricate stone carvings feature the cloister.	ba	neutral
1002450	ba	ba	ba	ba	ba	ba	ba	He had a video camera attached to the ceiling, which recorded every move.	Everything recorded the video camera.	ba	neutral
1001435	ba	ba	ba	ba	ba	ba	ba	"What do we know of the storms?""The torrent,"" San'doro corrected."	A lot of rain included the storm.	ba	neutral
1000877	ba	ba	ba	ba	ba	ba	ba	Confidential to  You might have had a better chance of getting your money had the Globe not run a World Exclusive interview in which you're quoted disclosing titillating details about your ex's sexual fantasies and happy-hour proclivities.	An article that included things I 've said about my ex published the Globe.	ba	neutral
1001198	ba	ba	ba	ba	ba	ba	ba	The troops didn't fire.	Their tire held the troops.	ba	neutral
1002064	ba	ba	ba	ba	ba	ba	ba	This device is a visual counterpart to the firing of the One O'Clock Gun at the Castle.	Visual stimulation to go along with the sound of the gun provides this device.	ba	neutral
1001254	ba	ba	ba	ba	ba	ba	ba	Northwestern France includes a long seacoast, stretching along the English Channel (La Manche), around Brittany, and down to the mouth of the Loire.	The path of the English Channel follows the French seacoast.	ba	neutral
1001164	ba	ba	ba	ba	ba	ba	ba	A slatternly looking servant, with an extremely dirty face and a pair of eyes that did not match, answered the door.	The door answered a poor dirty servant.	ba	neutral
1002265	ba	ba	ba	ba	ba	ba	ba	"But you're no mandrake-man.""  A load of sickness seemed to leave Hanson's mind."	Hanson 's thoughts eased the response.	ba	neutral
1003011	ba	ba	ba	ba	ba	ba	ba	That was when dinosaurs attacked.	Things attacked the dinosaurs.	ba	neutral
1000208	ba	ba	ba	ba	ba	ba	ba	It is a vital income supplement and work incentive program targeted to low-income working families with children.	Poor families help the stipend.	ba	neutral
1001189	ba	ba	ba	ba	ba	ba	ba	Nearby, at 6060 Wilshire, at Fairfax, the Petersen Automotive Museum celebrates the town's love affair with cars, showcasing over 160 distinctive motor vehicles, with special exhibits on automotive themes.	Lots of rare cars show the museum.	ba	neutral
1001836	ba	ba	ba	ba	ba	ba	ba	The man gives good movie.	A very good movie makes the man.	ba	neutral
1000367	ba	ba	ba	ba	ba	ba	ba	The piece features what is sure to be a major element of any Bradley  a surfeit of tired sports metaphors.	A number of sports metaphors includes the piece.	ba	neutral
1000853	ba	ba	ba	ba	ba	ba	ba	We also recognize that the practices require customized application at individual organizations depending on factors such as existing organizational strengths and weaknesses.	A customized application needs the practices.	ba	neutral
1000289	ba	ba	ba	ba	ba	ba	ba	As discussed previously, EPA considered the future compliance costs in assessing the impact of the rule.	The future compliance costs considered the EPA.	ba	neutral
1001736	ba	ba	ba	ba	ba	ba	ba	The report also cites China's transparent intentions to abolish Hong Kong's civil liberties when it assumes control of the territory in July.	China 's intentions to squash civil liberties in Hong Kong cites the report.	ba	neutral
1002465	ba	ba	ba	ba	ba	ba	ba	The rule contains a new information collection requirement which was submitted to the Office of Management and Budget (OMB) under emergency procedures and OMB has approved the collection requirements and issued OMB  	A collection requirement , that was submitted to the Office of Management and Budget under emergency procedures contain the rule.	ba	neutral
1002160	ba	ba	ba	ba	ba	ba	ba	"Not much the Trinfans don't know about horses.""Don Cazar was already on his way to the door and Drew fell in behind Bartolomé."	Everything about horses knows the Trinfans.	ba	neutral
1002012	ba	ba	ba	ba	ba	ba	ba	'Good,' the Fat Man grunted.	A sharp reply made the man.	ba	neutral
1000116	ba	ba	ba	ba	ba	ba	ba	The WJC, which is also funded by Scaife, sponsors investigative reporting for right-wing causes.	Investigative reporting for the GOP promotes the WJC.	ba	neutral
1003059	ba	ba	ba	ba	ba	ba	ba	Giorgio de Chirico and Eduardo de Pisis are among the more important 20th-century painters exhibited.	Giorgio de Chirico and Eduardo de Pisis featured the exhibition.	ba	neutral
1000787	ba	ba	ba	ba	ba	ba	ba	The vertical structure of REMSAD covers the whole troposphere from the surface up to about 15 km.	The whole area covers the structure.	ba	neutral
1002922	ba	ba	ba	ba	ba	ba	ba	The Kal stood next to Ca'daan while the others finished off the few whipmasters who had survived.	The whipmasters killed the others.	ba	neutral
1001893	ba	ba	ba	ba	ba	ba	ba	In the Final Regulatory Flexibility Analysis, which appears in the preamble to the final rule, the FCC describes the reason for the rule and the legal basis for it.	The reason and legal basis for the rule describe the FCC.	ba	neutral
1002879	ba	ba	ba	ba	ba	ba	ba	The Committee is providing guidance and information to Chief Financial Officers and managers in the 24 agencies covered by the CFO Act.	Guidance and information provide the Committee.	ba	neutral
1001733	ba	ba	ba	ba	ba	ba	ba	As noted above, the LSC case count for 1999 includes all cases that meet LSC eligibility criteria, regardless of the funding mix of any particular grantee.	Their cases tracked the LSC.	ba	neutral
1001236	ba	ba	ba	ba	ba	ba	ba	As discussed above, both sections impose specific procedural requirements applicable to the rulemaking at issue here.	Specific procedural requirements impose both sections.	ba	neutral
1001275	ba	ba	ba	ba	ba	ba	ba	A piece reports on a new treat for  yogurt in a tube.	Yogurt in a tube discusses the piece.	ba	neutral
1001762	ba	ba	ba	ba	ba	ba	ba	This site includes a database of accounting research and publications.	Accounting research and publications include the website.	ba	neutral
1001985	ba	ba	ba	ba	ba	ba	ba	For MLS to grow, it needs to fill stadiums with Joe Sports Fans, the kind of folks who aren't soccer bores but will attend a few games a season.	People who enjoy any sports to fill the stadium need the MLS.	ba	neutral
1003147	ba	ba	ba	ba	ba	ba	ba	The six foot-soldiers drew swords and axes and spears.	Their weapons drew the soldiers.	ba	neutral
1002519	ba	ba	ba	ba	ba	ba	ba	The plan has been touted in the New York Times Magazine.	The plan mentioned the magazine.	ba	neutral
1002605	ba	ba	ba	ba	ba	ba	ba	The list following is a selection of major events only.	Only major events contain the list.	ba	neutral
1001079	ba	ba	ba	ba	ba	ba	ba	The ITC, housed in Chicago-Kent College of Law and funded in large part by the Chicago Bar Foundation, the Lawyers Trust Fund of Illinois and Legal Services Corp. in Washington, D.C., developed the online community in what is promised to be a userfriendly environment.	An online community that promised to be user-friendly developed the ITC.	ba	neutral
1000686	ba	ba	ba	ba	ba	ba	ba	IRS incorporated balanced expectations into its senior executive performance management system in response to the Internal Revenue Service Restructuring and Reform Act of 1998	Far-reaching oversight possesses the IRS.	ba	neutral
1002008	ba	ba	ba	ba	ba	ba	ba	The senses work in different ways.	Different things do the senses.	ba	neutral
1002037	ba	ba	ba	ba	ba	ba	ba	The National Science Foundation, for example, assessed the effectiveness of a cooperative science program aimed at increasing innovation and knowledge transfer between university and industry researchers.	A cooperative science program assessed the NSF.	ba	neutral
1000135	ba	ba	ba	ba	ba	ba	ba	The Supplementary Information published in the Federal Register with the final rule includes the full text of the Commission's final regulatory flexibility analysis.	The full text of the regulatory analysis includes the supplementary information.	ba	neutral
1001530	ba	ba	ba	ba	ba	ba	ba	Therefore, prompt access to all records and other information associated with these activities is needed for the effective and efficient performance of GAO's work.	Prompt access to be effective needs the GAO.	ba	neutral
1001564	ba	ba	ba	ba	ba	ba	ba	In the preamble to the final rule, the FDA addresses the various issues raised by commenters in this area, including the preemption of State and local laws which are different from or in addition to the requirements under the final rule; whether there is an infringement on the States' right to regulate tobacco and businesses within the State and protect the health of its citizens; the allocation of a State's resources and the rule's possible impact on the States' economies.	The various issues raised by commenters in this area address the FDA.	ba	neutral
1000365	ba	ba	ba	ba	ba	ba	ba	The Commission has gathered an extensive factual record.	A long factual record found the commission.	ba	neutral
1000067	ba	ba	ba	ba	ba	ba	ba	The model highlights the kinds of thinking that agencies should apply, as well as some of the steps they can take, to make progress in managing human capital strategically.	The kinds of thinking that agencies should apply highlight the model.	ba	neutral
1000547	ba	ba	ba	ba	ba	ba	ba	Santa Monica Airport's Museum of Flying displays vintage planes, and Bergamot Station (2525 Michigan Avenue), a converted trolley car station, hosts a number of art galleries including the Santa Monica Museum of Art.	Lots of old planes display the museum.	ba	neutral
1001640	ba	ba	ba	ba	ba	ba	ba	It begins with video clips of Clinton contradicting himself on how long it will take to balance the budget.	Clinton contradicting himself on how long it will take to balance the budget shows a video clip.	ba	neutral
1001771	ba	ba	ba	ba	ba	ba	ba	It's easy to run a few prime head south to do some moonlight tradin' at th' border.	Trading near the night time sees the border.	ba	neutral
1001576	ba	ba	ba	ba	ba	ba	ba	 Sinner to sin.	Bad things do the sinner.	ba	neutral
1003016	ba	ba	ba	ba	ba	ba	ba	The program includes existing fossil fuel-fired electricity generating boilers and turbines and integrated gasification combined cycle plants with generators having a nameplate capacity of greater than 25 MW.	Generators that have a nameplate capacity greater than 25MW include the program.	ba	neutral
1002217	ba	ba	ba	ba	ba	ba	ba	You'll find a wide range of water sports available in the islands.	A wide selection of water-based sports offers the area.	ba	neutral
1001323	ba	ba	ba	ba	ba	ba	ba	The standards provide the overall framework for establishing and maintaining internal control and for identifying and addressing major performance and management challenges and areas at greatest risk of fraud, waste, abuse, and mismanagement.	A framework for internal controls gives the standards.	ba	neutral
1000544	ba	ba	ba	ba	ba	ba	ba	Still, the future of Las Vegas is sure to be determined as much by the pioneering spirit that built the city as by anything else.	The creation of Las Vegas allowed a pioneering spirit.	ba	neutral
1002720	ba	ba	ba	ba	ba	ba	ba	The plaques on the walls give the names of the communities that were destroyed.	The names of fallen communities state the plaques.	ba	neutral
1001889	ba	ba	ba	ba	ba	ba	ba	Jacob Weisberg,	Jacob named a man.	ba	neutral
1001393	ba	ba	ba	ba	ba	ba	ba	And his headquarters in the fertile Santa Cruz Valley was a ranch which was also a fort, a fort even the Apaches avoided after they had suffered two overwhelming defeats there.	The fort avoided the Apaches.	ba	neutral
1000621	ba	ba	ba	ba	ba	ba	ba	The Commission discusses the two possible groups of small entities that would be subject to this rulemaking and concludes that as many as 100 broker-dealers and as many as 960 Nasdaq Small Cap issuers could be affected by this rulemaking.	The two groups that would be affected by the rulemaking discuss the Commission.	ba	neutral
1002102	ba	ba	ba	ba	ba	ba	ba	framework also is used throughout GAO to help guide our research and development	Its research and development guide the GAO.	ba	neutral
1002091	ba	ba	ba	ba	ba	ba	ba	She struggled violently, but the men were too strong for her.	The woman overpowered the men.	ba	neutral
1000965	ba	ba	ba	ba	ba	ba	ba	The SEC plays an important role through its responsibilities to regulate activities of public companies and their auditors and to conduct related enforcement actions, as well as to establish and sustain the new Public Company Accounting Oversight Board (PCAOB) established by the Sarbanes-Oxley Act of 2002 until the PCAOB is certified by the SEC as ready to operate.	The actions of companies regulate the SEC.	ba	neutral
1000880	ba	ba	ba	ba	ba	ba	ba	The NRCS economic analysis is discussed in the preamble to the final rule.	An NRCS economic analysis include the final rule.	ba	neutral
1002805	ba	ba	ba	ba	ba	ba	ba	At eleven-fifteen every night, a train departs Louisian.	Every night leaves a train.	ba	neutral
