1001363	ba	ba	ba	ba	ba	ba	ba	The Portuguese love ceramics and pottery items.	Ceramics and pottery items love the Portuguese.	ba	neutral
1000076	ba	ba	ba	ba	ba	ba	ba	The airport helps the economy of the city.	The economy of the city helps the airport.	ba	neutral
1002458	ba	ba	ba	ba	ba	ba	ba	This page contains lots of information for shoppers about what is inside our mall and what is happening in our mall.	Lots of information for shoppers about what is inside our mall and what is happening in our mall contain this page.	ba	neutral
1002726	ba	ba	ba	ba	ba	ba	ba	The operational capability discourages change.	Change discourages the operational capability.	ba	neutral
1000050	ba	ba	ba	ba	ba	ba	ba	The Kal cracked his neck.	His neck cracked the Kal.	ba	neutral
1002111	ba	ba	ba	ba	ba	ba	ba	The six nannies get breaks between shifts.	Breaks between shifts get the six nannies.	ba	neutral
1001358	ba	ba	ba	ba	ba	ba	ba	The judge demanded immediate silence.	Immediate silence demanded the judge.	ba	neutral
1000753	ba	ba	ba	ba	ba	ba	ba	The rule affects the determination of eligibility.	The determination of eligibility affects the rule.	ba	neutral
1001495	ba	ba	ba	ba	ba	ba	ba	The agency ignores anything they disagree with in findings, conclusions, or recommendations.	Anything they disagree with in findings , conclusions , or recommendations ignores the agency.	ba	neutral
1000920	ba	ba	ba	ba	ba	ba	ba	The modern Edfu resembles the previous version.	The previous version resembles the modern Edfu.	ba	neutral
1000855	ba	ba	ba	ba	ba	ba	ba	The farmers neglected their crops.	Their crops neglected the farmers.	ba	neutral
1000863	ba	ba	ba	ba	ba	ba	ba	The island holds a 12th-century Venetian-byzantine church.	A 12th-century Venetian-byzantine church holds the island.	ba	neutral
1001965	ba	ba	ba	ba	ba	ba	ba	The FCC proposed the final rules.	The final rules proposed the FCC.	ba	neutral
1002242	ba	ba	ba	ba	ba	ba	ba	The analysis discusses the definitions of small entities.	The definitions of small entities discuss the analysis.	ba	neutral
1001395	ba	ba	ba	ba	ba	ba	ba	The record gave context that was important for legal questioning. 	Context that was important for legal questioning gave the record.	ba	neutral
1002358	ba	ba	ba	ba	ba	ba	ba	The museum shows French art.	French art shows the museum.	ba	neutral
1001959	ba	ba	ba	ba	ba	ba	ba	The expensive restoration gained support inspired by a novel.	Support inspired by a novel gained the expensive restoration.	ba	neutral
1000211	ba	ba	ba	ba	ba	ba	ba	The Government made certain compromises which were eagerly accepted by the masses.	Certain compromises which were eagerly accepted by the masses made the Government.	ba	neutral
1001843	ba	ba	ba	ba	ba	ba	ba	The evaluators gathered a huge amount of data.	A huge amount of data gathered the evaluators.	ba	neutral
1000611	ba	ba	ba	ba	ba	ba	ba	The company earns many billions of dollars from mail.	Many billions of dollars from mail earn the company.	ba	neutral
1000374	ba	ba	ba	ba	ba	ba	ba	The measures judge everything about you.	Everything about you judges the measures.	ba	neutral
1003129	ba	ba	ba	ba	ba	ba	ba	The office handles tax and income questions.	Tax and income questions handle the office.	ba	neutral
1002012	ba	ba	ba	ba	ba	ba	ba	The man made a sharp reply.	A sharp reply made the man.	ba	neutral
1002059	ba	ba	ba	ba	ba	ba	ba	The adverb references German brutality.	German brutality references the adverb.	ba	neutral
1002519	ba	ba	ba	ba	ba	ba	ba	The magazine mentioned the plan.	The plan mentioned the magazine.	ba	neutral
1002660	ba	ba	ba	ba	ba	ba	ba	The tester drops a large vial of vermin on the developer's doorstep.	A large vial of vermin on the developer 's doorstep drops the tester.	ba	neutral
1001831	ba	ba	ba	ba	ba	ba	ba	Some people dislike the current ratemaking process.	The current ratemaking process dislike some people.	ba	neutral
1001588	ba	ba	ba	ba	ba	ba	ba	The movie shows the murders.	The murders show the movie.	ba	neutral
1003127	ba	ba	ba	ba	ba	ba	ba	The total cost includes everything it cost to get the heritage asset to its current location and status.	Everything it cost to get the heritage asset to its current location and status includes the total cost.	ba	neutral
1000608	ba	ba	ba	ba	ba	ba	ba	Those horses look awful Kirby. 	Awful Kirby looks those horses.	ba	neutral
1002566	ba	ba	ba	ba	ba	ba	ba	The Report presented new information that had previously been unconsidered.	New information that had previously been unconsidered presented the Report.	ba	neutral
1000372	ba	ba	ba	ba	ba	ba	ba	The railroad bought the majority of Stewart's ranch to build more railroad tracks.	The majority of Stewart 's ranch to build more railroad tracks bought the railroad.	ba	neutral
1000365	ba	ba	ba	ba	ba	ba	ba	The commission found a long factual record. 	A long factual record found the commission.	ba	neutral
1002412	ba	ba	ba	ba	ba	ba	ba	The Republicans feel their chance.	Their chance feels the Republicans.	ba	neutral
1002592	ba	ba	ba	ba	ba	ba	ba	The Victorians made their history sound terrifying.	Their history sound terrifying made the Victorians.	ba	neutral
1000147	ba	ba	ba	ba	ba	ba	ba	The auction exploits desperate sellers.	Desperate sellers exploit the auction.	ba	neutral
1002375	ba	ba	ba	ba	ba	ba	ba	The NIPA prints new money.	New money prints the NIPA.	ba	neutral
1001835	ba	ba	ba	ba	ba	ba	ba	The Jains dominates the electronics industry.	The electronics industry dominate the Jains.	ba	neutral
1001897	ba	ba	ba	ba	ba	ba	ba	The response addresses all the main points.	All the main points address the response.	ba	neutral
1002663	ba	ba	ba	ba	ba	ba	ba	No one celebrates Buddha's birthday in Japan.	Buddha 's birthday in Japan celebrates no one.	ba	neutral
1000261	ba	ba	ba	ba	ba	ba	ba	The locals wanted tickets the most. 	Tickets the most wanted the locals.	ba	neutral
1001222	ba	ba	ba	ba	ba	ba	ba	The new rulers abandoned the monopoly and command of the spice trade.	The monopoly and command of the spice trade abandoned the new rulers.	ba	neutral
1001600	ba	ba	ba	ba	ba	ba	ba	The population increased a ton.	A ton increased the population.	ba	neutral
1000787	ba	ba	ba	ba	ba	ba	ba	The structure covers the whole area.	The whole area covers the structure.	ba	neutral
1001695	ba	ba	ba	ba	ba	ba	ba	The hospital ignored the potential dangers.	The potential dangers ignored the hospital.	ba	neutral
1003029	ba	ba	ba	ba	ba	ba	ba	The interviewer recognized the three different genres.	The three different genres recognized the interviewer.	ba	neutral
1001201	ba	ba	ba	ba	ba	ba	ba	The tester left a mouse to make the person happy.	A mouse to make the person happy left the tester.	ba	neutral
1002861	ba	ba	ba	ba	ba	ba	ba	The Byzantines influence the designs a lot.	The designs a lot influence the Byzantines.	ba	neutral
1002917	ba	ba	ba	ba	ba	ba	ba	All websites pay every client.	Every client pays all websites.	ba	neutral
1002982	ba	ba	ba	ba	ba	ba	ba	A way to help get Shiloh out of the Stronghold?	Shiloh out of the Stronghold gets a way to help.	ba	neutral
1002259	ba	ba	ba	ba	ba	ba	ba	The Japanese man held a guitar.	A guitar held the Japanese man.	ba	neutral
1001908	ba	ba	ba	ba	ba	ba	ba	The previous writing missed some important points.	Some important points missed the previous writing.	ba	neutral
1002072	ba	ba	ba	ba	ba	ba	ba	The result surprised a lot of experts.	A lot of experts surprised the result.	ba	neutral
1001636	ba	ba	ba	ba	ba	ba	ba	The private sector fulfills a critical role.	A critical role fulfilled the private sector.	ba	neutral
1000057	ba	ba	ba	ba	ba	ba	ba	A man approached the large house.	The large house approached a man.	ba	neutral
1000338	ba	ba	ba	ba	ba	ba	ba	The most moving music conveys triumph in many forms.	Triumph in many forms conveys the most moving music.	ba	neutral
1001235	ba	ba	ba	ba	ba	ba	ba	No one ruled the region.	The region ruled no one.	ba	neutral
1002635	ba	ba	ba	ba	ba	ba	ba	The coma lasted a while.	A while lasted the coma.	ba	neutral
1001904	ba	ba	ba	ba	ba	ba	ba	A sandstorm caused the burial. 	The burial caused a sandstorm.	ba	neutral
1001964	ba	ba	ba	ba	ba	ba	ba	The thing displayed a friendly and altruistic expression.	A friendly and altruistic expression displayed the thing.	ba	neutral
1001109	ba	ba	ba	ba	ba	ba	ba	The hearing lasted two hours.	Two hours lasted the hearing.	ba	neutral
1001747	ba	ba	ba	ba	ba	ba	ba	This editor needs an editor.	An editor needs this editor.	ba	neutral
1002508	ba	ba	ba	ba	ba	ba	ba	The amount reflects the increase in terminal dues gross balance.	The increase in terminal dues gross balance reflects the amount.	ba	neutral
1000647	ba	ba	ba	ba	ba	ba	ba	The ancient code helps decipher languages. 	Decipher languages help the ancient code.	ba	neutral
1000019	ba	ba	ba	ba	ba	ba	ba	The museum celebrates painting, sculpture, architecture, and more.	Painting , sculpture , architecture , and more celebrates the museum.	ba	neutral
1001813	ba	ba	ba	ba	ba	ba	ba	The artifacts include a mummy's foot and a giant ruby.	A mummy 's foot and a giant ruby includes the artifacts.	ba	neutral
1002650	ba	ba	ba	ba	ba	ba	ba	The pillar supports a single bridge and balcony.	A single bridge and balcony supports the pillar.	ba	neutral
1002380	ba	ba	ba	ba	ba	ba	ba	The Voth saw people running in the village.	People running in the village saw the Voth.	ba	neutral
1000475	ba	ba	ba	ba	ba	ba	ba	The Takayama-line train avoids the Kiso and Hida river valleys.	The Kiso and Hida river valleys avoid the Takayama-line train.	ba	neutral
1001744	ba	ba	ba	ba	ba	ba	ba	A smile crossed Jon's face.	Jon 's face crossed a smile.	ba	neutral
1001342	ba	ba	ba	ba	ba	ba	ba	The mural shows two motorcycles in a pickup.	Two motorcycles in a pickup show the mural.	ba	neutral
1000391	ba	ba	ba	ba	ba	ba	ba	The Old One made noise.	Noise made the Old One.	ba	neutral
1002461	ba	ba	ba	ba	ba	ba	ba	The hotel includes the most expensive ice sculpture in the world.	The most expensive ice sculpture in the world include the hotel.	ba	neutral
1003063	ba	ba	ba	ba	ba	ba	ba	The Kal re-fastened a sword he picked up.	A sword he picked up re-fastenned the Kal.	ba	neutral
1001916	ba	ba	ba	ba	ba	ba	ba	The appendix summarizes recent findings in the report.	Recent findings in the report summarize the appendix.	ba	neutral
1002222	ba	ba	ba	ba	ba	ba	ba	The game involves a player and a bank.	A player and a bank involves the game.	ba	neutral
1001357	ba	ba	ba	ba	ba	ba	ba	The government closed system profile.	System profile closed the government.	ba	neutral
1000694	ba	ba	ba	ba	ba	ba	ba	The original play won several Tony awards.	Several Tony awards won the original play.	ba	neutral
1000506	ba	ba	ba	ba	ba	ba	ba	The data shows an i rising trend.	An i rising trend shows the data.	ba	neutral
1001502	ba	ba	ba	ba	ba	ba	ba	The entrepot handled millions of dollars worth of exports each year.	Millions of dollars worth of exports each year handled the entrepot.	ba	neutral
1001602	ba	ba	ba	ba	ba	ba	ba	Some people sell their kidneys.	Their kidneys sell some people.	ba	neutral
1002855	ba	ba	ba	ba	ba	ba	ba	A tunnel connects Calpe to Moraira.	Calpe to Moraira connects a tunnel.	ba	neutral
1002983	ba	ba	ba	ba	ba	ba	ba	The GAO publishes documents about commonly used methodologies.	Documents about commonly used methodologies publish the GAO.	ba	neutral
1001517	ba	ba	ba	ba	ba	ba	ba	The patients plan address drinking in excess. 	Address drinking in excess plan the patients.	ba	neutral
1002019	ba	ba	ba	ba	ba	ba	ba	The network helps the community with equality.	The community with equality helps the network.	ba	neutral
1000627	ba	ba	ba	ba	ba	ba	ba	The questionnaire takes an hour to complete.	An hour to complete takes the questionnaire.	ba	neutral
1001179	ba	ba	ba	ba	ba	ba	ba	The man answered the first time Jon asked the question.	The first time Jon asked the question answered the man.	ba	neutral
1002894	ba	ba	ba	ba	ba	ba	ba	The CEO makes agreements on how to pass out bonuses.	Agreements on how to pass out bonuses make the CEO.	ba	neutral
1000230	ba	ba	ba	ba	ba	ba	ba	The third section covers welfare and education programs.	Welfare and education programs cover the third section.	ba	neutral
1002824	ba	ba	ba	ba	ba	ba	ba	The Commission writes reports that are easily understood and professional.	Reports that are easily understood and professional write the Commission.	ba	neutral
1002260	ba	ba	ba	ba	ba	ba	ba	The Commission adopted suggestions requiring employees to have specific signage requirements.	Suggestions requiring employees to have specific signage requirements adopted the Commission.	ba	neutral
1000578	ba	ba	ba	ba	ba	ba	ba	The Anglo-French force took Sword Beach with little resistance.	Sword Beach with little resistance took the Anglo-French force.	ba	neutral
1002207	ba	ba	ba	ba	ba	ba	ba	The monastic movement encourages isolation.	Isolation encourages the monastic movement.	ba	neutral
1003157	ba	ba	ba	ba	ba	ba	ba	The ferry takes 45 minutes.	45 minutes take the ferry.	ba	neutral
1001446	ba	ba	ba	ba	ba	ba	ba	The fiasco involved a senior manager leaving in disgrace.	A senior manager leaving in disgrace involved the fiasco.	ba	neutral
1000802	ba	ba	ba	ba	ba	ba	ba	The Etruscans idolized Roman society.	Roman society idolized the Etruscans.	ba	neutral
1002250	ba	ba	ba	ba	ba	ba	ba	Some spectators found the fight to be mildy interesting.	The fight to be mildy interesting found some spectators.	ba	neutral
1002587	ba	ba	ba	ba	ba	ba	ba	The larger rooms cost much more money.	Much more money costs the larger rooms.	ba	neutral
1002124	ba	ba	ba	ba	ba	ba	ba	The Venetians created the walls which were later upgraded by the Ottomans.	The walls which were later upgraded by the Ottomans created the Venetians.	ba	neutral
1002826	ba	ba	ba	ba	ba	ba	ba	Some students take different college entrance exams.	Different college entrance exams take some students.	ba	neutral
1000813	ba	ba	ba	ba	ba	ba	ba	The department carries programs providing financial assistance to low-income families. 	Programs providing financial assistance to low-income families carry the department.	ba	neutral
1001561	ba	ba	ba	ba	ba	ba	ba	The Chinese celebrate the young members of their society.	The young members of their society celebrate the Chinese.	ba	neutral
1001953	ba	ba	ba	ba	ba	ba	ba	The landmarks commemorate the Franco victory of 1939.	The Franco victory of 1939 commemorate the landmarks.	ba	neutral
1000281	ba	ba	ba	ba	ba	ba	ba	The review found errors.	Errors found the review.	ba	neutral
1002076	ba	ba	ba	ba	ba	ba	ba	The painting depicts the cruelty and deprivations of the empire's Golden Age.	The cruelty and deprivations of the empire 's Golden Age depict the painting.	ba	neutral
1000106	ba	ba	ba	ba	ba	ba	ba	The stamps make a fine souvenir, because they are very unique.	A fine souvenir , because they are very unique makes the stamps.	ba	neutral
1001958	ba	ba	ba	ba	ba	ba	ba	The analysis describes small entities to which the pollution reduction rule will apply.	Small entities to which the pollution reduction rule will apply describe the analysis.	ba	neutral
1002303	ba	ba	ba	ba	ba	ba	ba	The nurse left the room quickly and in a professional manner.  	The room quickly and in a professional manner left the nurse.	ba	neutral
1000038	ba	ba	ba	ba	ba	ba	ba	The restaurants include a Chinese buffet and a steak house.	A Chinese buffet and a steak house includes the restaurants.	ba	neutral
1001849	ba	ba	ba	ba	ba	ba	ba	The doctor made my night.	My night made the doctor.	ba	neutral
1002217	ba	ba	ba	ba	ba	ba	ba	The area offers a wide selection of water-based sports.	A wide selection of water-based sports offers the area.	ba	neutral
1000976	ba	ba	ba	ba	ba	ba	ba	The square hosts a flea market over the weekend.	A flea market over the weekend host the square.	ba	neutral
1000172	ba	ba	ba	ba	ba	ba	ba	This method involved more workers.	More workers involved this method.	ba	neutral
1001915	ba	ba	ba	ba	ba	ba	ba	The management neglected the need to provide performance evaluation for the workers in recent years. 	The need to provide performance evaluation for the workers in recent years neglected the management.	ba	neutral
1001176	ba	ba	ba	ba	ba	ba	ba	The Great Morass spans for at least 5900 acres.	Spans for at least 5900 acres moras the Great.	ba	neutral
1000178	ba	ba	ba	ba	ba	ba	ba	The EPA published the notice.	The notice published the EPA.	ba	neutral
1000702	ba	ba	ba	ba	ba	ba	ba	An 18th-century French architect designed the gardens.	The gardens designed an 18th-century French architect.	ba	neutral
1001475	ba	ba	ba	ba	ba	ba	ba	The Commission made no mention of the issues that had been raised by commenters at any point in the preamble.	No mention of the issues that had been raised by commenters at any point in the preamble made the Commission.	ba	neutral
1001000	ba	ba	ba	ba	ba	ba	ba	The home became an art museum.	An art museum became the home.	ba	neutral
1000120	ba	ba	ba	ba	ba	ba	ba	the expenditures include production incentives and investment tax credits.	Production incentives and investment tax credits include the expenditures.	ba	neutral
1000322	ba	ba	ba	ba	ba	ba	ba	A platform held the fire.	The fire held a platform.	ba	neutral
1001214	ba	ba	ba	ba	ba	ba	ba	The festivals involve singing and dancing and last several days.	Singing and dancing and last several days involve the festivals.	ba	neutral
1000499	ba	ba	ba	ba	ba	ba	ba	The new and improved framework makes the tasks of the federal agencies affected easier.	The tasks of the federal agencies affected easier make the new and improved framework.	ba	neutral
1001016	ba	ba	ba	ba	ba	ba	ba	The test uses seven samples.	Seven samples used the test.	ba	neutral
1001618	ba	ba	ba	ba	ba	ba	ba	The record provides nothing.	Nothing provides the record.	ba	neutral
1000614	ba	ba	ba	ba	ba	ba	ba	The annual report includes an independent financial audit of all transactions.	An independent financial audit of all transactions includes the annual report.	ba	neutral
1002419	ba	ba	ba	ba	ba	ba	ba	The owner uses an outside firm to work on the project.	An outside firm to work on the project uses the owner.	ba	neutral
1000543	ba	ba	ba	ba	ba	ba	ba	The postal service prepares all the mail.	All the mail prepares the postal service.	ba	neutral
1001750	ba	ba	ba	ba	ba	ba	ba	The Victorians reworked the history to make them sound better.	The history to make them sound better reworked the Victorians.	ba	neutral
1002580	ba	ba	ba	ba	ba	ba	ba	The gorgeously divided Venus de Milo.	Venus de Milo divided the gorgeously.	ba	neutral
1002069	ba	ba	ba	ba	ba	ba	ba	The Constitution contains many latitudes and longitudes, but not a single word.	Many latitudes and longitudes , but not a single word contain the Constitution.	ba	neutral
1000262	ba	ba	ba	ba	ba	ba	ba	The simplified example focuses a type of government run program.	A type of government run program focuses the simplified example.	ba	neutral
1001272	ba	ba	ba	ba	ba	ba	ba	The summaries contain a shortened, but fully detailed description of each piece's contents.	A shortened , but fully detailed description of each piece 's contents contains the summaries.	ba	neutral
1002876	ba	ba	ba	ba	ba	ba	ba	The old wing houses the permanent collection.	The permanent collection houses the old wing.	ba	neutral
1003031	ba	ba	ba	ba	ba	ba	ba	The ride lasts approximately 22 minutes.	Approximately 22 minutes last the ride.	ba	neutral
1001876	ba	ba	ba	ba	ba	ba	ba	The Board confirms its position.	Its position confirms the Board.	ba	neutral
1000104	ba	ba	ba	ba	ba	ba	ba	Every service costs something.	Something costs every service.	ba	neutral
1000910	ba	ba	ba	ba	ba	ba	ba	The Israelites fought the Egyptians. 	The Egyptians fought the Israelites.	ba	neutral
1000934	ba	ba	ba	ba	ba	ba	ba	The witch poured a circle of oil.	A circle of oil poured the witch.	ba	neutral
1001196	ba	ba	ba	ba	ba	ba	ba	The construction took 2.5 centuries.	2.5 centuries took the construction.	ba	neutral
1001262	ba	ba	ba	ba	ba	ba	ba	The old towns offer many locally produced goods that make suitable souvenirs. 	Many locally produced goods that make suitable souvenirs offer the old towns.	ba	neutral
1000766	ba	ba	ba	ba	ba	ba	ba	The measure addressed birth control funding.	Birth control funding addrest the measure.	ba	neutral
1002764	ba	ba	ba	ba	ba	ba	ba	The box contains Chicken Fettuccini. 	Chicken Fettuccini contain the box.	ba	neutral
1002478	ba	ba	ba	ba	ba	ba	ba	The two presidential candidates concluded their runs.	Their runs concluded the two presidential candidates.	ba	neutral
1002914	ba	ba	ba	ba	ba	ba	ba	The research represents a very strong blow to the pesticide industry.	A very strong blow to the pesticide industry represents the research.	ba	neutral
1001628	ba	ba	ba	ba	ba	ba	ba	The citadel holds the most comprehensive and fascinating military museum in the world.	The most comprehensive and fascinating military museum in the world holds the citadel.	ba	neutral
1001417	ba	ba	ba	ba	ba	ba	ba	The govonor stopped crime,	Crime stopped the govonor.	ba	neutral
1000796	ba	ba	ba	ba	ba	ba	ba	The improvements took place because of well-meaning people who provided foreign aid.	Place because of well-meaning people who provided foreign aid took the improvements.	ba	neutral
1003160	ba	ba	ba	ba	ba	ba	ba	The Coroner pressed the witness to be absolutely sure of what he was saying. 	The witness to be absolutely sure of what he was saying pressed the Coroner.	ba	neutral
1002125	ba	ba	ba	ba	ba	ba	ba	The son surpassed his father.	His father surpassed the son.	ba	neutral
1002674	ba	ba	ba	ba	ba	ba	ba	The doctor gave a good explanation.  	A good explanation gave the doctor.	ba	neutral
1002909	ba	ba	ba	ba	ba	ba	ba	Each function uses separate technology and methods.	Separate technology and methods uses each function.	ba	neutral
1000155	ba	ba	ba	ba	ba	ba	ba	This job requires minimal education.	Minimal education requires this job.	ba	neutral
1000097	ba	ba	ba	ba	ba	ba	ba	The sultan received foreign ambassadors in the Throne Room which was found immediately inside the gate.	Foreign ambassadors in the Throne Room which was found immediately inside the gate received the sultan.	ba	neutral
1001451	ba	ba	ba	ba	ba	ba	ba	The organizations faced a multitude of challenges.	A multitude of challenges faced the organizations.	ba	neutral
1002100	ba	ba	ba	ba	ba	ba	ba	The Protestant Huguenots left the country.	The country left the Protestant Huguenots.	ba	neutral
1001500	ba	ba	ba	ba	ba	ba	ba	The white house helps too many foreign people. 	Too many foreign people help the white house.	ba	neutral
1001332	ba	ba	ba	ba	ba	ba	ba	The survey showed that 25 to 30 percent of the animals...	That 25 to 30 percent of the animals showed the survey.	ba	neutral
1000461	ba	ba	ba	ba	ba	ba	ba	The page features a history of Beijing, music, a pick your own adventure page and a forum. 	A history of Beijing , music , a pick your own adventure page and a forum features the page.	ba	neutral
1001462	ba	ba	ba	ba	ba	ba	ba	The table shows a summary of the resources with supplies..	A summary of the resources with supplies shows the table.	ba	neutral
1000491	ba	ba	ba	ba	ba	ba	ba	The agency received loads of public scrutiny.	Loads of public scrutiny received the agency.	ba	neutral
1001866	ba	ba	ba	ba	ba	ba	ba	The program interviewed Dr la Berg about his clinic.	Dr la Berg about his clinic interviewed the program.	ba	neutral
1000793	ba	ba	ba	ba	ba	ba	ba	The guidelines cover any toxicity test that is used.	Any toxicity test that is used cover the guidelines.	ba	neutral
1001155	ba	ba	ba	ba	ba	ba	ba	The analyses use statistics that are required by section 200 and 201.	Statistics that are required by section 200 and 201 use the analyses.	ba	neutral
1001324	ba	ba	ba	ba	ba	ba	ba	The remarkable inner sanctuary took 1000's of years to be mastered.	1000 's of years to be mastered took the remarkable inner sanctuary.	ba	neutral
1001742	ba	ba	ba	ba	ba	ba	ba	An expensive manufacturing creates an affordable product.	An affordable product creates an expensive manufacturing.	ba	neutral
1001827	ba	ba	ba	ba	ba	ba	ba	The story overwhelms the symbolism.	The symbolism overwhelms the story.	ba	neutral
1002202	ba	ba	ba	ba	ba	ba	ba	The king guaranteed reactionary nobles' hereditary status.	Reactionary nobles ' hereditary status guaranteed the king.	ba	neutral
1000465	ba	ba	ba	ba	ba	ba	ba	The Governor-General represents the queen in New Zealand.	The queen in New Zealand represents the Governor-General.	ba	neutral
1001528	ba	ba	ba	ba	ba	ba	ba	This latest analysis compares the Catholic and Buddhist religions. 	The Catholic and Buddhist religions compare this latest analysis.	ba	neutral
1000385	ba	ba	ba	ba	ba	ba	ba	The state punishes pornographers and people who make unorthodox speeches.	Pornographers and people who make unorthodox speeches punish the state.	ba	neutral
1002892	ba	ba	ba	ba	ba	ba	ba	The region uses no brick or wood in the construction of buildings. 	No brick or wood in the construction of buildings used the region.	ba	neutral
1002234	ba	ba	ba	ba	ba	ba	ba	The journey takes exactly one hour and 59 minutes.	Exactly one hour and 59 minutes takes the journey.	ba	neutral
1000857	ba	ba	ba	ba	ba	ba	ba	The thieves left everything they had taken from the mule on the ground for the men to find later.	Everything they had taken from the mule on the ground for the men to find later left the thieves.	ba	neutral
1001865	ba	ba	ba	ba	ba	ba	ba	The bus tours help tourists.	Help tourists tour the bus.	ba	neutral
1002857	ba	ba	ba	ba	ba	ba	ba	The Olafsons like the people that bought it.	The people that bought it like the Olafsons.	ba	neutral
1000586	ba	ba	ba	ba	ba	ba	ba	The giants weigh hundreds of pounds.	Hundreds of pounds weigh the giants.	ba	neutral
1001023	ba	ba	ba	ba	ba	ba	ba	The sophomore joined the freshman football team. 	The freshman football team joined the sophomore.	ba	neutral
1001471	ba	ba	ba	ba	ba	ba	ba	The prophecy takes care of itself regardless of what anyone else does.	Care of itself regardless of what anyone else does takes the prophecy.	ba	neutral
1001006	ba	ba	ba	ba	ba	ba	ba	The statues represent the kings.	The kings represent the statues.	ba	neutral
1000669	ba	ba	ba	ba	ba	ba	ba	The pharmacy sold other lethal poisons as well as strychnine. 	Other lethal poisons as well as strychnine sold the pharmacy.	ba	neutral
1002518	ba	ba	ba	ba	ba	ba	ba	The publication found no critics that were willing to be quoted on the film.	No critics that were willing to be quoted on the film found the publication.	ba	neutral
1000343	ba	ba	ba	ba	ba	ba	ba	The steps connect the older and newer parts of town.	The older and newer parts of town connect the steps.	ba	neutral
1002798	ba	ba	ba	ba	ba	ba	ba	The SEC estimated annual costs.	Annual costs estimated the SEC.	ba	neutral
1002709	ba	ba	ba	ba	ba	ba	ba	The barbarian used his sleeve to wipe the sweat from his brow as the little man yelled at him.	His sleeve to wipe the sweat from his brow as the little man yelled at him uses the barbarian.	ba	neutral
1002806	ba	ba	ba	ba	ba	ba	ba	The four elements that built the universe.	The universe built the four elements that.	ba	neutral
1002969	ba	ba	ba	ba	ba	ba	ba	The process involves many federal agents. 	Many federal agents involve the process.	ba	neutral
1000921	ba	ba	ba	ba	ba	ba	ba	The mare made a frantic noise.	A frantic noise made the mare.	ba	neutral
1001612	ba	ba	ba	ba	ba	ba	ba	The Malays want only signs in English.	Only signs in English want the Malays.	ba	neutral
1000234	ba	ba	ba	ba	ba	ba	ba	The final section includes case studies of OSHA, GAO, and the 2002 Congress.	Case studies of OSHA , GAO , and the 2002 Congress include the final section.	ba	neutral
1000459	ba	ba	ba	ba	ba	ba	ba	The locals decided the church to be a monument so they recreated its design.	The church to be a monument so they recreated its design decided the locals.	ba	neutral
1002792	ba	ba	ba	ba	ba	ba	ba	The analysis discusses alternative approaches which were considered by EPA.	Alternative approaches which were considered by EPA discuss the analysis.	ba	neutral
1000111	ba	ba	ba	ba	ba	ba	ba	The sculpture emphasizes Surya's life as king.  	Surya 's life as king emphasizes the sculpture.	ba	neutral
1000514	ba	ba	ba	ba	ba	ba	ba	The article contrasts cats and dogs.	Cats and dogs contrast the article.	ba	neutral
1002562	ba	ba	ba	ba	ba	ba	ba	The fourth phase follows the same steps as the first phase.	The same steps as the first phase follow the fourth phase.	ba	neutral
1001665	ba	ba	ba	ba	ba	ba	ba	The collections include works produced by El Greco and Titian.	Works produced by El Greco and Titian include the collections.	ba	neutral
1002873	ba	ba	ba	ba	ba	ba	ba	The Germans get things done quickly and easily.	Things done quickly and easily get the Germans.	ba	neutral
1001531	ba	ba	ba	ba	ba	ba	ba	The experiment outlived Ahkenaten's death.	Ahkenaten 's death outlived the experiment.	ba	neutral
1000832	ba	ba	ba	ba	ba	ba	ba	The journey takes a mere 12 minutes.	A mere 12 minutes take the journey.	ba	neutral
1001821	ba	ba	ba	ba	ba	ba	ba	The Kal re-fastened a dinner plate he picked up.	A dinner plate he picked up re-fastenned the Kal.	ba	neutral
1001879	ba	ba	ba	ba	ba	ba	ba	The northern islands produce sweaters, which are available to buy at stores.	Sweaters , which are available to buy at stores produce the northern islands.	ba	neutral
1000758	ba	ba	ba	ba	ba	ba	ba	The Commission published an analysis.	An analysis published the Commission.	ba	neutral
1001425	ba	ba	ba	ba	ba	ba	ba	The gross domestic product measures change in output.	Change in output measures the gross domestic product.	ba	neutral
1002612	ba	ba	ba	ba	ba	ba	ba	The Commission's notice deferred consideration of the NSA proposal.	Deferred consideration of the NSA proposal notices the Commission 's.	ba	neutral
1000710	ba	ba	ba	ba	ba	ba	ba	The landscaping includes wild flowers, trees, and a small pond.	Wild flowers , trees , and a small pond include the landscaping.	ba	neutral
1001711	ba	ba	ba	ba	ba	ba	ba	The defects include deficits of the brain.	Deficits of the brain include the defects.	ba	neutral
1003137	ba	ba	ba	ba	ba	ba	ba	The Free French forces supported the British and Canadians in their attack.	The British and Canadians in their attack supported the Free French forces.	ba	neutral
1000763	ba	ba	ba	ba	ba	ba	ba	The Department refused questions going against the rule.	Questions going against the rule refused the Department.	ba	neutral
1001372	ba	ba	ba	ba	ba	ba	ba	The LSC issued a 20 page document outlining the procedure.	A 20 page document outlining the procedure issued the LSC.	ba	neutral
1002196	ba	ba	ba	ba	ba	ba	ba	The sun dried the water I had on me pretty quickly.	The water I had on me pretty quickly dried the sun.	ba	neutral
1001249	ba	ba	ba	ba	ba	ba	ba	The modular construction offered combinations such as Atomic Ostrich and Donald Potter.	Combinations such as Atomic Ostrich and Donald Potter offered the modular construction.	ba	neutral
1002598	ba	ba	ba	ba	ba	ba	ba	The man made a boring statement that got no one's attention.	A boring statement that got no one 's attention made the man.	ba	neutral
1000840	ba	ba	ba	ba	ba	ba	ba	The unfinished palace contains a world-class collection of modern art.	A world-class collection of modern art contains the unfinished palace.	ba	neutral
1003050	ba	ba	ba	ba	ba	ba	ba	The current policy dictated a face value sale of postage. 	A face value sale of postage dictated the current policy.	ba	neutral
1001730	ba	ba	ba	ba	ba	ba	ba	The event included many clients.	Many clients included the event.	ba	neutral
1002808	ba	ba	ba	ba	ba	ba	ba	The federal agencies face many issues.	Many issues face the federal agencies.	ba	neutral
1001717	ba	ba	ba	ba	ba	ba	ba	The beach features a large restaurant and an equipment shack.	A large restaurant and an equipment shack features the beach.	ba	neutral
1001144	ba	ba	ba	ba	ba	ba	ba	This image provides a messed up view of evolution.	A messed up view of evolution provides this image.	ba	neutral
1001468	ba	ba	ba	ba	ba	ba	ba	The island lies west of Hong Kong.	West of Hong Kong lies the island.	ba	neutral
1002831	ba	ba	ba	ba	ba	ba	ba	The sword killed someone.	Someone killed the sword.	ba	neutral
1002577	ba	ba	ba	ba	ba	ba	ba	The documentation contains minor errors and flaws.	Minor errors and flaws contain the documentation.	ba	neutral
1000217	ba	ba	ba	ba	ba	ba	ba	Every newspaper attacked D'Amato's strategy.	D'Amato 's strategy attacked every newspaper.	ba	neutral
1001239	ba	ba	ba	ba	ba	ba	ba	The practice needs no research.	No research needs the practice.	ba	neutral
1000170	ba	ba	ba	ba	ba	ba	ba	The stadium lacked texture. 	Texture lacked the stadium.	ba	neutral
1000798	ba	ba	ba	ba	ba	ba	ba	The Taliban attack the poppy fields in the Southern areas.	The poppy fields in the Southern areas attack the Taliban.	ba	neutral
1002653	ba	ba	ba	ba	ba	ba	ba	A demographic shift poses challenges for the American economy.	Challenges for the American economy pose a demographic shift.	ba	neutral
1000554	ba	ba	ba	ba	ba	ba	ba	The Greek musical tradition includes guitar music. 	Guitar music include the Greek musical tradition.	ba	neutral
1002050	ba	ba	ba	ba	ba	ba	ba	The FDA requires the establishment of educational programs.	The establishment of educational programs requires the FDA.	ba	neutral
1001926	ba	ba	ba	ba	ba	ba	ba	The section sets procedures for traffic laws.	Procedures for traffic laws set the section.	ba	neutral
1000127	ba	ba	ba	ba	ba	ba	ba	The Scottish team provoked a dedifferentiation.	A dedifferentiation provoked the Scottish team.	ba	neutral
1000663	ba	ba	ba	ba	ba	ba	ba	The Enquirer knows no other theory but the Lucy Mercer one.	No other theory but the Lucy Mercer one knows the Enquirer.	ba	neutral
1000701	ba	ba	ba	ba	ba	ba	ba	The predator stomped one victim.	One victim stomped the predator.	ba	neutral
1001773	ba	ba	ba	ba	ba	ba	ba	These medical treatments include hip replacement surgery.	Hip replacement surgery include these medical treatments.	ba	neutral
1001608	ba	ba	ba	ba	ba	ba	ba	The fellow wears a beret to accentuate his mustache.	A beret to accentuate his mustache wears the fellow.	ba	neutral
1001183	ba	ba	ba	ba	ba	ba	ba	The EPA follows Clean Air Act requirements rather than the Administrative Procedure Act.	Clean Air Act requirements rather than the Administrative Procedure Act follow the EPA.	ba	neutral
1001370	ba	ba	ba	ba	ba	ba	ba	This list contains random things I thought of, not anything useful.	Random things I thought of , not anything useful contain this list.	ba	neutral
1002495	ba	ba	ba	ba	ba	ba	ba	The belltower survived an earthquake that destroyed most of the building.	An earthquake that destroyed most of the building survived the belltower.	ba	neutral
1002834	ba	ba	ba	ba	ba	ba	ba	The woman punched the Sai Routha's chest.	The Sai Routha 's chest punched the woman.	ba	neutral
1000245	ba	ba	ba	ba	ba	ba	ba	This value reflects changes in real income.	Changes in real income reflect this value.	ba	neutral
1002434	ba	ba	ba	ba	ba	ba	ba	The standard auditor wrote a report that was useful to users. 	A report that was useful to users wrote the standard auditor.	ba	neutral
1002817	ba	ba	ba	ba	ba	ba	ba	All agencies recommend a follow-up.	A follow-up recommends all agencies.	ba	neutral
1002045	ba	ba	ba	ba	ba	ba	ba	No one speaks English in the hotels.	English in the hotels speaks no one.	ba	neutral
1000249	ba	ba	ba	ba	ba	ba	ba	The painting depicts the French shooting Spanish patriots.	The French shooting Spanish patriots depict the painting.	ba	neutral
1001579	ba	ba	ba	ba	ba	ba	ba	The treaty put hundreds of new regulations that will slow down the global arms race.	Hundreds of new regulations that will slow down the global arms race put the treaty.	ba	neutral
1000948	ba	ba	ba	ba	ba	ba	ba	The agency got a much bigger budget.	A much bigger budget got the agency.	ba	neutral
1001195	ba	ba	ba	ba	ba	ba	ba	A thousand people lined Colorado Boulevard for a once off event.	Colorado Boulevard for a once off event lined a thousand people.	ba	neutral
1001814	ba	ba	ba	ba	ba	ba	ba	No islands exhibit the syrtos dance.	The syrtos dance exhibits no islands.	ba	neutral
1002254	ba	ba	ba	ba	ba	ba	ba	The ride features a large stone trap that sometimes crushes unwary tourists.	A large stone trap that sometimes crushes unwary tourists feature the ride.	ba	neutral
1001559	ba	ba	ba	ba	ba	ba	ba	A tourist took a picture of the dust rolling in a cloud.	A picture of the dust rolling in a cloud took a tourist.	ba	neutral
1001428	ba	ba	ba	ba	ba	ba	ba	The fourth set gives conditions which the Service cannot use multi-year test periods to show that a proposed service will be compensatory over time.	Conditions which the Service can not use multi-year test periods to show that a proposed service will be compensatory over time give the fourth set.	ba	neutral
1001052	ba	ba	ba	ba	ba	ba	ba	The boy threw something.	Something threw the boy.	ba	neutral
1000075	ba	ba	ba	ba	ba	ba	ba	The mask yielded no potential evidence of how the bard died.	No potential evidence of how the bard died yielded the mask.	ba	neutral
1000292	ba	ba	ba	ba	ba	ba	ba	The magazine prints obituaries.	Obituaries print the magazine.	ba	neutral
1001890	ba	ba	ba	ba	ba	ba	ba	A child told a story.	A story told a child.	ba	neutral
1002866	ba	ba	ba	ba	ba	ba	ba	The above list contains a large number of laws.	A large number of laws contains the above list.	ba	neutral
1002132	ba	ba	ba	ba	ba	ba	ba	The NYT saves articles.	Articles save the NYT.	ba	neutral
1001125	ba	ba	ba	ba	ba	ba	ba	The special things include a sale, book signing, or celebrity sighting.	A sale , book signing , or celebrity sighting includes the special things.	ba	neutral
1000138	ba	ba	ba	ba	ba	ba	ba	The last flood ruined all the cables.	All the cables ruined the last flood.	ba	neutral
1002058	ba	ba	ba	ba	ba	ba	ba	These activities include interviews with the OPM's Executive.	Interviews with the OPM 's Executive include these activities.	ba	neutral
1000760	ba	ba	ba	ba	ba	ba	ba	The vines hold the best view, never mind cramant. 	The best view , never mind cramant holds the vines.	ba	neutral
1003030	ba	ba	ba	ba	ba	ba	ba	The local Turks resent the tourists' presence.	The tourists ' presence resent the local Turks.	ba	neutral
1001701	ba	ba	ba	ba	ba	ba	ba	The church features roman and Gothic architecture. 	Roman and Gothic architecture features the church.	ba	neutral
1002184	ba	ba	ba	ba	ba	ba	ba	The farmers gained knowledge of how the company works.	Knowledge of how the company works gained the farmers.	ba	neutral
1001534	ba	ba	ba	ba	ba	ba	ba	The initiatives include providers working to ensure medical records support bills.  	Providers working to ensure medical records support bills include the initiatives.	ba	neutral
1000213	ba	ba	ba	ba	ba	ba	ba	The report examines the product elimination part of the acquisition process.	The product elimination part of the acquisition process examine the report.	ba	neutral
1000600	ba	ba	ba	ba	ba	ba	ba	the federal CIO faces additional challenges such as needing to keep track of external profits.	Additional challenges such as needing to keep track of external profits face the federal CIO.	ba	neutral
1000450	ba	ba	ba	ba	ba	ba	ba	The person asked a question of the lecturer.	A question of the lecturer asked the person.	ba	neutral
1001774	ba	ba	ba	ba	ba	ba	ba	The family owned none of the furniture inside.	None of the furniture inside owned the family.	ba	neutral
1003085	ba	ba	ba	ba	ba	ba	ba	The econometric model stipulated segregated treatment of mail.	Segregated treatment of mail stipulated the econometric model.	ba	neutral
1000643	ba	ba	ba	ba	ba	ba	ba	All difficult cases take a long time.	A long time takes all difficult cases.	ba	neutral
1002140	ba	ba	ba	ba	ba	ba	ba	No one showed any interest.	Any interest showed no one.	ba	neutral
1001719	ba	ba	ba	ba	ba	ba	ba	The review found an overabundance of statistical process control.	An overabundance of statistical process control found the review.	ba	neutral
1001599	ba	ba	ba	ba	ba	ba	ba	The appendix describes the model.	The model describes the appendix.	ba	neutral
1000313	ba	ba	ba	ba	ba	ba	ba	The investment community companies that have huge amounts of assets.	Companies that have huge amounts of assets community the investment.	ba	neutral
1002500	ba	ba	ba	ba	ba	ba	ba	The Turks bury their dead to keep them out of the sun.	Their dead to keep them out of the sun buries the Turks.	ba	neutral
1000572	ba	ba	ba	ba	ba	ba	ba	The model considers multiple factors including consumption of all utilities.	Multiple factors including consumption of all utilities consider the model.	ba	neutral
1001940	ba	ba	ba	ba	ba	ba	ba	The price raised four percent. 	Four percent raised the price.	ba	neutral
1001151	ba	ba	ba	ba	ba	ba	ba	The agency requires certification.	Certification requires the agency.	ba	neutral
1002797	ba	ba	ba	ba	ba	ba	ba	The bullet hits Lana.	Lana hits the bullet.	ba	neutral
1002859	ba	ba	ba	ba	ba	ba	ba	The transaction helps the employees a lot.	The employees a lot help the transaction.	ba	neutral
1000641	ba	ba	ba	ba	ba	ba	ba	Some judges interpret statutes in a way that hurts a democratic government.	Statutes in a way that hurts a democratic government interpret some judges.	ba	neutral
1000428	ba	ba	ba	ba	ba	ba	ba	The FCC followed 5 U.S.C.'S guidelines when they promoted this rule.	5 U.S.C. 'S guidelines when they promoted this rule followed the FCC.	ba	neutral
1003024	ba	ba	ba	ba	ba	ba	ba	This updates recognizes the importance of an increased use of information technology.	The importance of an increased use of information technology recognizes this updates.	ba	neutral
1002727	ba	ba	ba	ba	ba	ba	ba	The man urged his horse to ride quickly towards the hole in the sky. 	His horse to ride quickly towards the hole in the sky urged the man.	ba	neutral
1001141	ba	ba	ba	ba	ba	ba	ba	The existing model uses more than just financial statements.	More than just financial statements used the existing model.	ba	neutral
1001162	ba	ba	ba	ba	ba	ba	ba	The army sought revenge on the Malaysians who hoarded food and stole rainwater.	Revenge on the Malaysians who hoarded food and stole rainwater sought the army.	ba	neutral
1000091	ba	ba	ba	ba	ba	ba	ba	The fda conducted the final regulatory flexibility analysis. 	The final regulatory flexibility analysis conducted the fda.	ba	neutral
1001543	ba	ba	ba	ba	ba	ba	ba	The rules add all sorts of new reporting, records, and compliance requirements.	All sorts of new reporting , records , and compliance requirements add the rules.	ba	neutral
1003025	ba	ba	ba	ba	ba	ba	ba	The museum includes exhibits on traditional Murican furnishings.	Exhibits on traditional Murican furnishings include the museum.	ba	neutral
1002874	ba	ba	ba	ba	ba	ba	ba	The British assaults destroyed any Irish resistance.	Any Irish resistance destroyed the British assaults.	ba	neutral
1001611	ba	ba	ba	ba	ba	ba	ba	The family enjoyed their vacations.	Their vacations enjoyed the family.	ba	neutral
1002677	ba	ba	ba	ba	ba	ba	ba	The terraced gardens provide a great view of the lake. 	A great view of the lake provides the terraced gardens.	ba	neutral
1002573	ba	ba	ba	ba	ba	ba	ba	The Cabinet posses the Executive power.	The Executive power poss the Cabinet.	ba	neutral
1001361	ba	ba	ba	ba	ba	ba	ba	"The headline says ""British Court Frees Chile's Pinochet"", which is completely accurate reporting."	`` British Court Frees Chile 's Pinochet '' , which is completely accurate reporting says the headline.	ba	neutral
1001539	ba	ba	ba	ba	ba	ba	ba	All white wines use bell pepper, brine from canned asparagus, and apricot puree as their standards.	Bell pepper , brine from canned asparagus , and apricot puree as their standards use all white wines.	ba	neutral
1000405	ba	ba	ba	ba	ba	ba	ba	The company welcomed the feelings Mr. Inglethorpe brought with him. 	The feelings Mr. Inglethorpe brought with him welcomed the company.	ba	neutral
1001339	ba	ba	ba	ba	ba	ba	ba	The chauffeur swiveled his head to look at him.	His head to look at him swiveled the chauffeur.	ba	neutral
1002541	ba	ba	ba	ba	ba	ba	ba	The island maintains a Spanish character.	A Spanish character maintains the island.	ba	neutral
1000528	ba	ba	ba	ba	ba	ba	ba	The design needs participants.	Participants need the design.	ba	neutral
1001950	ba	ba	ba	ba	ba	ba	ba	The table shows parameters used by companies that aren't included in the policy.	Parameters used by companies that are n't included in the policy show the table.	ba	neutral
1002704	ba	ba	ba	ba	ba	ba	ba	The senior official left the white house.	The white house left the senior official.	ba	neutral
1000401	ba	ba	ba	ba	ba	ba	ba	The publication says everything about her. 	Everything about her says the publication.	ba	neutral
1000684	ba	ba	ba	ba	ba	ba	ba	The woman printed a form to file for child support.	A form to file for child support printed the woman.	ba	neutral
1001389	ba	ba	ba	ba	ba	ba	ba	The submission indicates environmental impact.  	Environmental impact indicates the submission.	ba	neutral
1001976	ba	ba	ba	ba	ba	ba	ba	The Biological Differences Between Men and Women can be fighting words.	Men and Women fight the Biological Differences.	ba	neutral
1002330	ba	ba	ba	ba	ba	ba	ba	The mountain offers great skiing.	Great skiing offers the mountain.	ba	neutral
1001145	ba	ba	ba	ba	ba	ba	ba	The Model creates accurate forecasts of electricity prices.	Accurate forecasts of electricity prices create the Model.	ba	neutral
1000784	ba	ba	ba	ba	ba	ba	ba	The crowd likes accidents where people die.	Accidents where people die like the crowd.	ba	neutral
1000926	ba	ba	ba	ba	ba	ba	ba	The Chinese government threatened villagers who did interviews with Becker.	Villagers who did interviews with Becker threatened the Chinese government.	ba	neutral
1000049	ba	ba	ba	ba	ba	ba	ba	The relief shows an image of Jesus.	An image of Jesus shows the relief.	ba	neutral
1001725	ba	ba	ba	ba	ba	ba	ba	The major hotels organize full-scale recitals of music.	Full-scale recitals of music organize the major hotels.	ba	neutral
1001646	ba	ba	ba	ba	ba	ba	ba	The chateau boosts many gardens, as well as a sizable park.	Many gardens , as well as a sizable park boost the chateau.	ba	neutral
1000071	ba	ba	ba	ba	ba	ba	ba	The men paid the people who managed the land for them a lot.	The people who managed the land for them a lot paid the men.	ba	neutral
1000805	ba	ba	ba	ba	ba	ba	ba	The Serbs lost the Battle of Kosovo.	The Battle of Kosovo lost the Serbs.	ba	neutral
1001504	ba	ba	ba	ba	ba	ba	ba	The table shows a summary of the natural resources in demand.	A summary of the natural resources in demand shows the table.	ba	neutral
1000642	ba	ba	ba	ba	ba	ba	ba	The barber uses the hair to make dolls.	The hair to make dolls uses the barber.	ba	neutral
1001379	ba	ba	ba	ba	ba	ba	ba	The table illustrates a literal couple.	A literal couple illustrates the table.	ba	neutral
1000497	ba	ba	ba	ba	ba	ba	ba	The boy went a long way.	A long way went the boy.	ba	neutral
1002993	ba	ba	ba	ba	ba	ba	ba	The cannons made the battle one-sided.	The battle one-sided made the cannons.	ba	neutral
1000978	ba	ba	ba	ba	ba	ba	ba	The question regards acceptance of waste management legislation.	Acceptance of waste management legislation regards the question.	ba	neutral
1002177	ba	ba	ba	ba	ba	ba	ba	The list contains best reviews of the performance.	Best reviews of the performance contain the list.	ba	neutral
1001910	ba	ba	ba	ba	ba	ba	ba	Each packet seeks the most expensive route.	The most expensive route seeks each packet.	ba	neutral
1001381	ba	ba	ba	ba	ba	ba	ba	The Figure depicts a boiler equipped with an ESP.	A boiler equipped with an ESP depicts the Figure.	ba	neutral
1001049	ba	ba	ba	ba	ba	ba	ba	The house contains lots of furniture and art.	Lots of furniture and art contain the house.	ba	neutral
1001520	ba	ba	ba	ba	ba	ba	ba	The woman printed a form.	A form printed the woman.	ba	neutral
1000518	ba	ba	ba	ba	ba	ba	ba	The request reflected the senator's special interest in the desert.	The senator 's special interest in the desert reflected the request.	ba	neutral
1002037	ba	ba	ba	ba	ba	ba	ba	The NSF assessed a cooperative science program.	A cooperative science program assessed the NSF.	ba	neutral
1002618	ba	ba	ba	ba	ba	ba	ba	The memoir gets something right.	Something right get the memoir.	ba	neutral
1000851	ba	ba	ba	ba	ba	ba	ba	The interior grows a lot of sugar cane.	A lot of sugar cane grows the interior.	ba	neutral
1001483	ba	ba	ba	ba	ba	ba	ba	The final rule affects many people in a negative manner.	Many people in a negative manner affect the final rule.	ba	neutral
1002711	ba	ba	ba	ba	ba	ba	ba	The woman wore a yellow blouse that matched the flowers she was tending. 	A yellow blouse that matched the flowers she was tending wore the woman.	ba	neutral
1003090	ba	ba	ba	ba	ba	ba	ba	The GDP impacts savings rates.	Savings rates impact the GDP.	ba	neutral
1002762	ba	ba	ba	ba	ba	ba	ba	The senior executives received  summary rating level of nonperforming.	Summary rating level of nonperforming received the senior executives.	ba	neutral
1002155	ba	ba	ba	ba	ba	ba	ba	The complex includes the Negara and Merdeka stadium near the city.	The Negara and Merdeka stadium near the city include the complex.	ba	neutral
1002620	ba	ba	ba	ba	ba	ba	ba	The Explorer took the moment to shake his head in disgust.	The moment to shake his head in disgust took the Explorer.	ba	neutral
1000380	ba	ba	ba	ba	ba	ba	ba	The veils represent mysticism and truth.	Mysticism and truth represent the veils.	ba	neutral
1002878	ba	ba	ba	ba	ba	ba	ba	The need to replace SCR catalyst increased every year.	Every year increased the need to replace SCR catalyst.	ba	neutral
1002632	ba	ba	ba	ba	ba	ba	ba	Each party sacrifices nothing.	Nothing sacrifices each party.	ba	neutral
1002285	ba	ba	ba	ba	ba	ba	ba	No one owns any clothes that express their political viewpoints.	Any clothes that express their political viewpoints own no one.	ba	neutral
1002511	ba	ba	ba	ba	ba	ba	ba	This temple contains tombs of famous artists and two kings.	Tombs of famous artists and two kings contain this temple.	ba	neutral
1002713	ba	ba	ba	ba	ba	ba	ba	The peninsula contains a large amount of independent-minded cities.	A large amount of independent-minded cities contains the peninsula.	ba	neutral
1001900	ba	ba	ba	ba	ba	ba	ba	The community sets rules against African American people.	Rules against African American people set the community.	ba	neutral
1002560	ba	ba	ba	ba	ba	ba	ba	The Moors built only uniform walls stretching for kilometres without towers.	Only uniform walls stretching for kilometres without towers built the Moors.	ba	neutral
1001788	ba	ba	ba	ba	ba	ba	ba	The period lasted 5 years.	5 years lasted the period.	ba	neutral
1001830	ba	ba	ba	ba	ba	ba	ba	The Jocks exploit the Wannabes. 	The Wannabes exploits the Jocks.	ba	neutral
1000192	ba	ba	ba	ba	ba	ba	ba	The Olafsons hate the people that bought it.	The people that bought it hate the Olafsons.	ba	neutral
1000121	ba	ba	ba	ba	ba	ba	ba	The MCCJ sponsored an evaluation of the delivery system.	An evaluation of the delivery system sponsored the MCCJ.	ba	neutral
1002314	ba	ba	ba	ba	ba	ba	ba	The committee instituted several reforms which had multiple effects.	Several reforms which had multiple effects instituted the committee.	ba	neutral
1000860	ba	ba	ba	ba	ba	ba	ba	No one wants generalization in their organization.	Generalization in their organization wants no one.	ba	neutral
1002723	ba	ba	ba	ba	ba	ba	ba	The agency receives federal grants.	Federal grants receive the agency.	ba	neutral
1002951	ba	ba	ba	ba	ba	ba	ba	The orrery needed a lot of sun light.	A lot of sun light needed the orrery.	ba	neutral
1000088	ba	ba	ba	ba	ba	ba	ba	The annual report includes an independent financial audit.	An independent financial audit includes the annual report.	ba	neutral
1001226	ba	ba	ba	ba	ba	ba	ba	The demon slashed the woman's throat.	The woman 's throat slashed the demon.	ba	neutral
1002368	ba	ba	ba	ba	ba	ba	ba	This case takes place in Massachusetts.	Place in Massachusetts takes this case.	ba	neutral
1001766	ba	ba	ba	ba	ba	ba	ba	The political debate discusses the long-term payoff.	The long-term payoff discusses the political debate.	ba	neutral
1000695	ba	ba	ba	ba	ba	ba	ba	The herbal extract treats many other problems.  	Many other problems treat the herbal extract.	ba	neutral
1000358	ba	ba	ba	ba	ba	ba	ba	The coastline features only historic renaissance architecture with no modern buildings in sight.	Only historic renaissance architecture with no modern buildings in sight feature the coastline.	ba	neutral
1000219	ba	ba	ba	ba	ba	ba	ba	The GAO uses written material to confirm that critical facts and information are current.	Written material to confirm that critical facts and information are current uses the GAO.	ba	neutral
1001549	ba	ba	ba	ba	ba	ba	ba	The first figure shows the relationship between time and density, which was asked by the problem.	The relationship between time and density , which was asked by the problem shows the first figure.	ba	neutral
1002634	ba	ba	ba	ba	ba	ba	ba	The same sculptor made the Last Judgement as well as the statues of the saints.	The Last Judgement as well as the statues of the saints made the same sculptor.	ba	neutral
1001535	ba	ba	ba	ba	ba	ba	ba	The realignment requires funding for GAO.	Funding for GAO requires the realignment.	ba	neutral
1000646	ba	ba	ba	ba	ba	ba	ba	The antique shops feature goods dating back to the 15th century.	Goods dating back to the 15th century feature the antique shops.	ba	neutral
1001787	ba	ba	ba	ba	ba	ba	ba	The wind makes Guadeloupe's course quite interesting.	Guadeloupe 's course quite interesting makes the wind.	ba	neutral
1001427	ba	ba	ba	ba	ba	ba	ba	The State or local authorities issue construction permits.	Construction permits issue the State or local authorities.	ba	neutral
1000922	ba	ba	ba	ba	ba	ba	ba	The population prefers other alcoholic beverages over wine.	Other alcoholic beverages over wine prefer the population.	ba	neutral
1001206	ba	ba	ba	ba	ba	ba	ba	The central hall contains a variety of different sarcophagus types.	A variety of different sarcophagus types contains the central hall.	ba	neutral
1001204	ba	ba	ba	ba	ba	ba	ba	The king guaranteed reactionary nobles' killing.	Reactionary nobles ' killing guaranteed the king.	ba	neutral
1000809	ba	ba	ba	ba	ba	ba	ba	The IRS faces a challenge.	A challenge faces the IRS.	ba	neutral
1000874	ba	ba	ba	ba	ba	ba	ba	The villager held a sword and a dagger.	A sword and a dagger held the villager.	ba	neutral
1000207	ba	ba	ba	ba	ba	ba	ba	The stops take a total of thirty seconds. 	A total of thirty seconds takes the stops.	ba	neutral
1001283	ba	ba	ba	ba	ba	ba	ba	The narrative includes a store owner and a rabbi.	A store owner and a rabbi include the narrative.	ba	neutral
1000659	ba	ba	ba	ba	ba	ba	ba	The analysis mentions nothing about any alternatives.	Nothing about any alternatives mentions the analysis.	ba	neutral
1003036	ba	ba	ba	ba	ba	ba	ba	The locals drink ice in hot weather.	Ice in hot weather drinks the locals.	ba	neutral
1002441	ba	ba	ba	ba	ba	ba	ba	The woman punched the Sai Routha's leg.	The Sai Routha 's leg punched the woman.	ba	neutral
1001203	ba	ba	ba	ba	ba	ba	ba	The table contains the assumptions.	The assumptions contain the table.	ba	neutral
1001589	ba	ba	ba	ba	ba	ba	ba	The president disregarded the fine particle pollution situation.	The fine particle pollution situation disregarded the president.	ba	neutral
1001275	ba	ba	ba	ba	ba	ba	ba	The piece discusses yogurt in a tube.	Yogurt in a tube discusses the piece.	ba	neutral
1002131	ba	ba	ba	ba	ba	ba	ba	The film gives the correct impression about how many of those Flynt has.	The correct impression about how many of those Flynt has gives the film.	ba	neutral
1000413	ba	ba	ba	ba	ba	ba	ba	The photographs show old people.	Old people show the photographs.	ba	neutral
1000776	ba	ba	ba	ba	ba	ba	ba	The government collects amounts.	Amounts collect the government.	ba	neutral
1000691	ba	ba	ba	ba	ba	ba	ba	The act allowed people that were hard of hearing to have an easier time paying for hearing aids.	People that were hard of hearing to have an easier time paying for hearing aids allowed the act.	ba	neutral
1001615	ba	ba	ba	ba	ba	ba	ba	The statistician plays a crucial role.	A crucial role plays the statistician.	ba	neutral
1000030	ba	ba	ba	ba	ba	ba	ba	The dialogue contains a large amount of exposition.	A large amount of exposition contains the dialogue.	ba	neutral
1002507	ba	ba	ba	ba	ba	ba	ba	The territory contains nearly 6000 areas.	Nearly 6000 areas contain the territory.	ba	neutral
1001113	ba	ba	ba	ba	ba	ba	ba	The committee created a tool to determine training needs for military employees.	A tool to determine training needs for military employees created the committee.	ba	neutral
1002887	ba	ba	ba	ba	ba	ba	ba	The system requires admin access for how the changes to the system's configuration works. 	Admin access for how the changes to the system 's configuration works require the system.	ba	neutral
1000449	ba	ba	ba	ba	ba	ba	ba	These adaptations create the need for a more comprehensive understanding of case study techniques and other techniques.	The need for a more comprehensive understanding of case study techniques and other techniques creates these adaptations.	ba	neutral
1002926	ba	ba	ba	ba	ba	ba	ba	The lower classes resented the easy lives of the elites.	The easy lives of the elites resented the lower classes.	ba	neutral
1002818	ba	ba	ba	ba	ba	ba	ba	The preceding sections explain the scenario assumptions.	The scenario assumptions explain the preceding sections.	ba	neutral
1003093	ba	ba	ba	ba	ba	ba	ba	These vacations involved hours lying on the beach.	Hours lying on the beach involved these vacations.	ba	neutral
1001034	ba	ba	ba	ba	ba	ba	ba	The old building hosts the Edinburgh Experience as of today.	The Edinburgh Experience as of today host the old building.	ba	neutral
1001362	ba	ba	ba	ba	ba	ba	ba	The participants believe today's environment affected finding members.	Today 's environment affected finding members believes the participants.	ba	neutral
1001175	ba	ba	ba	ba	ba	ba	ba	The man gives a horrible movie.	A horrible movie gives the man.	ba	neutral
1002591	ba	ba	ba	ba	ba	ba	ba	A transition took place between Hapsburg Madrid and the Bourbon kings.	Place between Hapsburg Madrid and the Bourbon kings took a transition.	ba	neutral
1000700	ba	ba	ba	ba	ba	ba	ba	The factory produces food products.	Food products produce the factory.	ba	neutral
1000820	ba	ba	ba	ba	ba	ba	ba	The kid got bushwacked while scouting up north.	Bushwacked while scouting up north got the kid.	ba	neutral
1001699	ba	ba	ba	ba	ba	ba	ba	The state got 100,000 more poor people.	100,000 more poor people got the state.	ba	neutral
1002928	ba	ba	ba	ba	ba	ba	ba	This advisory addresses emissions and climate change.	Emissions and climate change address this advisory.	ba	neutral
1001319	ba	ba	ba	ba	ba	ba	ba	The woman wrote the book.	The book wrote the woman.	ba	neutral
1002843	ba	ba	ba	ba	ba	ba	ba	The tree cast a shade.	A shade casts the tree.	ba	neutral
1000609	ba	ba	ba	ba	ba	ba	ba	The horse knows nothing.	Nothing knows the horse.	ba	neutral
1000961	ba	ba	ba	ba	ba	ba	ba	The land provides huge amount of food for the people.	Huge amount of food for the people provides the land.	ba	neutral
1001919	ba	ba	ba	ba	ba	ba	ba	The Jamaican army defeated the French army.	The French army defeated the Jamaican army.	ba	neutral
1000775	ba	ba	ba	ba	ba	ba	ba	The state received a grant to set up 2 new pro bono programs. 	A grant to set up 2 new pro bono programs received the state.	ba	neutral
1000296	ba	ba	ba	ba	ba	ba	ba	The hall contained a great many people.	A great many people contained the hall.	ba	neutral
