2001574	ba	ba	ba	ba	ba	ba	ba	The home includes baths, libraries of different languages, and a Greek theater.	Baths , libraries of different languages , and a Greek theater are included by the home.	ba	entailment
2003070	ba	ba	ba	ba	ba	ba	ba	The new Jewish enclave drew many young families.	Many young families were drawn by the new Jewish enclave.	ba	entailment
2000593	ba	ba	ba	ba	ba	ba	ba	The readers gain a better understanding of the world from this.	A better understanding of the world from this is gained by the readers.	ba	entailment
2002305	ba	ba	ba	ba	ba	ba	ba	A study shows major difference between similar public and private organizations.	Major difference between similar public and private organizations is shown by a study.	ba	entailment
2001150	ba	ba	ba	ba	ba	ba	ba	This location makes a great picnic spot.	A great picnic spot are made by this location.	ba	entailment
2002101	ba	ba	ba	ba	ba	ba	ba	The Crone painted her bald head red. 	Her bald head red were painted by the Crone.	ba	entailment
2001323	ba	ba	ba	ba	ba	ba	ba	The standards give a framework for internal controls.	A framework for internal controls is given by the standards.	ba	entailment
2002491	ba	ba	ba	ba	ba	ba	ba	A light shape left the camp. 	The camp was left by a light shape.	ba	entailment
2000732	ba	ba	ba	ba	ba	ba	ba	The organization got more than half a million dollars.	More than half a million dollars were gotten by the organization.	ba	entailment
2000194	ba	ba	ba	ba	ba	ba	ba	This approach produced good results.	Good results were produced by this approach.	ba	entailment
2000580	ba	ba	ba	ba	ba	ba	ba	The Pentagon told no one.	No one was told by the Pentagon.	ba	entailment
2001251	ba	ba	ba	ba	ba	ba	ba	The Poles rebelled at least three times.	At least three times were rebelled by the Poles.	ba	entailment
2001031	ba	ba	ba	ba	ba	ba	ba	No agencies recommend a follow-up.	A follow-up is recommended by no agencies.	ba	entailment
2002206	ba	ba	ba	ba	ba	ba	ba	The preamble states the information that is required for the act including budget.	The information that is required for the act including budget is stated by the preamble.	ba	entailment
2000098	ba	ba	ba	ba	ba	ba	ba	The restaurant serves vegetarian food.	Vegetarian food are served by the restaurant.	ba	entailment
2002408	ba	ba	ba	ba	ba	ba	ba	The program produced lots of research. 	Lots of research were produced by the program.	ba	entailment
2002594	ba	ba	ba	ba	ba	ba	ba	The island produced a lot of timber that was used to build ships.	A lot of timber that was used to build ships was produced by the island.	ba	entailment
2000790	ba	ba	ba	ba	ba	ba	ba	The kiosks sell cookies made from shredded cardboard.	Cookies made from shredded cardboard are sold by the kiosks.	ba	entailment
2001276	ba	ba	ba	ba	ba	ba	ba	The plan help the entire cities homeless population.	The entire cities homeless population are helped by the plan.	ba	entailment
2001567	ba	ba	ba	ba	ba	ba	ba	The Secretrary found the rulemaking fine.	The rulemaking fine was found by the Secretrary.	ba	entailment
2000053	ba	ba	ba	ba	ba	ba	ba	The policeman produced a key that worked in every lock.	A key that worked in every lock was produced by the policeman.	ba	entailment
2001375	ba	ba	ba	ba	ba	ba	ba	The manager preferred complex flavors.	Complex flavors were preferred by the manager.	ba	entailment
2001153	ba	ba	ba	ba	ba	ba	ba	The mosaics depict a dangerous river crossing after a storm.	A dangerous river crossing after a storm is depicted by the mosaics.	ba	entailment
2001670	ba	ba	ba	ba	ba	ba	ba	The fortress overlooked the Parliament.	The Parliament was overlooked by the fortress.	ba	entailment
2000059	ba	ba	ba	ba	ba	ba	ba	All males did the study.	The study was done by all males.	ba	entailment
2002803	ba	ba	ba	ba	ba	ba	ba	The disruptions include poor weather and traffic conditions.	Poor weather and traffic conditions are included by the disruptions.	ba	entailment
2001700	ba	ba	ba	ba	ba	ba	ba	The control keeps things moving.	Things moving are kept by the control.	ba	entailment
2001008	ba	ba	ba	ba	ba	ba	ba	This site contains clients FAQs.	Clients FAQs are contained by this site.	ba	entailment
2001452	ba	ba	ba	ba	ba	ba	ba	The computer simulated long-term performance.	Long-term performance is simulated by the computer.	ba	entailment
2000398	ba	ba	ba	ba	ba	ba	ba	The mission includes the successful delivery of any mail and to serve.	The successful delivery of any mail and to serve is included by the mission.	ba	entailment
2000814	ba	ba	ba	ba	ba	ba	ba	The Scots found a new leader named Robert the Bruce.	A new leader named Robert the Bruce was found by the Scots.	ba	entailment
2002911	ba	ba	ba	ba	ba	ba	ba	The outliers received only 20% of the average.	Only 20 % of the average was received by the outliers.	ba	entailment
2000616	ba	ba	ba	ba	ba	ba	ba	A long and winding avenue called Parish Close Road.	Parish Close Road were called by a long and winding avenue.	ba	entailment
2002395	ba	ba	ba	ba	ba	ba	ba	The zaibatsu conglomerates became the keiretsu trading conglomerates.	The keiretsu trading conglomerates were become by the zaibatsu conglomerates.	ba	entailment
2002404	ba	ba	ba	ba	ba	ba	ba	The decision to stop and frisk a driver requires preparation, documentation and many intermediary steps and discussions.	Preparation , documentation and many intermediary steps and discussions are required by the decision to stop and frisk a driver.	ba	entailment
2001025	ba	ba	ba	ba	ba	ba	ba	The standards give a framework for internal controls for federal agencies.	A framework for internal controls for federal agencies is given by the standards.	ba	entailment
2003009	ba	ba	ba	ba	ba	ba	ba	The Persians lost Anatolia and then the Cyclades.	Anatolia and then the Cyclades was lost by the Persians.	ba	entailment
2002760	ba	ba	ba	ba	ba	ba	ba	This museum celebrates the diversity of artists of color.	The diversity of artists of color is celebrated by this museum.	ba	entailment
2002170	ba	ba	ba	ba	ba	ba	ba	The recommendations addressed mercury.	Mercury was addrest by the recommendations.	ba	entailment
2000936	ba	ba	ba	ba	ba	ba	ba	The examples proved only negative outcomes.	Only negative outcomes were proven by the examples.	ba	entailment
2001264	ba	ba	ba	ba	ba	ba	ba	The hotel occupies a modern part of the city.	A modern part of the city is occupied by the hotel.	ba	entailment
2002581	ba	ba	ba	ba	ba	ba	ba	The people loved the internet.	The internet was loved by the people.	ba	entailment
2000141	ba	ba	ba	ba	ba	ba	ba	The stronger guys did the bulk of it all.	The bulk of it all was done by the stronger guys.	ba	entailment
2001173	ba	ba	ba	ba	ba	ba	ba	The market sold all sorts of crafts and foods.	All sorts of crafts and foods were sold by the market.	ba	entailment
2001191	ba	ba	ba	ba	ba	ba	ba	The final rule contains discussion and summaries of the comments submitted and the responses to them.	Discussion and summaries of the comments submitted and the responses to them are contained by the final rule.	ba	entailment
2002847	ba	ba	ba	ba	ba	ba	ba	The medieval fortress contains a drawbridge and extravagant halls. 	A drawbridge and extravagant halls is contained by the medieval fortress.	ba	entailment
2001621	ba	ba	ba	ba	ba	ba	ba	The report shows ways in which these states have strengthened their equal justice systems.	Ways in which these states have strengthened their equal justice systems are shown by the report.	ba	entailment
2001545	ba	ba	ba	ba	ba	ba	ba	This glitch causes the whole system to fail.	The whole system to fail is caused by this glitch.	ba	entailment
2002662	ba	ba	ba	ba	ba	ba	ba	The clubs feature Portuguese music.	Portuguese music is featured by the clubs.	ba	entailment
2000306	ba	ba	ba	ba	ba	ba	ba	The NHH-to-HH sector includes a lot of types of mail.	A lot of types of mail is included by the NHH-to-HH sector.	ba	entailment
2002493	ba	ba	ba	ba	ba	ba	ba	The latest theory criticizes the pyramids of giza.	The pyramids of giza are criticized by the latest theory.	ba	entailment
2002358	ba	ba	ba	ba	ba	ba	ba	The museum shows French art.	French art is shown by the museum.	ba	entailment
2001240	ba	ba	ba	ba	ba	ba	ba	The OTC excludes the Governor. 	The Governor is excluded by the OTC.	ba	entailment
2000360	ba	ba	ba	ba	ba	ba	ba	The chapter shows the reporting standards.	The reporting standards are shown by the chapter.	ba	entailment
2001354	ba	ba	ba	ba	ba	ba	ba	The islets symbolize the beauty of the island.	The beauty of the island is symbolized by the islets.	ba	entailment
2002465	ba	ba	ba	ba	ba	ba	ba	The rule contains a collection requirement, that was submitted to the Office of Management and Budget under emergency procedures.	A collection requirement , that was submitted to the Office of Management and Budget under emergency procedures are contained by the rule.	ba	entailment
2001939	ba	ba	ba	ba	ba	ba	ba	The rules need no explanation.	No explanation is needed by the rules.	ba	entailment
2000435	ba	ba	ba	ba	ba	ba	ba	The Comptroller contacted the Vice President regarding the fiscal budget in 2001. 	The Vice President regarding the fiscal budget in 2001 were contacted by the Comptroller.	ba	entailment
2001554	ba	ba	ba	ba	ba	ba	ba	The dark rider fell backwards.	Backwards were fallen by the dark rider.	ba	entailment
2002056	ba	ba	ba	ba	ba	ba	ba	Each column represents a fiscal year.	A fiscal year is represented by each column.	ba	entailment
2000743	ba	ba	ba	ba	ba	ba	ba	The narrator likes Scientologists.	Scientologists are liked by the narrator.	ba	entailment
2001398	ba	ba	ba	ba	ba	ba	ba	The site shows the first payment accuracy review on Medicaid.	The first payment accuracy review on Medicaid are shown by the site.	ba	entailment
2001950	ba	ba	ba	ba	ba	ba	ba	The table shows parameters used by companies that aren't included in the policy.	Parameters used by companies that are n't included in the policy are shown by the table.	ba	entailment
2000848	ba	ba	ba	ba	ba	ba	ba	The grand ballroom features a large square dance floor.	A large square dance floor are featured by the grand ballroom.	ba	entailment
2002253	ba	ba	ba	ba	ba	ba	ba	The high court raises the price every year.	The price every year is raised by the high court.	ba	entailment
2002369	ba	ba	ba	ba	ba	ba	ba	The museum owns a large amount of Ireland's cultural artifacts.	A large amount of Ireland 's cultural artifacts is owned by the museum.	ba	entailment
2003016	ba	ba	ba	ba	ba	ba	ba	The program includes generators that have a nameplate capacity greater than 25MW. 	Generators that have a nameplate capacity greater than 25MW are included by the program.	ba	entailment
2001195	ba	ba	ba	ba	ba	ba	ba	A thousand people lined Colorado Boulevard for a once off event.	Colorado Boulevard for a once off event were lined by a thousand people.	ba	entailment
2002963	ba	ba	ba	ba	ba	ba	ba	The collection includes both paintings and sculptures.	Both paintings and sculptures are included by the collection.	ba	entailment
2002198	ba	ba	ba	ba	ba	ba	ba	The official compares the new and old data.	The new and old data are compared by the official.	ba	entailment
2000426	ba	ba	ba	ba	ba	ba	ba	The incident involved a drunken fight between two Walmart cashiers.	A drunken fight between two Walmart cashiers were involved by the incident.	ba	entailment
2001335	ba	ba	ba	ba	ba	ba	ba	The LSC funds housing programs for the poor.	Housing programs for the poor are funded by the LSC.	ba	entailment
2001129	ba	ba	ba	ba	ba	ba	ba	The earthquake damaged everything but Cimabue's works, which were left untouched.	Everything but Cimabue 's works , which were left untouched was damaged by the earthquake.	ba	entailment
2001330	ba	ba	ba	ba	ba	ba	ba	The water reached knee height. Anse stood tall in it.	Knee height . Anse stood tall in it was reached by the water.	ba	entailment
2000429	ba	ba	ba	ba	ba	ba	ba	The clouds causes the war to be postponed.	The war to be postponed is caused by the clouds.	ba	entailment
2001042	ba	ba	ba	ba	ba	ba	ba	The ceiling featured cedar wood imported from Lebanon.	Cedar wood imported from Lebanon were featured by the ceiling.	ba	entailment
2000829	ba	ba	ba	ba	ba	ba	ba	The shortest hike takes 3 hours.	3 hours are taken by the shortest hike.	ba	entailment
2002945	ba	ba	ba	ba	ba	ba	ba	The tours include a camel ride.	A camel ride are included by the tours.	ba	entailment
2002264	ba	ba	ba	ba	ba	ba	ba	The foreign man told Johnny Carson some hilarious jokes. 	Johnny Carson some hilarious jokes were told by the foreign man.	ba	entailment
2002412	ba	ba	ba	ba	ba	ba	ba	The Republicans feel their chance.	Their chance is felt by the Republicans.	ba	entailment
2002381	ba	ba	ba	ba	ba	ba	ba	The SEC received zero comments about the proposed rulemaking.	Zero comments about the proposed rulemaking were received by the SEC.	ba	entailment
2002867	ba	ba	ba	ba	ba	ba	ba	The Post reminds readers of Hillary's words.	Readers of Hillary 's words are reminded by the Post.	ba	entailment
2002914	ba	ba	ba	ba	ba	ba	ba	The research represents a very strong blow to the pesticide industry.	A very strong blow to the pesticide industry is represented by the research.	ba	entailment
2002698	ba	ba	ba	ba	ba	ba	ba	The prison housed many Christian prisoners.  	Many Christian prisoners were housed by the prison.	ba	entailment
2001704	ba	ba	ba	ba	ba	ba	ba	The ordeal takes between 30 to 50 minutes.	Between 30 to 50 minutes are taken by the ordeal.	ba	entailment
2001015	ba	ba	ba	ba	ba	ba	ba	The company got a bailout.	A bailout was gotten by the company.	ba	entailment
2000317	ba	ba	ba	ba	ba	ba	ba	The board wants certain stewardship information to receive more audit scrutiny that it would if it were RSI because it can be easily manipulated. 	Certain stewardship information to receive more audit scrutiny that it would if it were RSI because it can be easily manipulated are wanted by the board.	ba	entailment
2001019	ba	ba	ba	ba	ba	ba	ba	The Explorer shook his head.	His head was shaken by the Explorer.	ba	entailment
2002998	ba	ba	ba	ba	ba	ba	ba	The public culture shows no hint of cynicism.	No hint of cynicism is shown by the public culture.	ba	entailment
2001103	ba	ba	ba	ba	ba	ba	ba	The standards include targets for employment, growth and profit.	Targets for employment , growth and profit are included by the standards.	ba	entailment
2000105	ba	ba	ba	ba	ba	ba	ba	The rules cover registration, preparation of risk management plans and maintenance of documentation of the last year on site. 	Registration , preparation of risk management plans and maintenance of documentation of the last year on site is covered by the rules.	ba	entailment
2003103	ba	ba	ba	ba	ba	ba	ba	The man made a noise. 	A noise was made by the man.	ba	entailment
2001032	ba	ba	ba	ba	ba	ba	ba	The online Times contains a lot of Whitewater coverage. 	A lot of Whitewater coverage is contained by the online Times.	ba	entailment
2001418	ba	ba	ba	ba	ba	ba	ba	The vehicle serves a number of different routes.	A number of different routes is served by the vehicle.	ba	entailment
2001138	ba	ba	ba	ba	ba	ba	ba	The courts charge a filing fee.	A filing fee are charged by the courts.	ba	entailment
2002931	ba	ba	ba	ba	ba	ba	ba	The 1999 guidelines included the requirement of blood alcohol content testing in patients. 	The requirement of blood alcohol content testing in patients was included by the 1999 guidelines.	ba	entailment
2002935	ba	ba	ba	ba	ba	ba	ba	The graph shows the decrease in supply.	The decrease in supply is shown by the graph.	ba	entailment
2002989	ba	ba	ba	ba	ba	ba	ba	The site includes reports on highlighted innovative practices.	Reports on highlighted innovative practices are included by the site.	ba	entailment
2001473	ba	ba	ba	ba	ba	ba	ba	The GDP impacts spending rates.	Spending rates are impacted by the GDP.	ba	entailment
2003114	ba	ba	ba	ba	ba	ba	ba	The lower floor features the Stevenson exhibit.	The Stevenson exhibit are featured by the lower floor.	ba	entailment
2000464	ba	ba	ba	ba	ba	ba	ba	Some women face gender-based discrimination.	Gender-based discrimination is faced by some women.	ba	entailment
2001856	ba	ba	ba	ba	ba	ba	ba	The farmed gained no new knowledge.	No new knowledge was gained by the farmed.	ba	entailment
2002521	ba	ba	ba	ba	ba	ba	ba	The Russian government supported the idea of Polish independence.	The idea of Polish independence was supported by the Russian government.	ba	entailment
2003055	ba	ba	ba	ba	ba	ba	ba	The religious ceremony lasts one hour, while the celebration stretches into the night.	One hour , while the celebration stretches into the night is lasted by the religious ceremony.	ba	entailment
2002414	ba	ba	ba	ba	ba	ba	ba	The legal services ate top notch. 	Top notch was eaten by the legal services.	ba	entailment
2002958	ba	ba	ba	ba	ba	ba	ba	 The Balearics attract many tourists because of their friendly local people.	Many tourists because of their friendly local people are attracted by the Balearics.	ba	entailment
2000688	ba	ba	ba	ba	ba	ba	ba	The Showgirls received much publicity because of a talented marketing agency.	Much publicity because of a talented marketing agency was received by the Showgirls.	ba	entailment
2000420	ba	ba	ba	ba	ba	ba	ba	The cathedral contains only one major masterpiece of the master Cosmy Tura.  	Only one major masterpiece of the master Cosmy Tura is contained by the cathedral.	ba	entailment
2002960	ba	ba	ba	ba	ba	ba	ba	The cast includes hundreds of characters and animals.	Hundreds of characters and animals are included by the cast.	ba	entailment
2002446	ba	ba	ba	ba	ba	ba	ba	The original island boasts numerous exotic bird species.	Numerous exotic bird species are boasted by the original island.	ba	entailment
2000573	ba	ba	ba	ba	ba	ba	ba	The basement contains an array of 12 seismographs.	An array of 12 seismographs is contained by the basement.	ba	entailment
2002700	ba	ba	ba	ba	ba	ba	ba	The museum contains religious art and relics.	Religious art and relics is contained by the museum.	ba	entailment
2001692	ba	ba	ba	ba	ba	ba	ba	The lower printing costs excited many teachers in need of printing.	Excited many teachers in need of printing are cost by the lower printing.	ba	entailment
2000457	ba	ba	ba	ba	ba	ba	ba	The document contains details about how atomic weapons are made.	Details about how atomic weapons are made are contained by the document.	ba	entailment
2000447	ba	ba	ba	ba	ba	ba	ba	Each party receives equal value in return.	Equal value in return is received by each party.	ba	entailment
2001468	ba	ba	ba	ba	ba	ba	ba	The island lies west of Hong Kong.	West of Hong Kong is lied by the island.	ba	entailment
2003052	ba	ba	ba	ba	ba	ba	ba	This guide outlines the best practices to design and manufacture a product within several parameters. 	The best practices to design and manufacture a product within several parameters are outlined by this guide.	ba	entailment
2002399	ba	ba	ba	ba	ba	ba	ba	The SEC got no comments.	No comments were gotten by the SEC.	ba	entailment
2002622	ba	ba	ba	ba	ba	ba	ba	The goals include economic reform and political swiftness.	Economic reform and political swiftness is included by the goals.	ba	entailment
2000281	ba	ba	ba	ba	ba	ba	ba	The review found errors.	Errors were found by the review.	ba	entailment
2002565	ba	ba	ba	ba	ba	ba	ba	The trend shows a positive relationship.	A positive relationship is shown by the trend.	ba	entailment
2000177	ba	ba	ba	ba	ba	ba	ba	The property needs repairs.	Repairs are needed by the property.	ba	entailment
2000535	ba	ba	ba	ba	ba	ba	ba	The mountains offer no protection.	No protection is offered by the mountains.	ba	entailment
2002304	ba	ba	ba	ba	ba	ba	ba	These roles include the role of a goat, a chicken, and a congressman.	The role of a goat , a chicken , and a congressman is included by these roles.	ba	entailment
2000891	ba	ba	ba	ba	ba	ba	ba	The storm shook the windows. 	The windows were shaken by the storm.	ba	entailment
2001293	ba	ba	ba	ba	ba	ba	ba	No one remembers cybernetics.	Cybernetics are remembered by no one.	ba	entailment
2002732	ba	ba	ba	ba	ba	ba	ba	Both events caused much negative feedback.	Much negative feedback was caused by both events.	ba	entailment
2000372	ba	ba	ba	ba	ba	ba	ba	The railroad bought the majority of Stewart's ranch to build more railroad tracks.	The majority of Stewart 's ranch to build more railroad tracks was bought by the railroad.	ba	entailment
2001727	ba	ba	ba	ba	ba	ba	ba	The report shows the work the grantees are doing for clients who are poor.	The work the grantees are doing for clients who are poor is shown by the report.	ba	entailment
2002567	ba	ba	ba	ba	ba	ba	ba	The tourist carried a bag.	A bag was carried by the tourist.	ba	entailment
2000334	ba	ba	ba	ba	ba	ba	ba	The bullet misses Lana.	Lana is missed by the bullet.	ba	entailment
2002443	ba	ba	ba	ba	ba	ba	ba	The production takes a few hours.	A few hours are taken by the production.	ba	entailment
2003150	ba	ba	ba	ba	ba	ba	ba	The preamble contains a lot of relevant information.	A lot of relevant information is contained by the preamble.	ba	entailment
2001120	ba	ba	ba	ba	ba	ba	ba	A papal audience watched the king.	The king was watched by a papal audience.	ba	entailment
2000473	ba	ba	ba	ba	ba	ba	ba	Some boards maintain a staff of full time attorneys.	A staff of full time attorneys is maintained by some boards.	ba	entailment
2001721	ba	ba	ba	ba	ba	ba	ba	The program saved the environment.	The environment was saved by the program.	ba	entailment
2000789	ba	ba	ba	ba	ba	ba	ba	The tapestry offered a dull and lifeless depiction of medieval life.	A dull and lifeless depiction of medieval life was offered by the tapestry.	ba	entailment
2001167	ba	ba	ba	ba	ba	ba	ba	The path moved just a smidge.	Just a smidge was moved by the path.	ba	entailment
2001852	ba	ba	ba	ba	ba	ba	ba	Those conclusions help Clinton's advantage.	Clinton 's advantage is helped by those conclusions.	ba	entailment
2001668	ba	ba	ba	ba	ba	ba	ba	The most ornately-designed tomb houses the wife of Ramses II, Queen Nefertari. 	The wife of Ramses II , Queen Nefertari is housed by the most ornately-designed tomb.	ba	entailment
2001414	ba	ba	ba	ba	ba	ba	ba	Some leaders visited organizations that were very poor in hygiene.	Organizations that were very poor in hygiene were visited by some leaders.	ba	entailment
2002482	ba	ba	ba	ba	ba	ba	ba	Some changes require justification and approval.	Justification and approval are required by some changes.	ba	entailment
2002133	ba	ba	ba	ba	ba	ba	ba	The doors hid a television screen.	A television screen are hidden by the doors.	ba	entailment
2001566	ba	ba	ba	ba	ba	ba	ba	The incentives included a bag full of jelly beans for every agent.	A bag full of jelly beans for every agent was included by the incentives.	ba	entailment
2002344	ba	ba	ba	ba	ba	ba	ba	The chart includes some mail that can't be labeled by any of the sectors.	Some mail that ca n't be labeled by any of the sectors is included by the chart.	ba	entailment
2001258	ba	ba	ba	ba	ba	ba	ba	The doctor knew the exact location of the accompanying nurse. 	The exact location of the accompanying nurse was known by the doctor.	ba	entailment
2000543	ba	ba	ba	ba	ba	ba	ba	The postal service prepares all the mail.	All the mail is prepared by the postal service.	ba	entailment
2001185	ba	ba	ba	ba	ba	ba	ba	The protocols help the Congress in many ways.	The Congress in many ways is helped by the protocols.	ba	entailment
2002598	ba	ba	ba	ba	ba	ba	ba	The man made a boring statement that got no one's attention.	A boring statement that got no one 's attention was made by the man.	ba	entailment
2001134	ba	ba	ba	ba	ba	ba	ba	The museum offers nothing, only ruins.	Nothing , only ruins is offered by the museum.	ba	entailment
2000496	ba	ba	ba	ba	ba	ba	ba	A monument marks the spot where Joan was burned at the stake in 1432.	The spot where Joan was burned at the stake in 1432 is marked by a monument.	ba	entailment
2001715	ba	ba	ba	ba	ba	ba	ba	The commission considered two alternatives that could minimize the impact on telephones.	Two alternatives that could minimize the impact on telephones were considered by the commission.	ba	entailment
2000207	ba	ba	ba	ba	ba	ba	ba	The stops take a total of thirty seconds. 	A total of thirty seconds is taken by the stops.	ba	entailment
2002495	ba	ba	ba	ba	ba	ba	ba	The belltower survived an earthquake that destroyed most of the building.	An earthquake that destroyed most of the building was survived by the belltower.	ba	entailment
2000712	ba	ba	ba	ba	ba	ba	ba	No agencies perform risk assessments.	Risk assessments are performed by no agencies.	ba	entailment
2002620	ba	ba	ba	ba	ba	ba	ba	The Explorer took the moment to shake his head in disgust.	The moment to shake his head in disgust was taken by the Explorer.	ba	entailment
2001977	ba	ba	ba	ba	ba	ba	ba	No one reads the sports section.	The sports section are read by no one.	ba	entailment
2001484	ba	ba	ba	ba	ba	ba	ba	A lawyer retells his stories of being a telephone psychic.	His stories of being a telephone psychic are retold by a lawyer.	ba	entailment
2001970	ba	ba	ba	ba	ba	ba	ba	The church contains a mosaic floor depicting a bible story.	A mosaic floor depicting a bible story is contained by the church.	ba	entailment
2001740	ba	ba	ba	ba	ba	ba	ba	The scene shows scary creatures fighting to the death.	Scary creatures fighting to the death are shown by the scene.	ba	entailment
2000843	ba	ba	ba	ba	ba	ba	ba	The two tools received positive feedback.	Positive feedback was received by the two tools.	ba	entailment
2002340	ba	ba	ba	ba	ba	ba	ba	The gardens make a terrible place to have a tour in.	A terrible place to have a tour in is made by the gardens.	ba	entailment
2002330	ba	ba	ba	ba	ba	ba	ba	The mountain offers great skiing.	Great skiing is offered by the mountain.	ba	entailment
2002074	ba	ba	ba	ba	ba	ba	ba	The graphs show changes over time.	Changes over time are shown by the graphs.	ba	entailment
2001218	ba	ba	ba	ba	ba	ba	ba	The EPA published its final regulatory flexibility analyses summary.	Its final regulatory flexibility analyses summary were published by the EPA.	ba	entailment
2001998	ba	ba	ba	ba	ba	ba	ba	The American Dream makes a lot of money when it's in a movie.	A lot of money when it 's in a movie is made by the American Dream.	ba	entailment
2000102	ba	ba	ba	ba	ba	ba	ba	The Firm sets goals for everyone.	Goals for everyone are set by the Firm.	ba	entailment
2001590	ba	ba	ba	ba	ba	ba	ba	The historical wing houses an ancient leather cannon. 	An ancient leather cannon are housed by the historical wing.	ba	entailment
2000183	ba	ba	ba	ba	ba	ba	ba	The owner grows his own produce.	His own produce is grown by the owner.	ba	entailment
2002854	ba	ba	ba	ba	ba	ba	ba	The girl ignored their actions. 	Their actions were ignored by the girl.	ba	entailment
2000929	ba	ba	ba	ba	ba	ba	ba	The speeches continued all day.	All day was continued by the speeches.	ba	entailment
2001602	ba	ba	ba	ba	ba	ba	ba	Some people sell their kidneys.	Their kidneys are sold by some people.	ba	entailment
2000783	ba	ba	ba	ba	ba	ba	ba	The Brownings owned a palazzo previously owned by the Rezzonico family.	A palazzo previously owned by the Rezzonico family was owned by the Brownings.	ba	entailment
2000594	ba	ba	ba	ba	ba	ba	ba	The Valley gets a huge chunk of the Legal Servies budget.	A huge chunk of the Legal Servies budget is gotten by the Valley.	ba	entailment
2002713	ba	ba	ba	ba	ba	ba	ba	The peninsula contains a large amount of independent-minded cities.	A large amount of independent-minded cities is contained by the peninsula.	ba	entailment
2002984	ba	ba	ba	ba	ba	ba	ba	The man took the pack that was holding gold off of the mule.	The pack that was holding gold off of the mule was taken by the man.	ba	entailment
2000347	ba	ba	ba	ba	ba	ba	ba	The catholics wore vestments the Klu Klux Klan adored.	Vestments the Klu Klux Klan adored were worn by the catholics.	ba	entailment
2003097	ba	ba	ba	ba	ba	ba	ba	The 9 to 12 year old group discovered rock and roll.	Rock and roll were discovered by the 9 to 12 year old group.	ba	entailment
2000534	ba	ba	ba	ba	ba	ba	ba	The Commission amended the rules it could, and created new rules where appropriate.	The rules it could , and created new rules where appropriate were amended by the Commission.	ba	entailment
2002377	ba	ba	ba	ba	ba	ba	ba	The Scottish people suffered a very long time. 	A very long time was suffered by the Scottish people.	ba	entailment
2001083	ba	ba	ba	ba	ba	ba	ba	The Romans killed 10,000 people.	10,000 people were killed by the Romans.	ba	entailment
2000087	ba	ba	ba	ba	ba	ba	ba	The act involved government performance.	Government performance were involved by the act.	ba	entailment
2000143	ba	ba	ba	ba	ba	ba	ba	The Portuguese love their cod baked, broiled, stewed, seared, etc.	Their cod baked , broiled , stewed , seared , etc. is loved by the Portuguese.	ba	entailment
2002293	ba	ba	ba	ba	ba	ba	ba	The site started counting hits in December 1998.	Counting hits in December 1998 were started by the site.	ba	entailment
2002410	ba	ba	ba	ba	ba	ba	ba	The men wore flashy  yellow swimsuits.	Flashy yellow swimsuits were worn by the men.	ba	entailment
2001530	ba	ba	ba	ba	ba	ba	ba	The GAO needs prompt access to be effective.	Prompt access to be effective is needed by the GAO.	ba	entailment
2001223	ba	ba	ba	ba	ba	ba	ba	The cultural difference create vast communication barriers.	Vast communication barriers are created by the cultural difference.	ba	entailment
2001552	ba	ba	ba	ba	ba	ba	ba	The process requires a big staff in order for the owner to be protected from embezzelment.	A big staff in order for the owner to be protected from embezzelment is required by the process.	ba	entailment
2002880	ba	ba	ba	ba	ba	ba	ba	The nearest agency sells the most modest products at the best rates.	The most modest products at the best rates are sold by the nearest agency.	ba	entailment
2000077	ba	ba	ba	ba	ba	ba	ba	The building takes the form of a boat.	The form of a boat is taken by the building.	ba	entailment
2001842	ba	ba	ba	ba	ba	ba	ba	The sidebar contains at least one good reason to support Barry.	At least one good reason to support Barry is contained by the sidebar.	ba	entailment
2000294	ba	ba	ba	ba	ba	ba	ba	The Venetian includes Colorado-fed canals.	Colorado-fed canals are included by the Venetian.	ba	entailment
2001536	ba	ba	ba	ba	ba	ba	ba	A few supplies need toxicity tests.	Toxicity tests are needed by a few supplies.	ba	entailment
2001679	ba	ba	ba	ba	ba	ba	ba	The palaces exemplify a range of architectural styles.	A range of architectural styles is exemplified by the palaces.	ba	entailment
2000659	ba	ba	ba	ba	ba	ba	ba	The analysis mentions nothing about any alternatives.	Nothing about any alternatives is mentioned by the analysis.	ba	entailment
2002437	ba	ba	ba	ba	ba	ba	ba	The spectators loved the show.	The show was loved by the spectators.	ba	entailment
2001991	ba	ba	ba	ba	ba	ba	ba	The flyers advertised events.	Events were advertised by the flyers.	ba	entailment
2001962	ba	ba	ba	ba	ba	ba	ba	The Dean knows Dana Conner from working together.	Dana Conner from working together are known by the Dean.	ba	entailment
2000013	ba	ba	ba	ba	ba	ba	ba	The projections show changes in population age statistics.	Changes in population age statistics are shown by the projections.	ba	entailment
2001163	ba	ba	ba	ba	ba	ba	ba	All visitors feel the original in spirit.	The original in spirit is felt by all visitors.	ba	entailment
2001243	ba	ba	ba	ba	ba	ba	ba	The mom hates everything.	Everything is hated by the mom.	ba	entailment
2003011	ba	ba	ba	ba	ba	ba	ba	The dinosaurs attacked things.	Things were attacked by the dinosaurs.	ba	entailment
2002447	ba	ba	ba	ba	ba	ba	ba	The table shows key economic information.	Key economic information is shown by the table.	ba	entailment
2002901	ba	ba	ba	ba	ba	ba	ba	The rebels ambushed Russia in Moscow. 	Russia in Moscow was ambushed by the rebels.	ba	entailment
2000826	ba	ba	ba	ba	ba	ba	ba	The movie featured a theme involving criminal activity.  	A theme involving criminal activity was featured by the movie.	ba	entailment
2000361	ba	ba	ba	ba	ba	ba	ba	The tests used moderately-hard reconstituted water.	Moderately-hard reconstituted water was used by the tests.	ba	entailment
2002889	ba	ba	ba	ba	ba	ba	ba	An American diplomat accused Serbian police of the massacre.	Serbian police of the massacre were accused by an American diplomat.	ba	entailment
2003073	ba	ba	ba	ba	ba	ba	ba	The GAO visits the majority of commercial companies in the United States.	The majority of commercial companies in the United States is visited by the GAO.	ba	entailment
2001833	ba	ba	ba	ba	ba	ba	ba	The exhibit featured Isaac Newton. 	Isaac Newton were featured by the exhibit.	ba	entailment
2000675	ba	ba	ba	ba	ba	ba	ba	The sword needs a lot of improvements.	A lot of improvements is needed by the sword.	ba	entailment
2001770	ba	ba	ba	ba	ba	ba	ba	The Commission conducts mail classification proceedings.	Mail classification proceedings are conducted by the Commission.	ba	entailment
2002796	ba	ba	ba	ba	ba	ba	ba	The biography tells the story of an old doctor. 	The story of an old doctor is told by the biography.	ba	entailment
2003159	ba	ba	ba	ba	ba	ba	ba	The line states the word definitions. 	The word definitions are stated by the line.	ba	entailment
2001749	ba	ba	ba	ba	ba	ba	ba	The owner suggests a higher price.	A higher price is suggested by the owner.	ba	entailment
2002066	ba	ba	ba	ba	ba	ba	ba	The women wear heavy jewelry. 	Heavy jewelry is worn by the women.	ba	entailment
2001359	ba	ba	ba	ba	ba	ba	ba	The rebels defeated Russia in a day. 	Russia in a day was defeated by the rebels.	ba	entailment
2002439	ba	ba	ba	ba	ba	ba	ba	The struggle avoided the islands.	The islands were avoided by the struggle.	ba	entailment
2002262	ba	ba	ba	ba	ba	ba	ba	The German soldiers heard the rumble of American tanks coming towards them.	The rumble of American tanks coming towards them was heard by the German soldiers.	ba	entailment
2000963	ba	ba	ba	ba	ba	ba	ba	The Swords celebrated their victory.	Their victory was celebrated by the Swords.	ba	entailment
2000411	ba	ba	ba	ba	ba	ba	ba	The Korean War period saw the harbor being restored.	The harbor being restored was seen by the Korean War period.	ba	entailment
2000266	ba	ba	ba	ba	ba	ba	ba	The statute limits the power of Judges in the 9th appeals court. 	The power of Judges in the 9th appeals court is limited by the statute.	ba	entailment
2002582	ba	ba	ba	ba	ba	ba	ba	The data concerns the effects of watching TV on brain cells lost.	The effects of watching TV on brain cells lost are concerned by the data.	ba	entailment
2001789	ba	ba	ba	ba	ba	ba	ba	The man expressed indignation.	Indignation was expressed by the man.	ba	entailment
2000753	ba	ba	ba	ba	ba	ba	ba	The rule affects the determination of eligibility.	The determination of eligibility is affected by the rule.	ba	entailment
2002571	ba	ba	ba	ba	ba	ba	ba	The Model predicts the price of electricity in some areas.	The price of electricity in some areas is predicted by the Model.	ba	entailment
2000763	ba	ba	ba	ba	ba	ba	ba	The Department refused questions going against the rule.	Questions going against the rule were refused by the Department.	ba	entailment
2000552	ba	ba	ba	ba	ba	ba	ba	No one prefers rattan furniture. 	Rattan furniture are preferred by no one.	ba	entailment
2001368	ba	ba	ba	ba	ba	ba	ba	The discussions resolved the disputes.	The disputes were resolved by the discussions.	ba	entailment
2001320	ba	ba	ba	ba	ba	ba	ba	The UPPL applies 12% of patients treated in the emergency department in practice.	12 % of patients treated in the emergency department in practice is applied by the UPPL.	ba	entailment
2002820	ba	ba	ba	ba	ba	ba	ba	The interests fear the use of the internet for voting.	The use of the internet for voting is feared by the interests.	ba	entailment
2001168	ba	ba	ba	ba	ba	ba	ba	The physicals include tests of strength and speed.	Tests of strength and speed are included by the physicals.	ba	entailment
2000128	ba	ba	ba	ba	ba	ba	ba	The Minamoto defeated the Taira that controlled the region along the Inland Sea.	The Taira that controlled the region along the Inland Sea was defeated by the Minamoto.	ba	entailment
2001781	ba	ba	ba	ba	ba	ba	ba	The roof offers an amazing view.	An amazing view is offered by the roof.	ba	entailment
2000000	ba	ba	ba	ba	ba	ba	ba	The movie stars Matt Dillon and Gary Sinise.	Matt Dillon and Gary Sinise are starred by the movie.	ba	entailment
2002657	ba	ba	ba	ba	ba	ba	ba	Some people invoke credibility.	Credibility is invoked by some people.	ba	entailment
2002690	ba	ba	ba	ba	ba	ba	ba	The government appreciates efforts that protect its interest.	Efforts that protect its interest are appreciated by the government.	ba	entailment
2000808	ba	ba	ba	ba	ba	ba	ba	The practices need a customized application for each department.	A customized application for each department is needed by the practices.	ba	entailment
2000023	ba	ba	ba	ba	ba	ba	ba	The Chinese government denies the alleged intentions.	The alleged intentions are denied by the Chinese government.	ba	entailment
2001712	ba	ba	ba	ba	ba	ba	ba	Each site employs seven workers and a single manager.	Seven workers and a single manager are employed by each site.	ba	entailment
2002513	ba	ba	ba	ba	ba	ba	ba	The GPRA covers every major federal agency.	Every major federal agency is covered by the GPRA.	ba	entailment
2001087	ba	ba	ba	ba	ba	ba	ba	The painting depicts children playing with animals.	Children playing with animals are depicted by the painting.	ba	entailment
2001246	ba	ba	ba	ba	ba	ba	ba	Some ancient playwrights wrote tragedies that were never performed in the Greek Theater.	Tragedies that were never performed in the Greek Theater were written by some ancient playwrights.	ba	entailment
2002014	ba	ba	ba	ba	ba	ba	ba	These figures rise each year.	Each year is risen by these figures.	ba	entailment
2002169	ba	ba	ba	ba	ba	ba	ba	The Senator defended Bush's privacy.	Bush 's privacy was defended by the Senator.	ba	entailment
2000300	ba	ba	ba	ba	ba	ba	ba	A new provision prohibits any local program engaging in a substantial violation from being considered for an LSC grant.	Any local program engaging in a substantial violation from being considered for an LSC grant is prohibited by a new provision.	ba	entailment
2000602	ba	ba	ba	ba	ba	ba	ba	The foundation made an award to give to lawyers who do pro-bono work.	An award to give to lawyers who do pro-bono work was made by the foundation.	ba	entailment
2001215	ba	ba	ba	ba	ba	ba	ba	The shrine complex offers many different attractions, including a theater and a sumo ring.	Many different attractions , including a theater and a sumo ring are offered by the shrine complex.	ba	entailment
2001698	ba	ba	ba	ba	ba	ba	ba	The retailer sells guns and various supplies related to guns.	Guns and various supplies related to guns are sold by the retailer.	ba	entailment
2000475	ba	ba	ba	ba	ba	ba	ba	The Takayama-line train avoids the Kiso and Hida river valleys.	The Kiso and Hida river valleys are avoided by the Takayama-line train.	ba	entailment
2000099	ba	ba	ba	ba	ba	ba	ba	The French pirates carried no supplies.	No supplies were carried by the French pirates.	ba	entailment
2001170	ba	ba	ba	ba	ba	ba	ba	No  programs get LSC funding.	LSC funding are gotten by no programs.	ba	entailment
2000869	ba	ba	ba	ba	ba	ba	ba	The Italian bishops opposed the internal reform.	The internal reform was opposed by the Italian bishops.	ba	entailment
2001937	ba	ba	ba	ba	ba	ba	ba	The auditors blamed the people working in security and program management for the weaknesses found during the audit.	The people working in security and program management for the weaknesses found during the audit were blamed by the auditors.	ba	entailment
2001773	ba	ba	ba	ba	ba	ba	ba	These medical treatments include hip replacement surgery.	Hip replacement surgery are included by these medical treatments.	ba	entailment
2000074	ba	ba	ba	ba	ba	ba	ba	The table shows key economic information related to manufacturing data related to greenhouse emissions.	Key economic information related to manufacturing data related to greenhouse emissions is shown by the table.	ba	entailment
2002872	ba	ba	ba	ba	ba	ba	ba	The witnesses made an error.	An error was made by the witnesses.	ba	entailment
2002042	ba	ba	ba	ba	ba	ba	ba	The Whigs framed things like in the feudal societies. 	Things like in the feudal societies were framed by the Whigs.	ba	entailment
2002393	ba	ba	ba	ba	ba	ba	ba	The VA does a perfect job of giving care to veterans.	A perfect job of giving care to veterans is done by the VA.	ba	entailment
2000339	ba	ba	ba	ba	ba	ba	ba	The agency offers forms that can help renters get their deposits back.	Forms that can help renters get their deposits back are offered by the agency.	ba	entailment
2002459	ba	ba	ba	ba	ba	ba	ba	The public needed an understanding of the lives of the gay community.	An understanding of the lives of the gay community was needed by the public.	ba	entailment
2002785	ba	ba	ba	ba	ba	ba	ba	The 1970's saw a period of artistic preservation, where no pieces of culture were ever torn down.	A period of artistic preservation , where no pieces of culture were ever torn down was seen by the 1970 's.	ba	entailment
2001233	ba	ba	ba	ba	ba	ba	ba	These depictions show evidence of a hunter-gatherer society existing here long before we had originally thought.	Evidence of a hunter-gatherer society existing here long before we had originally thought is shown by these depictions.	ba	entailment
2000146	ba	ba	ba	ba	ba	ba	ba	All managers create goals for their agencies.	Goals for their agencies are created by all managers.	ba	entailment
2001182	ba	ba	ba	ba	ba	ba	ba	The functions suggest a lot of health problems.	A lot of health problems is suggested by the functions.	ba	entailment
2001925	ba	ba	ba	ba	ba	ba	ba	The reduction saves a bit.	A bit is saved by the reduction.	ba	entailment
2000875	ba	ba	ba	ba	ba	ba	ba	Both documents say similar statements.	Similar statements are said by both documents.	ba	entailment
2002025	ba	ba	ba	ba	ba	ba	ba	The Kramenin published a long article.	A long article was published by the Kramenin.	ba	entailment
2002706	ba	ba	ba	ba	ba	ba	ba	The EPA made no changes in the proposed rule.	No changes in the proposed rule were made by the EPA.	ba	entailment
2001759	ba	ba	ba	ba	ba	ba	ba	The workers found a lot of historical items.	A lot of historical items was found by the workers.	ba	entailment
2000253	ba	ba	ba	ba	ba	ba	ba	The Astronomer turned his gaze to stare as well.	His gaze to stare as well was turned by the Astronomer.	ba	entailment
2003075	ba	ba	ba	ba	ba	ba	ba	The museum honors the people that died while the bridges were built.	The people that died while the bridges were built are honored by the museum.	ba	entailment
2000679	ba	ba	ba	ba	ba	ba	ba	An argument took place whose proportions had not been seen since the professor returned.	Place whose proportions had not been seen since the professor returned was taken by an argument.	ba	entailment
2001994	ba	ba	ba	ba	ba	ba	ba	The cells shows a variety of biblical scenes.	A variety of biblical scenes is shown by the cells.	ba	entailment
2000697	ba	ba	ba	ba	ba	ba	ba	All leading organizations implement some form of performance management systems.	Some form of performance management systems is implemented by all leading organizations.	ba	entailment
2002303	ba	ba	ba	ba	ba	ba	ba	The nurse left the room quickly and in a professional manner.  	The room quickly and in a professional manner was left by the nurse.	ba	entailment
2001693	ba	ba	ba	ba	ba	ba	ba	The coproration removed their information security rules.	Their information security rules were removed by the coproration.	ba	entailment
2001239	ba	ba	ba	ba	ba	ba	ba	The practice needs no research.	No research is needed by the practice.	ba	entailment
2001848	ba	ba	ba	ba	ba	ba	ba	The LSC-funded programs help families in the projects. 	Families in the projects are helped by the LSC-funded programs.	ba	entailment
2001438	ba	ba	ba	ba	ba	ba	ba	The conclusion reiterates the findings of the analysis.	The findings of the analysis are reiterated by the conclusion.	ba	entailment
2002558	ba	ba	ba	ba	ba	ba	ba	The GOP receives a lot of attacks from the media.	A lot of attacks from the media is received by the GOP.	ba	entailment
2001189	ba	ba	ba	ba	ba	ba	ba	The museum shows lots of rare cars.	Lots of rare cars are shown by the museum.	ba	entailment
2001589	ba	ba	ba	ba	ba	ba	ba	The president disregarded the fine particle pollution situation.	The fine particle pollution situation were disregarded by the president.	ba	entailment
2000644	ba	ba	ba	ba	ba	ba	ba	The wife ordered an arm listed as La Berg Shilouette 12. 	An arm listed as La Berg Shilouette 12 was ordered by the wife.	ba	entailment
2002188	ba	ba	ba	ba	ba	ba	ba	The FDA approved the regulatory alternative of banning tobacco advertising.	The regulatory alternative of banning tobacco advertising was approved by the FDA.	ba	entailment
2001996	ba	ba	ba	ba	ba	ba	ba	The crusaders build gothic archwork which was later rebuilt. 	Gothic archwork which was later rebuilt is built by the crusaders.	ba	entailment
2002458	ba	ba	ba	ba	ba	ba	ba	This page contains lots of information for shoppers about what is inside our mall and what is happening in our mall.	Lots of information for shoppers about what is inside our mall and what is happening in our mall are contained by this page.	ba	entailment
2001568	ba	ba	ba	ba	ba	ba	ba	The interim final rule concerns group market provisions.	Group market provisions are concerned by the interim final rule.	ba	entailment
2000354	ba	ba	ba	ba	ba	ba	ba	The restaurant serves all meat.	All meat is served by the restaurant.	ba	entailment
2000844	ba	ba	ba	ba	ba	ba	ba	The huge museum contains a massive collection of airplane parts.	A massive collection of airplane parts is contained by the huge museum.	ba	entailment
2001018	ba	ba	ba	ba	ba	ba	ba	The palace welcomes visitors on certain days.	Visitors on certain days are welcomed by the palace.	ba	entailment
2003021	ba	ba	ba	ba	ba	ba	ba	The Aryans established a structure which included warriors, priests and commoners.	A structure which included warriors , priests and commoners was established by the Aryans.	ba	entailment
2003087	ba	ba	ba	ba	ba	ba	ba	The army received none of the goods that were sold.	None of the goods that were sold was received by the army.	ba	entailment
2002948	ba	ba	ba	ba	ba	ba	ba	The Board adopted two documents concerning the delivery of legal services in December 1996.	Two documents concerning the delivery of legal services in December 1996 were adopted by the Board.	ba	entailment
2002540	ba	ba	ba	ba	ba	ba	ba	The FDA found no significant impact issues regarding the new proposition.	No significant impact issues regarding the new proposition were found by the FDA.	ba	entailment
2000642	ba	ba	ba	ba	ba	ba	ba	The barber uses the hair to make dolls.	The hair to make dolls is used by the barber.	ba	entailment
2002173	ba	ba	ba	ba	ba	ba	ba	The performance copied performance that came before it.	Performance that came before it was copied by the performance.	ba	entailment
2002727	ba	ba	ba	ba	ba	ba	ba	The man urged his horse to ride quickly towards the hole in the sky. 	His horse to ride quickly towards the hole in the sky was urged by the man.	ba	entailment
2002644	ba	ba	ba	ba	ba	ba	ba	No one said anything.	Anything was said by no one.	ba	entailment
2000984	ba	ba	ba	ba	ba	ba	ba	This technique provides accurate results.	Accurate results are provided by this technique.	ba	entailment
2001237	ba	ba	ba	ba	ba	ba	ba	A secluded spot awaits your discovery.	Your discovery is awaited by a secluded spot.	ba	entailment
2002780	ba	ba	ba	ba	ba	ba	ba	The native Hawaiians supported the movement.	The movement was supported by the native Hawaiians.	ba	entailment
2002413	ba	ba	ba	ba	ba	ba	ba	The landscaping embodies Zen Buddhism, which was popular for the samurai.	Zen Buddhism , which was popular for the samurai are embodied by the landscaping.	ba	entailment
2001407	ba	ba	ba	ba	ba	ba	ba	The commission uses multiple kinds of analyses.	Multiple kinds of analyses are used by the commission.	ba	entailment
2000469	ba	ba	ba	ba	ba	ba	ba	The servant shut the door.	The door was shut by the servant.	ba	entailment
2002630	ba	ba	ba	ba	ba	ba	ba	No one uses the old biblical names. 	The old biblical names are used by no one.	ba	entailment
2003084	ba	ba	ba	ba	ba	ba	ba	This report includes strategies used by states.	Strategies used by states are included by this report.	ba	entailment
2002579	ba	ba	ba	ba	ba	ba	ba	The programs weaken existing financial incentives. 	Existing financial incentives are weakened by the programs.	ba	entailment
2001908	ba	ba	ba	ba	ba	ba	ba	The previous writing missed some important points.	Some important points were missed by the previous writing.	ba	entailment
2002661	ba	ba	ba	ba	ba	ba	ba	An honest company makes more money. 	More money is made by an honest company.	ba	entailment
2002130	ba	ba	ba	ba	ba	ba	ba	The program helped increase quality of life.	Increase quality of life were helped by the program.	ba	entailment
2002479	ba	ba	ba	ba	ba	ba	ba	The final report contained data.	Data were contained by the final report.	ba	entailment
2001085	ba	ba	ba	ba	ba	ba	ba	The assassin dodged the kick.	The kick was dodged by the assassin.	ba	entailment
2000521	ba	ba	ba	ba	ba	ba	ba	The Venetians built a fortress which surrounds the city center.	A fortress which surrounds the city center were built by the Venetians.	ba	entailment
2001614	ba	ba	ba	ba	ba	ba	ba	the person made friends.	Friends were made by the person.	ba	entailment
2001561	ba	ba	ba	ba	ba	ba	ba	The Chinese celebrate the young members of their society.	The young members of their society are celebrated by the Chinese.	ba	entailment
2002245	ba	ba	ba	ba	ba	ba	ba	The strongbox contains wonders untold and unimaginable.	Wonders untold and unimaginable are contained by the strongbox.	ba	entailment
2000382	ba	ba	ba	ba	ba	ba	ba	The plan involves no losses on our side. 	No losses on our side are involved by the plan.	ba	entailment
2001321	ba	ba	ba	ba	ba	ba	ba	The house needed a lot of money and time sunk into it.	A lot of money and time sunk into it was needed by the house.	ba	entailment
2001992	ba	ba	ba	ba	ba	ba	ba	The figures show the wealth distribution of the country.	The wealth distribution of the country are shown by the figures.	ba	entailment
2000838	ba	ba	ba	ba	ba	ba	ba	The information makes perfect sense.	Perfect sense is made by the information.	ba	entailment
2001174	ba	ba	ba	ba	ba	ba	ba	The exhibit shows a novelist that was good at sketching people as well.	A novelist that was good at sketching people as well is shown by the exhibit.	ba	entailment
2000506	ba	ba	ba	ba	ba	ba	ba	The data shows an i rising trend.	An i rising trend is shown by the data.	ba	entailment
2000020	ba	ba	ba	ba	ba	ba	ba	The project adopted principles.	Principles were adopted by the project.	ba	entailment
2001942	ba	ba	ba	ba	ba	ba	ba	The San Antonio center gets calls about one topic.	Calls about one topic are gotten by the San Antonio center.	ba	entailment
2000614	ba	ba	ba	ba	ba	ba	ba	The annual report includes an independent financial audit of all transactions.	An independent financial audit of all transactions is included by the annual report.	ba	entailment
2000523	ba	ba	ba	ba	ba	ba	ba	The magazine changed its methodology to reward some readers.	Its methodology to reward some readers was changed by the magazine.	ba	entailment
2002849	ba	ba	ba	ba	ba	ba	ba	The evaluators get information on a site following OTTR.	Information on a site following OTTR is gotten by the evaluators.	ba	entailment
2002607	ba	ba	ba	ba	ba	ba	ba	The conflict kept their motives hidden.	Their motives hidden were kept by the conflict.	ba	entailment
2000542	ba	ba	ba	ba	ba	ba	ba	A hurricane hindered James Edward Stuart from moving forward. 	James Edward Stuart from moving forward were hindered by a hurricane.	ba	entailment
2001352	ba	ba	ba	ba	ba	ba	ba	The Romans built Santa Barbara.	Santa Barbara were built by the Romans.	ba	entailment
2000471	ba	ba	ba	ba	ba	ba	ba	The ballot mentions nothing of slots. 	Nothing of slots is mentioned by the ballot.	ba	entailment
2003051	ba	ba	ba	ba	ba	ba	ba	A name contains a lot of information.	A lot of information is contained by a name.	ba	entailment
2000539	ba	ba	ba	ba	ba	ba	ba	Both walls depict a utopia of a good government. 	A utopia of a good government is depicted by both walls.	ba	entailment
2000607	ba	ba	ba	ba	ba	ba	ba	The social inquiry discovered conflicting information.	Conflicting information was discovered by the social inquiry.	ba	entailment
2001854	ba	ba	ba	ba	ba	ba	ba	The French families dislike the black families that live there.  	The black families that live there are disliked by the French families.	ba	entailment
2003092	ba	ba	ba	ba	ba	ba	ba	The formal gardens include fountains and sculptures.	Fountains and sculptures are included by the formal gardens.	ba	entailment
2000597	ba	ba	ba	ba	ba	ba	ba	No great religion shares any tenant.	Any tenant is shared by no great religion.	ba	entailment
2000918	ba	ba	ba	ba	ba	ba	ba	The luxor offers nothing for tourists. 	Nothing for tourists is offered by the luxor.	ba	entailment
2001761	ba	ba	ba	ba	ba	ba	ba	The U.S. received no help in financing domestic investment.	No help in financing domestic investment was received by the U.S..	ba	entailment
2002852	ba	ba	ba	ba	ba	ba	ba	This chapter describes the applications of GAGAS.	The applications of GAGAS are described by this chapter.	ba	entailment
2000374	ba	ba	ba	ba	ba	ba	ba	The measures judge everything about you.	Everything about you is judged by the measures.	ba	entailment
2003007	ba	ba	ba	ba	ba	ba	ba	The information relates the investigators of case studies.	The investigators of case studies are related by the information.	ba	entailment
2000454	ba	ba	ba	ba	ba	ba	ba	This place accepts all body types.	All body types are accepted by this place.	ba	entailment
2001419	ba	ba	ba	ba	ba	ba	ba	The group closes about two hundred cases a month.	About two hundred cases a month are closed by the group.	ba	entailment
2002427	ba	ba	ba	ba	ba	ba	ba	The website contails photos, cast biographies and ticket information.	Photos , cast biographies and ticket information are contailed by the website.	ba	entailment
2001111	ba	ba	ba	ba	ba	ba	ba	The houses show the tools they used in the 1940's.	The tools they used in the 1940 's are shown by the houses.	ba	entailment
2002334	ba	ba	ba	ba	ba	ba	ba	The denunciation presented a clear motive for why the crime might have been committed. 	A clear motive for why the crime might have been committed was presented by the denunciation.	ba	entailment
2000030	ba	ba	ba	ba	ba	ba	ba	The dialogue contains a large amount of exposition.	A large amount of exposition is contained by the dialogue.	ba	entailment
2002161	ba	ba	ba	ba	ba	ba	ba	The US produces no CO2.	No CO2 is produced by the US.	ba	entailment
2001476	ba	ba	ba	ba	ba	ba	ba	This guptas overtook the seaports and trade from Arabia. 	The seaports and trade from Arabia are overtaken by this guptas.	ba	entailment
2000274	ba	ba	ba	ba	ba	ba	ba	Some people like the route in the Lake District.	The route in the Lake District is liked by some people.	ba	entailment
2001282	ba	ba	ba	ba	ba	ba	ba	The immigrand voyages required the crossing of many miles of open seas.	The crossing of many miles of open seas was required by the immigrand voyages.	ba	entailment
2002356	ba	ba	ba	ba	ba	ba	ba	These challenges involved foreign relations and economic problems.	Foreign relations and economic problems were involved by these challenges.	ba	entailment
2001682	ba	ba	ba	ba	ba	ba	ba	The GAO keeps a database of all request letters that is available to the public.	A database of all request letters that is available to the public is kept by the GAO.	ba	entailment
2001188	ba	ba	ba	ba	ba	ba	ba	The cave paintings illustrated a man climbing up a mountain.	A man climbing up a mountain was illustrated by the cave paintings.	ba	entailment
2002371	ba	ba	ba	ba	ba	ba	ba	The civilians found the war particularly grueling.	The war particularly grueling was found by the civilians.	ba	entailment
2003077	ba	ba	ba	ba	ba	ba	ba	The reviewers spent seven months researching their findings.	Seven months researching their findings were spent by the reviewers.	ba	entailment
2003066	ba	ba	ba	ba	ba	ba	ba	The man took a deep drink. 	A deep drink was taken by the man.	ba	entailment
2001344	ba	ba	ba	ba	ba	ba	ba	A regulation codifies uniform acquisition.	Uniform acquisition is codified by a regulation.	ba	entailment
2000022	ba	ba	ba	ba	ba	ba	ba	The LSC reconfigured the Bay Area.	The Bay Area were reconfigured by the LSC.	ba	entailment
2002681	ba	ba	ba	ba	ba	ba	ba	The roads curved a lot.	A lot was curved by the roads.	ba	entailment
2002671	ba	ba	ba	ba	ba	ba	ba	The list details the various good causes, for which there are many.	The various good causes , for which there are many are detailed by the list.	ba	entailment
2001827	ba	ba	ba	ba	ba	ba	ba	The story overwhelms the symbolism.	The symbolism is overwhelmed by the story.	ba	entailment
2000503	ba	ba	ba	ba	ba	ba	ba	The northerner looked a blade he took out from his weapons belt.	A blade he took out from his weapons belt was looked by the northerner.	ba	entailment
2002472	ba	ba	ba	ba	ba	ba	ba	The grounds contain a large swimming pool and many amenities.	A large swimming pool and many amenities are contained by the grounds.	ba	entailment
2002980	ba	ba	ba	ba	ba	ba	ba	The described models require estimates for the new system.	Estimates for the new system are required by the described models.	ba	entailment
2002388	ba	ba	ba	ba	ba	ba	ba	The policy provides strong, specific criteria for the knowledge needed to support the decision to move into production.	Strong , specific criteria for the knowledge needed to support the decision to move into production are provided by the policy.	ba	entailment
2002951	ba	ba	ba	ba	ba	ba	ba	The orrery needed a lot of sun light.	A lot of sun light was needed by the orrery.	ba	entailment
2003157	ba	ba	ba	ba	ba	ba	ba	The ferry takes 45 minutes.	45 minutes are taken by the ferry.	ba	entailment
2002737	ba	ba	ba	ba	ba	ba	ba	The sidebar notes the families that have fallen out of political dynasties over time.	The families that have fallen out of political dynasties over time are noted by the sidebar.	ba	entailment
2001021	ba	ba	ba	ba	ba	ba	ba	The test uses three blood samples.	Three blood samples are used by the test.	ba	entailment
2002501	ba	ba	ba	ba	ba	ba	ba	The EPA uses the internet to distribute information on many different programs.	The internet to distribute information on many different programs is used by the EPA.	ba	entailment
2000604	ba	ba	ba	ba	ba	ba	ba	The right welcomes everyone.	Everyone is welcomed by the right.	ba	entailment
2001805	ba	ba	ba	ba	ba	ba	ba	The facade shows Christ praying in Gethsemane.	Christ praying in Gethsemane are shown by the facade.	ba	entailment
2001397	ba	ba	ba	ba	ba	ba	ba	No one attacked his idea to be a Sensitive New Age Guy.	His idea to be a Sensitive New Age Guy was attacked by no one.	ba	entailment
2000213	ba	ba	ba	ba	ba	ba	ba	The report examines the product elimination part of the acquisition process.	The product elimination part of the acquisition process are examined by the report.	ba	entailment
2001660	ba	ba	ba	ba	ba	ba	ba	The hotel features a freshwater pool and snorkeling opportunities.	A freshwater pool and snorkeling opportunities are featured by the hotel.	ba	entailment
2001028	ba	ba	ba	ba	ba	ba	ba	These reviews permit program monitoring and evaluation activities that allow the government to set more challenging targets for future performance.	Program monitoring and evaluation activities that allow the government to set more challenging targets for future performance are permitted by these reviews.	ba	entailment
2002955	ba	ba	ba	ba	ba	ba	ba	the book gives a good overview for its intended readers.	A good overview for its intended readers is given by the book.	ba	entailment
2001263	ba	ba	ba	ba	ba	ba	ba	The narrator recognises storytellers.	Storytellers are recognised by the narrator.	ba	entailment
2001172	ba	ba	ba	ba	ba	ba	ba	This amount shows the increase in terminal dues net balance.	The increase in terminal dues net balance is shown by this amount.	ba	entailment
2000561	ba	ba	ba	ba	ba	ba	ba	The Caribbean features a Visual surprise that comes naturally to it.	A Visual surprise that comes naturally to it is featured by the Caribbean.	ba	entailment
2002366	ba	ba	ba	ba	ba	ba	ba	The report found nothing irregular.	Nothing irregular were found by the report.	ba	entailment
2001885	ba	ba	ba	ba	ba	ba	ba	The traders loved marijuana.	Marijuana was loved by the traders.	ba	entailment
2002506	ba	ba	ba	ba	ba	ba	ba	The sixth laboratory reported the highest water hardness.	The highest water hardness were reported by the sixth laboratory.	ba	entailment
2001923	ba	ba	ba	ba	ba	ba	ba	Each scientist presented a different viewpoint. 	A different viewpoint was presented by each scientist.	ba	entailment
2000842	ba	ba	ba	ba	ba	ba	ba	The analysis ignores the data for all previous years.	The data for all previous years are ignored by the analysis.	ba	entailment
2001004	ba	ba	ba	ba	ba	ba	ba	The trunk held a congressman's body.	A congressman 's body was held by the trunk.	ba	entailment
2000308	ba	ba	ba	ba	ba	ba	ba	The island attracts tourist. 	Tourist is attracted by the island.	ba	entailment
2001858	ba	ba	ba	ba	ba	ba	ba	The king allowed democracy full reign, which dismayed Franco diehards. 	Democracy full reign , which dismayed Franco diehards were allowed by the king.	ba	entailment
2002941	ba	ba	ba	ba	ba	ba	ba	The manager changed the subject.	The subject was changed by the manager.	ba	entailment
2000378	ba	ba	ba	ba	ba	ba	ba	The man moved his head.	His head was moved by the man.	ba	entailment
2002283	ba	ba	ba	ba	ba	ba	ba	The Buddhists destroyed the Stupa burrial mounds.	The Stupa burrial mounds were destroyed by the Buddhists.	ba	entailment
2000016	ba	ba	ba	ba	ba	ba	ba	The inside lacked a lot of space.	A lot of space was lacked by the inside.	ba	entailment
2000961	ba	ba	ba	ba	ba	ba	ba	The land provides huge amount of food for the people.	Huge amount of food for the people is provided by the land.	ba	entailment
2002592	ba	ba	ba	ba	ba	ba	ba	The Victorians made their history sound terrifying.	Their history sound terrifying were made by the Victorians.	ba	entailment
2003054	ba	ba	ba	ba	ba	ba	ba	The agenda included multiple possible cases.	Multiple possible cases were included by the agenda.	ba	entailment
2000226	ba	ba	ba	ba	ba	ba	ba	The cook knows the answer.	The answer is known by the cook.	ba	entailment
2001362	ba	ba	ba	ba	ba	ba	ba	The participants believe today's environment affected finding members.	Today 's environment affected finding members is believed by the participants.	ba	entailment
2003136	ba	ba	ba	ba	ba	ba	ba	The pitcher tells the catcher which pitch is coming.	The catcher which pitch is coming is told by the pitcher.	ba	entailment
2001948	ba	ba	ba	ba	ba	ba	ba	The healthy and alive woman commanded love.	Love was commanded by the healthy and alive woman.	ba	entailment
2002848	ba	ba	ba	ba	ba	ba	ba	The analysis describes the regulatory options that are available to reduce the risk of an outbreak of BSE in ths US.	The regulatory options that are available to reduce the risk of an outbreak of BSE in ths US are described by the analysis.	ba	entailment
2000813	ba	ba	ba	ba	ba	ba	ba	The department carries programs providing financial assistance to low-income families. 	Programs providing financial assistance to low-income families are carried by the department.	ba	entailment
2002122	ba	ba	ba	ba	ba	ba	ba	This guide explores goals, success factors, and pointers on building finance organizations.	Goals , success factors , and pointers on building finance organizations are explored by this guide.	ba	entailment
2000798	ba	ba	ba	ba	ba	ba	ba	The Taliban attack the poppy fields in the Southern areas.	The poppy fields in the Southern areas are attacked by the Taliban.	ba	entailment
