1002296	ba	ba	ba	ba	ba	ba	ba	The fourth set gives conditions which the Service can use multi-year test periods to show that a proposed service will be compensatory over time.	The fourth set is given by conditions which the Service can use multi-year test periods to show that a proposed service will be compensatory over time.	ba	neutral
1000248	ba	ba	ba	ba	ba	ba	ba	The wing houses only secular artifacts of the region. 	The wing is housed by only secular artifacts of the region.	ba	neutral
1002274	ba	ba	ba	ba	ba	ba	ba	Some grantees gave different types of services.	Some grantees were given by different types of services.	ba	neutral
1003026	ba	ba	ba	ba	ba	ba	ba	The rooms contain multiple electronic devices and technology items.	The rooms are contained by multiple electronic devices and technology items.	ba	neutral
1002667	ba	ba	ba	ba	ba	ba	ba	The President created the Department of Homeland Security.	The President was created by the Department of Homeland Security.	ba	neutral
1002820	ba	ba	ba	ba	ba	ba	ba	The interests fear the use of the internet for voting.	The interests are feared by the use of the internet for voting.	ba	neutral
1002216	ba	ba	ba	ba	ba	ba	ba	The commission saw 21 sites that had rates for industrial countries in Asia.	The commission was seen by 21 sites that had rates for industrial countries in Asia.	ba	neutral
1002600	ba	ba	ba	ba	ba	ba	ba	The service wanted additional funds.	The service was wanted by additional funds.	ba	neutral
1000369	ba	ba	ba	ba	ba	ba	ba	The coroner knew the cause of death.	The coroner was known by the cause of death.	ba	neutral
1000371	ba	ba	ba	ba	ba	ba	ba	This decision hampered more serious discussion of the program.	This decision was hampered by more serious discussion of the program.	ba	neutral
1002822	ba	ba	ba	ba	ba	ba	ba	The final rules included some important legislation.	The final rules were included by some important legislation.	ba	neutral
1000901	ba	ba	ba	ba	ba	ba	ba	The capital introduced a new light rail system.	The capital was introduced by a new light rail system.	ba	neutral
1002697	ba	ba	ba	ba	ba	ba	ba	The employer matches the employee contributions.	The employer is matched by the employee contributions.	ba	neutral
1002264	ba	ba	ba	ba	ba	ba	ba	The foreign man told Johnny Carson some hilarious jokes. 	The foreign man was told by Johnny Carson some hilarious jokes.	ba	neutral
1002681	ba	ba	ba	ba	ba	ba	ba	The roads curved a lot.	The roads were curved by a lot.	ba	neutral
1003016	ba	ba	ba	ba	ba	ba	ba	The program includes generators that have a nameplate capacity greater than 25MW. 	The program is included by generators that have a nameplate capacity greater than 25MW.	ba	neutral
1002603	ba	ba	ba	ba	ba	ba	ba	The participants discussed the auditor's funny hair.	The participants were discussed by the auditor 's funny hair.	ba	neutral
1000916	ba	ba	ba	ba	ba	ba	ba	The work offers a very high wage.	The work is offered by a very high wage.	ba	neutral
1000564	ba	ba	ba	ba	ba	ba	ba	The coast made perfect sense. 	The coast was made by perfect sense.	ba	neutral
1001664	ba	ba	ba	ba	ba	ba	ba	The painting depicts seven people climbing a mountain for the empire.	The painting is depicted by seven people climbing a mountain for the empire.	ba	neutral
1001932	ba	ba	ba	ba	ba	ba	ba	The first figure shows the relationship between time and density.	The first figure is shown by the relationship between time and density.	ba	neutral
1000955	ba	ba	ba	ba	ba	ba	ba	The house makes a snake pen for a local family.	The house is made by a snake pen for a local family.	ba	neutral
1002349	ba	ba	ba	ba	ba	ba	ba	The Lombards invaded Italy in 568.	The Lombards was invaded by Italy in 568.	ba	neutral
1002415	ba	ba	ba	ba	ba	ba	ba	The commission calculated a rate that's between the two highest weight intervals.	The commission was calculated by a rate that 's between the two highest weight intervals.	ba	neutral
1002584	ba	ba	ba	ba	ba	ba	ba	The entire world shares the same views on sex.	The entire world is shared by the same views on sex.	ba	neutral
1000423	ba	ba	ba	ba	ba	ba	ba	The structure lacked the carved images that are found at Philae.  	The structure was lacked by the carved images that are found at Philae.	ba	neutral
1001978	ba	ba	ba	ba	ba	ba	ba	The FDA conducted a cost-benefit analysis of the final rule.	The FDA was conducted by a cost-benefit analysis of the final rule.	ba	neutral
1001488	ba	ba	ba	ba	ba	ba	ba	The chairman accused the minority party of being too hard on  molesters.	The chairman was accused by the minority party of being too hard on molesters.	ba	neutral
1002831	ba	ba	ba	ba	ba	ba	ba	The sword killed someone.	The sword was killed by someone.	ba	neutral
1002451	ba	ba	ba	ba	ba	ba	ba	The cloister features intricate stone carvings.	The cloister is featured by intricate stone carvings.	ba	neutral
1000364	ba	ba	ba	ba	ba	ba	ba	The lawyer wax extremely self righteous. 	The lawyer is waxed by extremely self righteous.	ba	neutral
1001852	ba	ba	ba	ba	ba	ba	ba	Those conclusions help Clinton's advantage.	Those conclusions are helped by Clinton 's advantage.	ba	neutral
1002701	ba	ba	ba	ba	ba	ba	ba	The GSA makes rules because of the Brooks Act.	The GSA is made by rules because of the Brooks Act.	ba	neutral
1002936	ba	ba	ba	ba	ba	ba	ba	No one needs a microwave license. 	No one is needed by a microwave license.	ba	neutral
1000157	ba	ba	ba	ba	ba	ba	ba	The computer expected some similar results.	The computer was expected by some similar results.	ba	neutral
1002289	ba	ba	ba	ba	ba	ba	ba	The lawyer handed a newspaper clipping to Jane. 	The lawyer was handed by a newspaper clipping to Jane.	ba	neutral
1000767	ba	ba	ba	ba	ba	ba	ba	The manufacturing company wrote security policies. 	The manufacturing company was written by security policies.	ba	neutral
1002389	ba	ba	ba	ba	ba	ba	ba	The one section ruined the story.	The one section was ruined by the story.	ba	neutral
1000843	ba	ba	ba	ba	ba	ba	ba	The two tools received positive feedback.	The two tools were received by positive feedback.	ba	neutral
1001331	ba	ba	ba	ba	ba	ba	ba	The crusaders took the spoils taken from there and allocated them to their kingly patrons.	The crusaders were taken by the spoils taken from there and allocated them to their kingly patrons.	ba	neutral
1000038	ba	ba	ba	ba	ba	ba	ba	The restaurants include a Chinese buffet and a steak house.	The restaurants are included by a Chinese buffet and a steak house.	ba	neutral
1000907	ba	ba	ba	ba	ba	ba	ba	The approvals represent real work schedules recorded by employees. 	The approvals are represented by real work schedules recorded by employees.	ba	neutral
1000015	ba	ba	ba	ba	ba	ba	ba	The Times printed an editorial that said the liberal media ignored a news conference that was very important.	The Times was printed by an editorial that said the liberal media ignored a news conference that was very important.	ba	neutral
1000618	ba	ba	ba	ba	ba	ba	ba	The selected initiatives showed the commitment of top leadership.	The selected initiatives were shown by the commitment of top leadership.	ba	neutral
1000736	ba	ba	ba	ba	ba	ba	ba	The French Revolution caused little concern outside of the Caribbean.	The French Revolution was caused by little concern outside of the Caribbean.	ba	neutral
1002855	ba	ba	ba	ba	ba	ba	ba	A tunnel connects Calpe to Moraira.	A tunnel is connected by Calpe to Moraira.	ba	neutral
1001598	ba	ba	ba	ba	ba	ba	ba	An American man murdered his mail-order bride.	An American man was murdered by his mail-order bride.	ba	neutral
1002637	ba	ba	ba	ba	ba	ba	ba	The book discusses negative emotions in at least twenty spots.	The book is discussed by negative emotions in at least twenty spots.	ba	neutral
1000947	ba	ba	ba	ba	ba	ba	ba	This paper restricts the amount of detailed data that can be communicated.	This paper is restricted by the amount of detailed data that can be communicated.	ba	neutral
1001079	ba	ba	ba	ba	ba	ba	ba	The ITC developed an online community that promised to be user-friendly. 	The ITC was developed by an online community that promised to be user-friendly.	ba	neutral
1003087	ba	ba	ba	ba	ba	ba	ba	The army received none of the goods that were sold.	The army was received by none of the goods that were sold.	ba	neutral
1000867	ba	ba	ba	ba	ba	ba	ba	The senate discuss important matters relating to the nation.	The senate is discussed by important matters relating to the nation.	ba	neutral
1003136	ba	ba	ba	ba	ba	ba	ba	The pitcher tells the catcher which pitch is coming.	The pitcher is told by the catcher which pitch is coming.	ba	neutral
1001473	ba	ba	ba	ba	ba	ba	ba	The GDP impacts spending rates.	The GDP is impacted by spending rates.	ba	neutral
1002135	ba	ba	ba	ba	ba	ba	ba	The spit-and-polish crowd campaigns for no school uniforms.	The spit-and-polish is crowded by campaigns for no school uniforms.	ba	neutral
1001254	ba	ba	ba	ba	ba	ba	ba	The French seacoast follows the path of the English Channel.	The French seacoast is followed by the path of the English Channel.	ba	neutral
1000937	ba	ba	ba	ba	ba	ba	ba	The allies retook Caen in the summer of 1944.	The allies are retaken by Caen in the summer of 1944.	ba	neutral
1002190	ba	ba	ba	ba	ba	ba	ba	The house looks a little bit like Buckingham Palace.	The house is looked by a little bit like Buckingham Palace.	ba	neutral
1000500	ba	ba	ba	ba	ba	ba	ba	The tidal waves caused many deaths.	The tidal waves were caused by many deaths.	ba	neutral
1000607	ba	ba	ba	ba	ba	ba	ba	The social inquiry discovered conflicting information.	The social inquiry was discovered by conflicting information.	ba	neutral
1000458	ba	ba	ba	ba	ba	ba	ba	The publications include details on Clinton's affairs.	The publications are included by details on Clinton 's affairs.	ba	neutral
1003083	ba	ba	ba	ba	ba	ba	ba	The Tudors changed many aspects of daily living.	The Tudors was changed by many aspects of daily living.	ba	neutral
1002910	ba	ba	ba	ba	ba	ba	ba	The locals enjoy the money the receive from visiting tourists, and make their stay as comfortable and agreeable as possible.	The locals are enjoyed by the money the receive from visiting tourists , and make their stay as comfortable and agreeable as possible.	ba	neutral
1000910	ba	ba	ba	ba	ba	ba	ba	The Israelites fought the Egyptians. 	The Israelites was fought by the Egyptians.	ba	neutral
1001576	ba	ba	ba	ba	ba	ba	ba	The sinner does bad things.	The sinner is done by bad things.	ba	neutral
1002887	ba	ba	ba	ba	ba	ba	ba	The system requires admin access for how the changes to the system's configuration works. 	The system is required by admin access for how the changes to the system 's configuration works.	ba	neutral
1001790	ba	ba	ba	ba	ba	ba	ba	The sudden question confused the captain.	The sudden question was confused by the captain.	ba	neutral
1001463	ba	ba	ba	ba	ba	ba	ba	The nave attracts a large crowd. 	The nave is attracted by a large crowd.	ba	neutral
1002353	ba	ba	ba	ba	ba	ba	ba	No one supports any equal rights for homosexuals.	No one is supported by any equal rights for homosexuals.	ba	neutral
1002495	ba	ba	ba	ba	ba	ba	ba	The belltower survived an earthquake that destroyed most of the building.	The belltower was survived by an earthquake that destroyed most of the building.	ba	neutral
1001302	ba	ba	ba	ba	ba	ba	ba	All employers exploit the H-2A system.	All employers are exploited by the H-2A system.	ba	neutral
1002562	ba	ba	ba	ba	ba	ba	ba	The fourth phase follows the same steps as the first phase.	The fourth phase is followed by the same steps as the first phase.	ba	neutral
1001997	ba	ba	ba	ba	ba	ba	ba	The sentence makes complete sense. 	The sentence is made by complete sense.	ba	neutral
1001883	ba	ba	ba	ba	ba	ba	ba	The cashier showed her disgust.	The cashier was shown by her disgust.	ba	neutral
1001363	ba	ba	ba	ba	ba	ba	ba	The Portuguese love ceramics and pottery items.	The Portuguese is loved by ceramics and pottery items.	ba	neutral
1001502	ba	ba	ba	ba	ba	ba	ba	The entrepot handled millions of dollars worth of exports each year.	The entrepot was handled by millions of dollars worth of exports each year.	ba	neutral
1001609	ba	ba	ba	ba	ba	ba	ba	The knife missed Dave.	The knife was missed by Dave.	ba	neutral
1002022	ba	ba	ba	ba	ba	ba	ba	The room seemed weather proof. 	The room was seemed by weather proof.	ba	neutral
1002783	ba	ba	ba	ba	ba	ba	ba	The commission identified 10 statutes that were relevant.	The commission was identified by 10 statutes that were relevant.	ba	neutral
1001850	ba	ba	ba	ba	ba	ba	ba	These schools back a good amount of projects it would seem.	These schools are backed by a good amount of projects it would seem.	ba	neutral
1000001	ba	ba	ba	ba	ba	ba	ba	The tubes held everyday people.	The tubes were held by everyday people.	ba	neutral
1002994	ba	ba	ba	ba	ba	ba	ba	The draft contains information that is of interest to many different groups of people.	The draft is contained by information that is of interest to many different groups of people.	ba	neutral
1000844	ba	ba	ba	ba	ba	ba	ba	The huge museum contains a massive collection of airplane parts.	The huge museum is contained by a massive collection of airplane parts.	ba	neutral
1001192	ba	ba	ba	ba	ba	ba	ba	The location lists the history of Scotland.	The location is listed by the history of Scotland.	ba	neutral
1003036	ba	ba	ba	ba	ba	ba	ba	The locals drink ice in hot weather.	The locals are drunk by ice in hot weather.	ba	neutral
1002335	ba	ba	ba	ba	ba	ba	ba	This arrangement involves a law that would outlaw lectures and news conferences.	This arrangement is involved by a law that would outlaw lectures and news conferences.	ba	neutral
1002014	ba	ba	ba	ba	ba	ba	ba	These figures rise each year.	These figures are risen by each year.	ba	neutral
1002573	ba	ba	ba	ba	ba	ba	ba	The Cabinet posses the Executive power.	The Cabinet is possed by the Executive power.	ba	neutral
1001627	ba	ba	ba	ba	ba	ba	ba	The Board denies its position.	The Board is denied by its position.	ba	neutral
1002572	ba	ba	ba	ba	ba	ba	ba	The river irrigates the surrounding farmlands, creating a beautiful subtropical scene.	The river is irrigated by the surrounding farmlands , creating a beautiful subtropical scene.	ba	neutral
1000689	ba	ba	ba	ba	ba	ba	ba	The cheeks bones showed his Slavonic genetics.	The cheeks bones were shown by his Slavonic genetics.	ba	neutral
1000243	ba	ba	ba	ba	ba	ba	ba	The building features much Greek influence.	The building is featured by much Greek influence.	ba	neutral
1000042	ba	ba	ba	ba	ba	ba	ba	No one asked any questions related to data processing.	No one was asked by any questions related to data processing.	ba	neutral
1001761	ba	ba	ba	ba	ba	ba	ba	The U.S. received no help in financing domestic investment.	The U.S. was received by no help in financing domestic investment.	ba	neutral
1000971	ba	ba	ba	ba	ba	ba	ba	The Mitzpe offers a panoramic view of the Dead Sea.  	The Mitzpe is offered by a panoramic view of the Dead Sea.	ba	neutral
1000935	ba	ba	ba	ba	ba	ba	ba	The outlook projected a budget deficit.	The outlook was projected by a budget deficit.	ba	neutral
1000229	ba	ba	ba	ba	ba	ba	ba	The marauders hurt people.	The marauders are hurt by people.	ba	neutral
1002218	ba	ba	ba	ba	ba	ba	ba	The cycles repeat every five years.	The cycles are repeated by every five years.	ba	neutral
1001038	ba	ba	ba	ba	ba	ba	ba	The Gallic barbarians conquered the Romans.	The Gallic barbarians were conquered by the Romans.	ba	neutral
1002136	ba	ba	ba	ba	ba	ba	ba	The film prioritizes the horrific visions of Jordan.	The film is prioritized by the horrific visions of Jordan.	ba	neutral
1002063	ba	ba	ba	ba	ba	ba	ba	The Gallic tribes defeated Julius Caesar's army.	The Gallic tribes were defeated by Julius Caesar 's army.	ba	neutral
1002945	ba	ba	ba	ba	ba	ba	ba	The tours include a camel ride.	The tours are included by a camel ride.	ba	neutral
1000846	ba	ba	ba	ba	ba	ba	ba	The employee enters a performance evaluation period where they get paid less.	The employee is entered by a performance evaluation period where they get paid less.	ba	neutral
1000055	ba	ba	ba	ba	ba	ba	ba	The punishments hurt the students.	The punishments are hurt by the students.	ba	neutral
1000366	ba	ba	ba	ba	ba	ba	ba	The Times won 2 Pulitzer Prizes in 2016,	The Times was won by 2 Pulitzer Prizes in 2016.	ba	neutral
1000925	ba	ba	ba	ba	ba	ba	ba	The Museum features a model of how the building looked before the fire.	The Museum is featured by a model of how the building looked before the fire.	ba	neutral
1001470	ba	ba	ba	ba	ba	ba	ba	The farmed used their knowledge to advance their skills.	The farmed was used by their knowledge to advance their skills.	ba	neutral
1001150	ba	ba	ba	ba	ba	ba	ba	This location makes a great picnic spot.	This location is made by a great picnic spot.	ba	neutral
1000962	ba	ba	ba	ba	ba	ba	ba	The Ridge-Schweiker administration launched JNET in 1998.	The Ridge-Schweiker administration was launched by JNET in 1998.	ba	neutral
1002109	ba	ba	ba	ba	ba	ba	ba	The empirical evidence overestimates the feasibility and utility of brief interventions.	The empirical evidence is overestimated by the feasibility and utility of brief interventions.	ba	neutral
1000600	ba	ba	ba	ba	ba	ba	ba	the federal CIO faces additional challenges such as needing to keep track of external profits.	the federal CIO is faced by additional challenges such as needing to keep track of external profits.	ba	neutral
1002524	ba	ba	ba	ba	ba	ba	ba	The design honors great Florentine power and victory.	The design is honored by great Florentine power and victory.	ba	neutral
1002893	ba	ba	ba	ba	ba	ba	ba	The simulation shows a steady GDP figure over 10 years.	The simulation is shown by a steady GDP figure over 10 years.	ba	neutral
1002394	ba	ba	ba	ba	ba	ba	ba	The followers held people hostage for weeks.	The followers were held by people hostage for weeks.	ba	neutral
1000306	ba	ba	ba	ba	ba	ba	ba	The NHH-to-HH sector includes a lot of types of mail.	The NHH-to-HH sector is included by a lot of types of mail.	ba	neutral
1002663	ba	ba	ba	ba	ba	ba	ba	No one celebrates Buddha's birthday in Japan.	No one is celebrated by Buddha 's birthday in Japan.	ba	neutral
1001028	ba	ba	ba	ba	ba	ba	ba	These reviews permit program monitoring and evaluation activities that allow the government to set more challenging targets for future performance.	These reviews are permitted by program monitoring and evaluation activities that allow the government to set more challenging targets for future performance.	ba	neutral
1000704	ba	ba	ba	ba	ba	ba	ba	The missile needed a lot of planning into it.	The missile was needed by a lot of planning into it.	ba	neutral
1002256	ba	ba	ba	ba	ba	ba	ba	This model shows risk analysis.	This model is shown by risk analysis.	ba	neutral
1002888	ba	ba	ba	ba	ba	ba	ba	The shops offer personalized merchandise.	The shops are offered by personalized merchandise.	ba	neutral
1002784	ba	ba	ba	ba	ba	ba	ba	The Republicans supported Gore's comments.	The Republicans was supported by Gore 's comments.	ba	neutral
1000876	ba	ba	ba	ba	ba	ba	ba	The purple despatch-case required a key to open. 	The purple despatch-case was required by a key to open.	ba	neutral
1000608	ba	ba	ba	ba	ba	ba	ba	Those horses look awful Kirby. 	Those horses are looked by awful Kirby.	ba	neutral
1000188	ba	ba	ba	ba	ba	ba	ba	Each packet costs approximately 20 dollars.	Each packet is cost by approximately 20 dollars.	ba	neutral
1000661	ba	ba	ba	ba	ba	ba	ba	No one likes a sarcastic jerk.	No one is liked by a sarcastic jerk.	ba	neutral
1001929	ba	ba	ba	ba	ba	ba	ba	The toxic waste causes rapid growth of dangerous algal blooms in coastal areas.	The toxic waste is caused by rapid growth of dangerous algal blooms in coastal areas.	ba	neutral
1002440	ba	ba	ba	ba	ba	ba	ba	The man wanted a cup of tea.	The man was wanted by a cup of tea.	ba	neutral
1000748	ba	ba	ba	ba	ba	ba	ba	The golden age slowed economic growth and innovation.	The golden age was slowed by economic growth and innovation.	ba	neutral
1002110	ba	ba	ba	ba	ba	ba	ba	No one knows Sather Karf's actual age.	No one is known by Sather Karf 's actual age.	ba	neutral
1002178	ba	ba	ba	ba	ba	ba	ba	The government provides a variety of services, including audit oversight. 	The government is provided by a variety of services , including audit oversight.	ba	neutral
1002237	ba	ba	ba	ba	ba	ba	ba	The Jains dominates the agriculture industry.	The Jains is dominated by the agriculture industry.	ba	neutral
1000511	ba	ba	ba	ba	ba	ba	ba	The British left no trace. 	The British was left by no trace.	ba	neutral
1001525	ba	ba	ba	ba	ba	ba	ba	The final rules affect everyone.	The final rules are affected by everyone.	ba	neutral
1002541	ba	ba	ba	ba	ba	ba	ba	The island maintains a Spanish character.	The island is maintained by a Spanish character.	ba	neutral
1002867	ba	ba	ba	ba	ba	ba	ba	The Post reminds readers of Hillary's words.	The Post is reminded by readers of Hillary 's words.	ba	neutral
1001554	ba	ba	ba	ba	ba	ba	ba	The dark rider fell backwards.	The dark rider was fallen by backwards.	ba	neutral
1002900	ba	ba	ba	ba	ba	ba	ba	The Albanians offered only light resistance.	The Albanians were offered by only light resistance.	ba	neutral
1002182	ba	ba	ba	ba	ba	ba	ba	The DART takes the pleasant scenic route along the coast.	The DART is taken by the pleasant scenic route along the coast.	ba	neutral
1001206	ba	ba	ba	ba	ba	ba	ba	The central hall contains a variety of different sarcophagus types.	The central hall is contained by a variety of different sarcophagus types.	ba	neutral
1000788	ba	ba	ba	ba	ba	ba	ba	The bizarre creatures include Godzilla and Mothra.	The bizarre creatures are included by Godzilla and Mothra.	ba	neutral
1002213	ba	ba	ba	ba	ba	ba	ba	The construction took hundreds of years.	The construction was taken by hundreds of years.	ba	neutral
1000486	ba	ba	ba	ba	ba	ba	ba	The MCCJ sponsored an elimination of the delivery system.	The MCCJ was sponsored by an elimination of the delivery system.	ba	neutral
1001086	ba	ba	ba	ba	ba	ba	ba	The Commission released the report that included a notice about Proposed rule making.	The Commission was released by the report that included a notice about Proposed rule making.	ba	neutral
1002067	ba	ba	ba	ba	ba	ba	ba	The early Hawaiians led a pleasurable life full of culture.	The early Hawaiians were led by a pleasurable life full of culture.	ba	neutral
1002169	ba	ba	ba	ba	ba	ba	ba	The Senator defended Bush's privacy.	The Senator was defended by Bush 's privacy.	ba	neutral
1000398	ba	ba	ba	ba	ba	ba	ba	The mission includes the successful delivery of any mail and to serve.	The mission is included by the successful delivery of any mail and to serve.	ba	neutral
1001677	ba	ba	ba	ba	ba	ba	ba	The postal Service achieves the performance goals.	The postal Service is achieved by the performance goals.	ba	neutral
1003071	ba	ba	ba	ba	ba	ba	ba	The volcano produced rock that is young.	The volcano was produced by rock that is young.	ba	neutral
1000506	ba	ba	ba	ba	ba	ba	ba	The data shows an i rising trend.	The data are shown by an i rising trend.	ba	neutral
1001196	ba	ba	ba	ba	ba	ba	ba	The construction took 2.5 centuries.	The construction was taken by 2.5 centuries.	ba	neutral
1003093	ba	ba	ba	ba	ba	ba	ba	These vacations involved hours lying on the beach.	These vacations were involved by hours lying on the beach.	ba	neutral
1002201	ba	ba	ba	ba	ba	ba	ba	The report explains the position of market changes and savings. 	The report is explained by the position of market changes and savings.	ba	neutral
1000631	ba	ba	ba	ba	ba	ba	ba	The two cards beat the five cards.	The two cards were beaten by the five cards.	ba	neutral
1000152	ba	ba	ba	ba	ba	ba	ba	The requirement sustains the goal of restricting LSC representation to legal aliens.	The requirement is sustained by the goal of restricting LSC representation to legal aliens.	ba	neutral
1000125	ba	ba	ba	ba	ba	ba	ba	The Serbs defy the cease-fire around the massacre site.	The Serbs is defied by the cease-fire around the massacre site.	ba	neutral
1001611	ba	ba	ba	ba	ba	ba	ba	The family enjoyed their vacations.	The family was enjoyed by their vacations.	ba	neutral
1002403	ba	ba	ba	ba	ba	ba	ba	The town overlooks the Loire river.	The town is overlooked by the Loire river.	ba	neutral
1000375	ba	ba	ba	ba	ba	ba	ba	The main column notes the lack of political dynasties taking place in the Bush, Cuomo, and Jackson families.	The main column is noted by the lack of political dynasties taking place in the Bush , Cuomo , and Jackson families.	ba	neutral
1002145	ba	ba	ba	ba	ba	ba	ba	The church combines Roman and Gothic features.	The church is combined by Roman and Gothic features.	ba	neutral
1000884	ba	ba	ba	ba	ba	ba	ba	Some people need motivation that is not monetary.	Some people are needed by motivation that is not monetary.	ba	neutral
1001817	ba	ba	ba	ba	ba	ba	ba	The youngster did a whole lot of good.	The youngster was done by a whole lot of good.	ba	neutral
1002272	ba	ba	ba	ba	ba	ba	ba	The econometric model made mail sorting more efficient.	The econometric model was made by mail sorting more efficient.	ba	neutral
1001515	ba	ba	ba	ba	ba	ba	ba	The cold chilled Jon's skin.	The cold was chilled by Jon 's skin.	ba	neutral
1000647	ba	ba	ba	ba	ba	ba	ba	The ancient code helps decipher languages. 	The ancient code is helped by decipher languages.	ba	neutral
1000109	ba	ba	ba	ba	ba	ba	ba	The people lose their eyesight.	The people are lost by their eyesight.	ba	neutral
1002297	ba	ba	ba	ba	ba	ba	ba	The exhibit contains bird species that populate the jungles of Columbia.	The exhibit is contained by bird species that populate the jungles of Columbia.	ba	neutral
1002437	ba	ba	ba	ba	ba	ba	ba	The spectators loved the show.	The spectators were loved by the show.	ba	neutral
1000442	ba	ba	ba	ba	ba	ba	ba	The deflation worked last time.	The deflation was worked by last time.	ba	neutral
1001084	ba	ba	ba	ba	ba	ba	ba	A tightly wrapped face suited the shrouded female of antiquity whose intelligence flowered publicly.	A tightly wrapped face was suited by the shrouded female of antiquity whose intelligence flowered publicly.	ba	neutral
1001097	ba	ba	ba	ba	ba	ba	ba	This model offers significant cost savings.	This model is offered by significant cost savings.	ba	neutral
1002454	ba	ba	ba	ba	ba	ba	ba	This rule imposes no mandates on the private sector.	This rule is imposed by no mandates on the private sector.	ba	neutral
1000673	ba	ba	ba	ba	ba	ba	ba	The Times printed an editorial.	The Times was printed by an editorial.	ba	neutral
1003046	ba	ba	ba	ba	ba	ba	ba	The question regarded space travel. 	The question was regarded by space travel.	ba	neutral
1002654	ba	ba	ba	ba	ba	ba	ba	The materials tinted the man.	The materials were tinted by the man.	ba	neutral
1001373	ba	ba	ba	ba	ba	ba	ba	The agency discusses the Clean Air Act in chapter 3 of the book. 	The agency is discussed by the Clean Air Act in chapter 3 of the book.	ba	neutral
1000536	ba	ba	ba	ba	ba	ba	ba	The two sides reached an agreement which ended the war.	The two sides were reached by an agreement which ended the war.	ba	neutral
1000587	ba	ba	ba	ba	ba	ba	ba	The auditorium draws 40,000 people for each concert.	The auditorium is drawn by 40,000 people for each concert.	ba	neutral
1000439	ba	ba	ba	ba	ba	ba	ba	The rowel made a whirring noise.	The rowel was made by a whirring noise.	ba	neutral
1002352	ba	ba	ba	ba	ba	ba	ba	The model highlights the kinds of thinking that agencies should not apply.	The model is highlighted by the kinds of thinking that agencies should not apply.	ba	neutral
1001915	ba	ba	ba	ba	ba	ba	ba	The management neglected the need to provide performance evaluation for the workers in recent years. 	The management was neglected by the need to provide performance evaluation for the workers in recent years.	ba	neutral
1002269	ba	ba	ba	ba	ba	ba	ba	The model highlights the kinds of thinking that a Donald Duck also had.	The model is highlighted by the kinds of thinking that a Donald Duck also had.	ba	neutral
1001665	ba	ba	ba	ba	ba	ba	ba	The collections include works produced by El Greco and Titian.	The collections are included by works produced by El Greco and Titian.	ba	neutral
1001297	ba	ba	ba	ba	ba	ba	ba	The galleries contain only traditional Scottish artworks.	The galleries are contained by only traditional Scottish artworks.	ba	neutral
1001481	ba	ba	ba	ba	ba	ba	ba	The formal lunch includes chicken and lobster.	The formal lunch is included by chicken and lobster.	ba	neutral
1002227	ba	ba	ba	ba	ba	ba	ba	The conference involved a great deal of drinking.	The conference was involved by a great deal of drinking.	ba	neutral
1002638	ba	ba	ba	ba	ba	ba	ba	Some people enjoy the humor of colonic movies.	Some people are enjoyed by the humor of colonic movies.	ba	neutral
1001622	ba	ba	ba	ba	ba	ba	ba	The regulations explain the lowest level of acceptable quality.	The regulations are explained by the lowest level of acceptable quality.	ba	neutral
1002380	ba	ba	ba	ba	ba	ba	ba	The Voth saw people running in the village.	The Voth was seen by people running in the village.	ba	neutral
1002933	ba	ba	ba	ba	ba	ba	ba	The commission saw 21 sites that had rates for industrial countries.	The commission was seen by 21 sites that had rates for industrial countries.	ba	neutral
1002648	ba	ba	ba	ba	ba	ba	ba	The general manager got a raise of a million dollars.	The general manager was gotten by a raise of a million dollars.	ba	neutral
1001035	ba	ba	ba	ba	ba	ba	ba	No one teaches outdoor activities.	No one is taught by outdoor activities.	ba	neutral
1000501	ba	ba	ba	ba	ba	ba	ba	The preamble describes less than 8 alternative considered by the FDA.	The preamble is described by less than 8 alternative considered by the FDA.	ba	neutral
1000438	ba	ba	ba	ba	ba	ba	ba	The town serves a classier clientele. 	The town is served by a classier clientele.	ba	neutral
1002966	ba	ba	ba	ba	ba	ba	ba	The pro bono programs pay their lawyers.	The pro bono programs are payed by their lawyers.	ba	neutral
1001324	ba	ba	ba	ba	ba	ba	ba	The remarkable inner sanctuary took 1000's of years to be mastered.	The remarkable inner sanctuary was taken by 1000 's of years to be mastered.	ba	neutral
1000614	ba	ba	ba	ba	ba	ba	ba	The annual report includes an independent financial audit of all transactions.	The annual report is included by an independent financial audit of all transactions.	ba	neutral
1000025	ba	ba	ba	ba	ba	ba	ba	The Showgirls received much publicity.	The Showgirls was received by much publicity.	ba	neutral
1002417	ba	ba	ba	ba	ba	ba	ba	The advertisement shows two birds.	The advertisement is shown by two birds.	ba	neutral
1000324	ba	ba	ba	ba	ba	ba	ba	This analysis considers the synergies, efficiencies, and drawbacks that have been demonstrated.	This analysis is considered by the synergies , efficiencies , and drawbacks that have been demonstrated.	ba	neutral
1000026	ba	ba	ba	ba	ba	ba	ba	The 48 mainland states prepared national inventories.	The 48 mainland states were prepared by national inventories.	ba	neutral
1000890	ba	ba	ba	ba	ba	ba	ba	A German spoke downstairs.	A German was spoken by downstairs.	ba	neutral
1001588	ba	ba	ba	ba	ba	ba	ba	The movie shows the murders.	The movie is shown by the murders.	ba	neutral
1002150	ba	ba	ba	ba	ba	ba	ba	An article describes six families' take on gardening.	An article is described by six families ' take on gardening.	ba	neutral
1001614	ba	ba	ba	ba	ba	ba	ba	the person made friends.	the person was made by friends.	ba	neutral
1002897	ba	ba	ba	ba	ba	ba	ba	A piece explores the giant empire of Martha Stewart.	A piece is explored by the giant empire of Martha Stewart.	ba	neutral
1002020	ba	ba	ba	ba	ba	ba	ba	The coverstory follows the beginning of Paul Simon's broadway musical. 	The coverstory is followed by the beginning of Paul Simon 's broadway musical.	ba	neutral
1001693	ba	ba	ba	ba	ba	ba	ba	The coproration removed their information security rules.	The coproration was removed by their information security rules.	ba	neutral
1001438	ba	ba	ba	ba	ba	ba	ba	The conclusion reiterates the findings of the analysis.	The conclusion is reiterated by the findings of the analysis.	ba	neutral
1002285	ba	ba	ba	ba	ba	ba	ba	No one owns any clothes that express their political viewpoints.	No one is owned by any clothes that express their political viewpoints.	ba	neutral
1002629	ba	ba	ba	ba	ba	ba	ba	The king accepted every one of Bindusara's requests.	The king was accepted by every one of Bindusara 's requests.	ba	neutral
1000473	ba	ba	ba	ba	ba	ba	ba	Some boards maintain a staff of full time attorneys.	Some boards are maintained by a staff of full time attorneys.	ba	neutral
1001722	ba	ba	ba	ba	ba	ba	ba	A road follows the Seti River.	A road is followed by the Seti River.	ba	neutral
1000628	ba	ba	ba	ba	ba	ba	ba	The Townies hate the popular newcomer who has displaced them in prestige at the very least.	The Townies is hated by the popular newcomer who has displaced them in prestige at the very least.	ba	neutral
1003131	ba	ba	ba	ba	ba	ba	ba	The state received a grant to set up 13 new local pro bono programs. 	The state was received by a grant to set up 13 new local pro bono programs.	ba	neutral
1002214	ba	ba	ba	ba	ba	ba	ba	The French Basques occupy southern France. 	The French Basques are occupied by southern France.	ba	neutral
1002033	ba	ba	ba	ba	ba	ba	ba	No other industries require boilermaker labor.	No other industries are required by boilermaker labor.	ba	neutral
1001101	ba	ba	ba	ba	ba	ba	ba	These tendencies allow industries like insurance and gambling. 	These tendencies are allowed by industries like insurance and gambling.	ba	neutral
1001420	ba	ba	ba	ba	ba	ba	ba	The civil war caused a lot of damage.	The civil war was caused by a lot of damage.	ba	neutral
1003088	ba	ba	ba	ba	ba	ba	ba	All legal-aid organizations develop long-term plans.	All legal-aid organizations are developed by long-term plans.	ba	neutral
1000953	ba	ba	ba	ba	ba	ba	ba	The park featured a monument that stirred no discussion.	The park was featured by a monument that stirred no discussion.	ba	neutral
1002604	ba	ba	ba	ba	ba	ba	ba	The Apple-Microsoft deal goes both ways.	The Apple-Microsoft deal is gone by both ways.	ba	neutral
1001941	ba	ba	ba	ba	ba	ba	ba	The ad recalls some elements of legal mumbo jumbo.	The ad is recalled by some elements of legal mumbo jumbo.	ba	neutral
1002038	ba	ba	ba	ba	ba	ba	ba	The recitals attract a large crowd of locals on their lunch break.	The recitals are attracted by a large crowd of locals on their lunch break.	ba	neutral
1002331	ba	ba	ba	ba	ba	ba	ba	The reggae music plays all night.	The reggae music is played by all night.	ba	neutral
1001599	ba	ba	ba	ba	ba	ba	ba	The appendix describes the model.	The appendix is described by the model.	ba	neutral
1002998	ba	ba	ba	ba	ba	ba	ba	The public culture shows no hint of cynicism.	The public culture is shown by no hint of cynicism.	ba	neutral
1001606	ba	ba	ba	ba	ba	ba	ba	A bodyguard did count.	A bodyguard was done by count.	ba	neutral
1000149	ba	ba	ba	ba	ba	ba	ba	The French fought peaceful battles. 	The French was fought by peaceful battles.	ba	neutral
1000719	ba	ba	ba	ba	ba	ba	ba	The interpretation ignores the anti intellectual precept. 	The interpretation is ignored by the anti intellectual precept.	ba	neutral
1002502	ba	ba	ba	ba	ba	ba	ba	An ordinary Englishman said something that sounded stupid.	An ordinary Englishman was said by something that sounded stupid.	ba	neutral
1001504	ba	ba	ba	ba	ba	ba	ba	The table shows a summary of the natural resources in demand.	The table is shown by a summary of the natural resources in demand.	ba	neutral
1002996	ba	ba	ba	ba	ba	ba	ba	The pro-choice groups used simple arguments.	The pro-choice groups were used by simple arguments.	ba	neutral
1002090	ba	ba	ba	ba	ba	ba	ba	The document offers preliminary guidance.	The document is offered by preliminary guidance.	ba	neutral
1002324	ba	ba	ba	ba	ba	ba	ba	The FDA expects the compliance costs of the rule to increase operating costs on an annual basis.	The FDA is expected by the compliance costs of the rule to increase operating costs on an annual basis.	ba	neutral
1000032	ba	ba	ba	ba	ba	ba	ba	The Commission received no comments concerning the proposed rule.	The Commission was received by no comments concerning the proposed rule.	ba	neutral
1000797	ba	ba	ba	ba	ba	ba	ba	The EPA made the entire text publicly available.	The EPA was made by the entire text publicly available.	ba	neutral
1001007	ba	ba	ba	ba	ba	ba	ba	The train began its trip loaded with supplies for the people.	The train was begun by its trip loaded with supplies for the people.	ba	neutral
1000410	ba	ba	ba	ba	ba	ba	ba	The Senate opposed the introduction of the immigration act.	The Senate was opposed by the introduction of the immigration act.	ba	neutral
1003146	ba	ba	ba	ba	ba	ba	ba	The LSC provides legal services.	The LSC is provided by legal services.	ba	neutral
1003023	ba	ba	ba	ba	ba	ba	ba	A technophilic person praises God for the creation of cellular communication devices. 	A technophilic person is praised by God for the creation of cellular communication devices.	ba	neutral
1001431	ba	ba	ba	ba	ba	ba	ba	The Vilamoura offers fifty vessels for hire.	The Vilamoura is offered by fifty vessels for hire.	ba	neutral
1000256	ba	ba	ba	ba	ba	ba	ba	The table shows the costs.	The table is shown by the costs.	ba	neutral
1002708	ba	ba	ba	ba	ba	ba	ba	The western rosewindow depicts the story of Job.	The western rosewindow is depicted by the story of Job.	ba	neutral
1000339	ba	ba	ba	ba	ba	ba	ba	The agency offers forms that can help renters get their deposits back.	The agency is offered by forms that can help renters get their deposits back.	ba	neutral
1002029	ba	ba	ba	ba	ba	ba	ba	The demons cast shadows that flicker in the night.	The demons were cast by shadows that flicker in the night.	ba	neutral
1001240	ba	ba	ba	ba	ba	ba	ba	The OTC excludes the Governor. 	The OTC is excluded by the Governor.	ba	neutral
1000898	ba	ba	ba	ba	ba	ba	ba	The war destroyed everything.	The war was destroyed by everything.	ba	neutral
1002798	ba	ba	ba	ba	ba	ba	ba	The SEC estimated annual costs.	The SEC was estimated by annual costs.	ba	neutral
1002616	ba	ba	ba	ba	ba	ba	ba	That boy needs his work to be edited.	That boy is needed by his work to be edited.	ba	neutral
1002531	ba	ba	ba	ba	ba	ba	ba	The bazaar sells sandals and belts.	The bazaar is sold by sandals and belts.	ba	neutral
1000870	ba	ba	ba	ba	ba	ba	ba	The boy kept his arms frozen at his side.	The boy was kept by his arms frozen at his side.	ba	neutral
1002323	ba	ba	ba	ba	ba	ba	ba	The three crazy teenagers entered the house.	The three crazy teenagers were entered by the house.	ba	neutral
1001704	ba	ba	ba	ba	ba	ba	ba	The ordeal takes between 30 to 50 minutes.	The ordeal is taken by between 30 to 50 minutes.	ba	neutral
1001014	ba	ba	ba	ba	ba	ba	ba	No one expected the kid to have it in him.	No one was expected by the kid to have it in him.	ba	neutral
1000676	ba	ba	ba	ba	ba	ba	ba	A pousada serves wonderful sandwiches.	A pousada is served by wonderful sandwiches.	ba	neutral
1001000	ba	ba	ba	ba	ba	ba	ba	The home became an art museum.	The home was become by an art museum.	ba	neutral
1001348	ba	ba	ba	ba	ba	ba	ba	The Crawfords own the bed and breakfast as well as three others.	The Crawfords is owned by the bed and breakfast as well as three others.	ba	neutral
1001418	ba	ba	ba	ba	ba	ba	ba	The vehicle serves a number of different routes.	The vehicle is served by a number of different routes.	ba	neutral
1003061	ba	ba	ba	ba	ba	ba	ba	The report sought the services of Catherine Oxenberg.	The report was sought by the services of Catherine Oxenberg.	ba	neutral
1001770	ba	ba	ba	ba	ba	ba	ba	The Commission conducts mail classification proceedings.	The Commission is conducted by mail classification proceedings.	ba	neutral
1001678	ba	ba	ba	ba	ba	ba	ba	The man made so many stupid and foolish choices.	The man was made by so many stupid and foolish choices.	ba	neutral
1001144	ba	ba	ba	ba	ba	ba	ba	This image provides a messed up view of evolution.	This image is provided by a messed up view of evolution.	ba	neutral
1002657	ba	ba	ba	ba	ba	ba	ba	Some people invoke credibility.	Some people are invoked by credibility.	ba	neutral
1001467	ba	ba	ba	ba	ba	ba	ba	The senior auditors do the designing of the audit. 	The senior auditors are done by the designing of the audit.	ba	neutral
1002263	ba	ba	ba	ba	ba	ba	ba	The man held a war club. 	The man was held by a war club.	ba	neutral
1001901	ba	ba	ba	ba	ba	ba	ba	The edit changed the paper a lot.	The edit was changed by the paper a lot.	ba	neutral
1002760	ba	ba	ba	ba	ba	ba	ba	This museum celebrates the diversity of artists of color.	This museum is celebrated by the diversity of artists of color.	ba	neutral
1002849	ba	ba	ba	ba	ba	ba	ba	The evaluators get information on a site following OTTR.	The evaluators are gotten by information on a site following OTTR.	ba	neutral
1000146	ba	ba	ba	ba	ba	ba	ba	All managers create goals for their agencies.	All managers are created by goals for their agencies.	ba	neutral
1000124	ba	ba	ba	ba	ba	ba	ba	The general public like the press.	The general public is liked by the press.	ba	neutral
1002525	ba	ba	ba	ba	ba	ba	ba	The French claimed the north part of Saint Martin.	The French was claimed by the north part of Saint Martin.	ba	neutral
1002275	ba	ba	ba	ba	ba	ba	ba	The authors wrote good books.	The authors were written by good books.	ba	neutral
1000519	ba	ba	ba	ba	ba	ba	ba	The hotel requires more than one hundred occupants each night to cover expenses.	The hotel is required by more than one hundred occupants each night to cover expenses.	ba	neutral
1000999	ba	ba	ba	ba	ba	ba	ba	The investment returns a good interest rate.	The investment is returned by a good interest rate.	ba	neutral
1001341	ba	ba	ba	ba	ba	ba	ba	A loud sound frightened the horses. 	A loud sound was frightened by the horses.	ba	neutral
1001742	ba	ba	ba	ba	ba	ba	ba	An expensive manufacturing creates an affordable product.	An expensive manufacturing is created by an affordable product.	ba	neutral
1002860	ba	ba	ba	ba	ba	ba	ba	Some popular non-postal services include passenger service.	Some popular non-postal services are included by passenger service.	ba	neutral
1003031	ba	ba	ba	ba	ba	ba	ba	The ride lasts approximately 22 minutes.	The ride is lasted by approximately 22 minutes.	ba	neutral
1001621	ba	ba	ba	ba	ba	ba	ba	The report shows ways in which these states have strengthened their equal justice systems.	The report is shown by ways in which these states have strengthened their equal justice systems.	ba	neutral
1002544	ba	ba	ba	ba	ba	ba	ba	The Portuguese realized a 1000% return on this investment.	The Portuguese was realized by a 1000 % return on this investment.	ba	neutral
1001518	ba	ba	ba	ba	ba	ba	ba	The EPA sponsored the most comment rules in 2009.	The EPA was sponsored by the most comment rules in 2009.	ba	neutral
1001889	ba	ba	ba	ba	ba	ba	ba	A man named Jacob. 	A man was named by Jacob.	ba	neutral
1000074	ba	ba	ba	ba	ba	ba	ba	The table shows key economic information related to manufacturing data related to greenhouse emissions.	The table is shown by key economic information related to manufacturing data related to greenhouse emissions.	ba	neutral
1002650	ba	ba	ba	ba	ba	ba	ba	The pillar supports a single bridge and balcony.	The pillar is supported by a single bridge and balcony.	ba	neutral
1001092	ba	ba	ba	ba	ba	ba	ba	The computer simulated long-term performance of the stocks.	The computer is simulated by long-term performance of the stocks.	ba	neutral
1001356	ba	ba	ba	ba	ba	ba	ba	The numbers offer an explanation for the Noe deaths that is not suspicious.	The numbers are offered by an explanation for the Noe deaths that is not suspicious.	ba	neutral
1000548	ba	ba	ba	ba	ba	ba	ba	The HHS allow electric comments in all their rules.	The HHS is allowed by electric comments in all their rules.	ba	neutral
1000230	ba	ba	ba	ba	ba	ba	ba	The third section covers welfare and education programs.	The third section is covered by welfare and education programs.	ba	neutral
1000447	ba	ba	ba	ba	ba	ba	ba	Each party receives equal value in return.	Each party is received by equal value in return.	ba	neutral
1000566	ba	ba	ba	ba	ba	ba	ba	The report cites China's intentions to encourage civil liberties in Hong Kong. 	The report is cited by China 's intentions to encourage civil liberties in Hong Kong.	ba	neutral
1000272	ba	ba	ba	ba	ba	ba	ba	The preamble includes seven alternative as well as three things that must be done. 	The preamble is included by seven alternative as well as three things that must be done.	ba	neutral
1002941	ba	ba	ba	ba	ba	ba	ba	The manager changed the subject.	The manager was changed by the subject.	ba	neutral
1001330	ba	ba	ba	ba	ba	ba	ba	The water reached knee height. Anse stood tall in it.	The water was reached by knee height . Anse stood tall in it.	ba	neutral
1001039	ba	ba	ba	ba	ba	ba	ba	Some people practice both religions.	Some people are practiced by both religions.	ba	neutral
1001136	ba	ba	ba	ba	ba	ba	ba	The granary contains a seal of a tiger.	The granary is contained by a seal of a tiger.	ba	neutral
1003100	ba	ba	ba	ba	ba	ba	ba	The competition includes foreign owners and horses.	The competition is included by foreign owners and horses.	ba	neutral
1001870	ba	ba	ba	ba	ba	ba	ba	The Coroner finished his questioning of Mr. Mace, the pharmacist's assistant. 	The Coroner was finished by his questioning of Mr. Mace , the pharmacist 's assistant.	ba	neutral
1002747	ba	ba	ba	ba	ba	ba	ba	A piece gives a description of Manhattan's real-estate owners.	A piece is given by a description of Manhattan 's real-estate owners.	ba	neutral
1000466	ba	ba	ba	ba	ba	ba	ba	Each individual prefers a different model intake system.	Each individual is preferred by a different model intake system.	ba	neutral
1002807	ba	ba	ba	ba	ba	ba	ba	The redness left his face. 	The redness was left by his face.	ba	neutral
1000640	ba	ba	ba	ba	ba	ba	ba	The NIST issued numerous Federal Information Processing Standards.	The NIST was issued by numerous Federal Information Processing Standards.	ba	neutral
1000405	ba	ba	ba	ba	ba	ba	ba	The company welcomed the feelings Mr. Inglethorpe brought with him. 	The company was welcomed by the feelings Mr. Inglethorpe brought with him.	ba	neutral
1000412	ba	ba	ba	ba	ba	ba	ba	The model shows price inequality relationships.	The model is shown by price inequality relationships.	ba	neutral
1002375	ba	ba	ba	ba	ba	ba	ba	The NIPA prints new money.	The NIPA is printed by new money.	ba	neutral
1000432	ba	ba	ba	ba	ba	ba	ba	The bottles contained their own vital fluids.	The bottles were contained by their own vital fluids.	ba	neutral
1002093	ba	ba	ba	ba	ba	ba	ba	The fights draw huge numbers of people.	The fights are drawn by huge numbers of people.	ba	neutral
1003137	ba	ba	ba	ba	ba	ba	ba	The Free French forces supported the British and Canadians in their attack.	The Free French forces were supported by the British and Canadians in their attack.	ba	neutral
1000956	ba	ba	ba	ba	ba	ba	ba	The poll showed the majority of people agreed with the statement.	The poll was shown by the majority of people agreed with the statement.	ba	neutral
1001825	ba	ba	ba	ba	ba	ba	ba	The Asian American experience sees fewer Asian people moving in.	The Asian American experience is seen by fewer Asian people moving in.	ba	neutral
1002396	ba	ba	ba	ba	ba	ba	ba	The Indians copied Persia's currency system. 	The Indians was copied by Persia 's currency system.	ba	neutral
1001795	ba	ba	ba	ba	ba	ba	ba	No pundits believed her presence to be tacky.	No pundits were believed by her presence to be tacky.	ba	neutral
1002691	ba	ba	ba	ba	ba	ba	ba	The boy stands no chance of defeating any criminals. 	The boy is stood by no chance of defeating any criminals.	ba	neutral
1002420	ba	ba	ba	ba	ba	ba	ba	The page features a history of Beijing, music and a forum. 	The page is featured by a history of Beijing , music and a forum.	ba	neutral
1002305	ba	ba	ba	ba	ba	ba	ba	A study shows major difference between similar public and private organizations.	A study is shown by major difference between similar public and private organizations.	ba	neutral
1000565	ba	ba	ba	ba	ba	ba	ba	The story detailed the successes.	The story was detailed by the successes.	ba	neutral
1000041	ba	ba	ba	ba	ba	ba	ba	This rule changes prior rulings regarding retaining fund balances. 	This rule is changed by prior rulings regarding retaining fund balances.	ba	neutral
1002587	ba	ba	ba	ba	ba	ba	ba	The larger rooms cost much more money.	The larger rooms were cost by much more money.	ba	neutral
1001327	ba	ba	ba	ba	ba	ba	ba	The earthquake killed 1,000 people. 	The earthquake was killed by 1,000 people.	ba	neutral
1002208	ba	ba	ba	ba	ba	ba	ba	The dagger missed everything.	The dagger was missed by everything.	ba	neutral
1001358	ba	ba	ba	ba	ba	ba	ba	The judge demanded immediate silence.	The judge was demanded by immediate silence.	ba	neutral
1000710	ba	ba	ba	ba	ba	ba	ba	The landscaping includes wild flowers, trees, and a small pond.	The landscaping is included by wild flowers , trees , and a small pond.	ba	neutral
1002371	ba	ba	ba	ba	ba	ba	ba	The civilians found the war particularly grueling.	The civilians were found by the war particularly grueling.	ba	neutral
1001152	ba	ba	ba	ba	ba	ba	ba	The Committee launched the initiative.	The Committee was launched by the initiative.	ba	neutral
1000433	ba	ba	ba	ba	ba	ba	ba	The national park contains many types of fish and coral.	The national park is contained by many types of fish and coral.	ba	neutral
1002478	ba	ba	ba	ba	ba	ba	ba	The two presidential candidates concluded their runs.	The two presidential candidates were concluded by their runs.	ba	neutral
1002103	ba	ba	ba	ba	ba	ba	ba	The man loved coffee.	The man was loved by coffee.	ba	neutral
1003010	ba	ba	ba	ba	ba	ba	ba	The CIO uses different ways of showing his appreciation.	The CIO is used by different ways of showing his appreciation.	ba	neutral
1000356	ba	ba	ba	ba	ba	ba	ba	Every Turkish restaurant serves only one meal.	Every Turkish restaurant is served by only one meal.	ba	neutral
1000391	ba	ba	ba	ba	ba	ba	ba	The Old One made noise.	The Old One was made by noise.	ba	neutral
1002734	ba	ba	ba	ba	ba	ba	ba	The palaces show the town's history.	The palaces are shown by the town 's history.	ba	neutral
1000845	ba	ba	ba	ba	ba	ba	ba	This guide provides a framework to evaluate used vehicles and apartment complexes.	This guide is provided by a framework to evaluate used vehicles and apartment complexes.	ba	neutral
1003102	ba	ba	ba	ba	ba	ba	ba	The woman spoke loudly.	The woman was spoken by loudly.	ba	neutral
1002732	ba	ba	ba	ba	ba	ba	ba	Both events caused much negative feedback.	Both events were caused by much negative feedback.	ba	neutral
1002130	ba	ba	ba	ba	ba	ba	ba	The program helped increase quality of life.	The program was helped by increase quality of life.	ba	neutral
1002498	ba	ba	ba	ba	ba	ba	ba	The study describes a big case of CB.	The study is described by a big case of CB.	ba	neutral
1002225	ba	ba	ba	ba	ba	ba	ba	The building bears many names, including Mitterrand.	The building is borne by many names , including Mitterrand.	ba	neutral
1002118	ba	ba	ba	ba	ba	ba	ba	The rear wall contains an fountain and a waterfall.	The rear wall is contained by an fountain and a waterfall.	ba	neutral
1000615	ba	ba	ba	ba	ba	ba	ba	A man wrote the paper.	A man was written by the paper.	ba	neutral
1003113	ba	ba	ba	ba	ba	ba	ba	A recent article encouraged Noam Chomsky's theory.	A recent article was encouraged by Noam Chomsky 's theory.	ba	neutral
1003060	ba	ba	ba	ba	ba	ba	ba	The bear escaped the trap.	The bear was escapped by the trap.	ba	neutral
1002937	ba	ba	ba	ba	ba	ba	ba	This law prevents many accidents and injuries. 	This law is prevented by many accidents and injuries.	ba	neutral
1002160	ba	ba	ba	ba	ba	ba	ba	The Trinfans know everything about horses.	The Trinfans is known by everything about horses.	ba	neutral
1001999	ba	ba	ba	ba	ba	ba	ba	The masks include ones shaped like animals.	The masks are included by ones shaped like animals.	ba	neutral
1000096	ba	ba	ba	ba	ba	ba	ba	The figure depicts GAO's capital from 1989 to 2000.	The figure is depicted by GAO 's capital from 1989 to 2000.	ba	neutral
1002125	ba	ba	ba	ba	ba	ba	ba	The son surpassed his father.	The son was surpassed by his father.	ba	neutral
1000740	ba	ba	ba	ba	ba	ba	ba	The followers held people hostage.	The followers were held by people hostage.	ba	neutral
1002808	ba	ba	ba	ba	ba	ba	ba	The federal agencies face many issues.	The federal agencies are faced by many issues.	ba	neutral
1000113	ba	ba	ba	ba	ba	ba	ba	No other homes match the luxurity or elite status of these homes.	No other homes are matched by the luxurity or elite status of these homes.	ba	neutral
1002672	ba	ba	ba	ba	ba	ba	ba	That series discusses several challenges that won't be easily overcome. 	That series is discussed by several challenges that wo n't be easily overcome.	ba	neutral
1002535	ba	ba	ba	ba	ba	ba	ba	The text describes a movie scene.	The text is described by a movie scene.	ba	neutral
1003115	ba	ba	ba	ba	ba	ba	ba	The limitation questions the validity of statutes under the Constitution. 	The limitation is questioned by the validity of statutes under the Constitution.	ba	neutral
1001807	ba	ba	ba	ba	ba	ba	ba	A larger heart maintains the cold.	A larger heart is maintained by the cold.	ba	neutral
1002482	ba	ba	ba	ba	ba	ba	ba	Some changes require justification and approval.	Some changes are required by justification and approval.	ba	neutral
1002107	ba	ba	ba	ba	ba	ba	ba	The big man reloaded his weapon.	The big man was reloaded by his weapon.	ba	neutral
1000961	ba	ba	ba	ba	ba	ba	ba	The land provides huge amount of food for the people.	The land is provided by huge amount of food for the people.	ba	neutral
1000365	ba	ba	ba	ba	ba	ba	ba	The commission found a long factual record. 	The commission was found by a long factual record.	ba	neutral
1001743	ba	ba	ba	ba	ba	ba	ba	The discount changes each week.	The discount is changed by each week.	ba	neutral
1000756	ba	ba	ba	ba	ba	ba	ba	This strip remains the epicenter of hip Hollywood counterculture.	This strip is remained by the epicenter of hip Hollywood counterculture.	ba	neutral
1001903	ba	ba	ba	ba	ba	ba	ba	The old towns offer beautiful jewelry.	The old towns are offered by beautiful jewelry.	ba	neutral
1000606	ba	ba	ba	ba	ba	ba	ba	Some people face moral issues.	Some people are faced by moral issues.	ba	neutral
1001476	ba	ba	ba	ba	ba	ba	ba	This guptas overtook the seaports and trade from Arabia. 	This guptas are overtaken by the seaports and trade from Arabia.	ba	neutral
1002122	ba	ba	ba	ba	ba	ba	ba	This guide explores goals, success factors, and pointers on building finance organizations.	This guide is explored by goals , success factors , and pointers on building finance organizations.	ba	neutral
1001830	ba	ba	ba	ba	ba	ba	ba	The Jocks exploit the Wannabes. 	The Jocks is exploited by the Wannabes.	ba	neutral
1002698	ba	ba	ba	ba	ba	ba	ba	The prison housed many Christian prisoners.  	The prison was housed by many Christian prisoners.	ba	neutral
1000116	ba	ba	ba	ba	ba	ba	ba	The WJC promotes investigative reporting for the GOP.	The WJC is promoted by investigative reporting for the GOP.	ba	neutral
1000626	ba	ba	ba	ba	ba	ba	ba	The chart used specific monthly rates.	The chart was used by specific monthly rates.	ba	neutral
1000523	ba	ba	ba	ba	ba	ba	ba	The magazine changed its methodology to reward some readers.	The magazine was changed by its methodology to reward some readers.	ba	neutral
1001766	ba	ba	ba	ba	ba	ba	ba	The political debate discusses the long-term payoff.	The political debate is discussed by the long-term payoff.	ba	neutral
1002710	ba	ba	ba	ba	ba	ba	ba	This plantation grows only exotic vegetables and trees.	This plantation is grown by only exotic vegetables and trees.	ba	neutral
1000233	ba	ba	ba	ba	ba	ba	ba	A crook called my phone?	A crook was called by my phone.	ba	neutral
1000111	ba	ba	ba	ba	ba	ba	ba	The sculpture emphasizes Surya's life as king.  	The sculpture is emphasized by Surya 's life as king.	ba	neutral
1000160	ba	ba	ba	ba	ba	ba	ba	The sunlight provides a natural light show. 	The sunlight is provided by a natural light show.	ba	neutral
1002909	ba	ba	ba	ba	ba	ba	ba	Each function uses separate technology and methods.	Each function is used by separate technology and methods.	ba	neutral
1001369	ba	ba	ba	ba	ba	ba	ba	The chalet houses a popular local restaurant.	The chalet is housed by a popular local restaurant.	ba	neutral
1000611	ba	ba	ba	ba	ba	ba	ba	The company earns many billions of dollars from mail.	The company is earned by many billions of dollars from mail.	ba	neutral
1002817	ba	ba	ba	ba	ba	ba	ba	All agencies recommend a follow-up.	All agencies are recommended by a follow-up.	ba	neutral
1000211	ba	ba	ba	ba	ba	ba	ba	The Government made certain compromises which were eagerly accepted by the masses.	The Government was made by certain compromises which were eagerly accepted by the masses.	ba	neutral
1001454	ba	ba	ba	ba	ba	ba	ba	The administrators held the power to delete feudal lords' accounts.	The administrators were held by the power to delete feudal lords ' accounts.	ba	neutral
1002972	ba	ba	ba	ba	ba	ba	ba	The fingertip covered a large amount of space.	The fingertip was covered by a large amount of space.	ba	neutral
1002332	ba	ba	ba	ba	ba	ba	ba	The church attracts thousands of tourists every year to view its detailed architecture. 	The church is attracted by thousands of tourists every year to view its detailed architecture.	ba	neutral
1001859	ba	ba	ba	ba	ba	ba	ba	The people knew your name.	The people were known by your name.	ba	neutral
1000064	ba	ba	ba	ba	ba	ba	ba	All religions share the same Sabbath and religious holidays.	All religions are shared by the same Sabbath and religious holidays.	ba	neutral
1000977	ba	ba	ba	ba	ba	ba	ba	The Byzantine army lacked the power to enlist men.	The Byzantine army was lacked by the power to enlist men.	ba	neutral
1000138	ba	ba	ba	ba	ba	ba	ba	The last flood ruined all the cables.	The last flood was ruined by all the cables.	ba	neutral
1002917	ba	ba	ba	ba	ba	ba	ba	All websites pay every client.	All websites are payed by every client.	ba	neutral
1000674	ba	ba	ba	ba	ba	ba	ba	This rule protects the rights of those utilizing hearing aids.	This rule is protected by the rights of those utilizing hearing aids.	ba	neutral
1002463	ba	ba	ba	ba	ba	ba	ba	The first conference experienced a record high attendance.	The first conference was experienced by a record high attendance.	ba	neutral
1000011	ba	ba	ba	ba	ba	ba	ba	The Israeli press honored the agency's request not to expose its workings.	The Israeli press is honored by the agency 's request not to expose its workings.	ba	neutral
1002026	ba	ba	ba	ba	ba	ba	ba	The richest families hire nurses and nannies.	The richest families are hired by nurses and nannies.	ba	neutral
1002866	ba	ba	ba	ba	ba	ba	ba	The above list contains a large number of laws.	The above list is contained by a large number of laws.	ba	neutral
1002801	ba	ba	ba	ba	ba	ba	ba	The town needs protection.	The town is needed by protection.	ba	neutral
1002914	ba	ba	ba	ba	ba	ba	ba	The research represents a very strong blow to the pesticide industry.	The research is represented by a very strong blow to the pesticide industry.	ba	neutral
1002674	ba	ba	ba	ba	ba	ba	ba	The doctor gave a good explanation.  	The doctor was given by a good explanation.	ba	neutral
1002565	ba	ba	ba	ba	ba	ba	ba	The trend shows a positive relationship.	The trend is shown by a positive relationship.	ba	neutral
1000121	ba	ba	ba	ba	ba	ba	ba	The MCCJ sponsored an evaluation of the delivery system.	The MCCJ was sponsored by an evaluation of the delivery system.	ba	neutral
1002298	ba	ba	ba	ba	ba	ba	ba	The tour shows the honours.	The tour is shown by the honours.	ba	neutral
1002971	ba	ba	ba	ba	ba	ba	ba	The commission calculated a rate that's between the her than the highest weight interval.	The commission was calculated by a rate that 's between the her than the highest weight interval.	ba	neutral
1001520	ba	ba	ba	ba	ba	ba	ba	The woman printed a form.	The woman was printed by a form.	ba	neutral
1000206	ba	ba	ba	ba	ba	ba	ba	The two combined creates a comprehensive picture.	The two combined are created by a comprehensive picture.	ba	neutral
1000175	ba	ba	ba	ba	ba	ba	ba	The Department expressed the wish to not be bothered by comments from interested parties.	The Department was expressed by the wish to not be bothered by comments from interested parties.	ba	neutral
1001636	ba	ba	ba	ba	ba	ba	ba	The private sector fulfills a critical role.	The private sector is fulfilled by a critical role.	ba	neutral
1000435	ba	ba	ba	ba	ba	ba	ba	The Comptroller contacted the Vice President regarding the fiscal budget in 2001. 	The Comptroller was contacted by the Vice President regarding the fiscal budget in 2001.	ba	neutral
1000384	ba	ba	ba	ba	ba	ba	ba	This approach requires 16 months.  	This approach is required by 16 months.	ba	neutral
1002438	ba	ba	ba	ba	ba	ba	ba	The final rule helps effectiveness in the long term.	The final rule is helped by effectiveness in the long term.	ba	neutral
1001757	ba	ba	ba	ba	ba	ba	ba	The parcel costs 12 dollars.	The parcel is cost by 12 dollars.	ba	neutral
